start,node,c,access,out_degree,dist_from_start,auth_fail_rate,remote_ratio,contribution_pct,rtt_cost_A_ms,rtt_cost_B_ms,rtt_cost_C_ms
0,0,179,262,11,0,0.0,0.3092,4.343605920892987,6981.0,13067.0,24881.0
0,4,35,69,38,1,0.0,0.4783,0.8493084202863382,1365.0,2555.0,4865.0
0,edge_0_2,34,0,0,-1,0.0,0.0,0.8250424654210143,1326.0,2482.0,4726.0
0,2,32,66,10,1,0.0,0.5,0.7765105556903664,1248.0,2336.0,4448.0
0,9,31,64,32,1,0.0,0.4844,0.7522446008250425,1209.0,2263.0,4309.0
0,10,30,58,25,1,0.0,0.4828,0.7279786459597185,1170.0,2190.0,4170.0
0,3,30,60,10,1,0.0,0.5,0.7279786459597185,1170.0,2190.0,4170.0
0,edge_0_1,30,0,0,-1,0.0,0.0,0.7279786459597185,1170.0,2190.0,4170.0
0,369684,25,50,7,1,0.0,0.5,0.6066488716330988,975.0,1825.0,3475.0
0,6,23,45,29,1,0.0,0.4889,0.5581169619024509,897.0,1679.0,3197.0
0,edge_0_369684,23,0,0,-1,0.0,0.0,0.5581169619024509,897.0,1679.0,3197.0
0,5,20,40,32,1,0.0,0.5,0.485319097306479,780.0,1460.0,2780.0
0,edge_0_10,20,0,0,-1,0.0,0.0,0.485319097306479,780.0,1460.0,2780.0
0,edge_0_3,19,0,0,-1,0.0,0.0,0.4610531424411551,741.0,1387.0,2641.0
0,48,18,34,28,2,0.0,0.4706,0.4367871875758311,702.0,1314.0,2502.0
0,7,16,31,14,1,0.0,0.4839,0.3882552778451832,624.0,1168.0,2224.0
0,155588,16,31,10,8,0.0,0.4839,0.3882552778451832,624.0,1168.0,2224.0
0,edge_0_9,16,0,0,-1,0.0,0.0,0.3882552778451832,624.0,1168.0,2224.0
0,399156,14,28,9,4,0.0,0.5,0.3397233681145353,546.0,1022.0,1946.0
0,edge_0_7,14,0,0,-1,0.0,0.0,0.3397233681145353,546.0,1022.0,1946.0
0,314525,13,26,11,4,0.0,0.5,0.31545741324921134,507.0,949.0,1807.0
0,5287,13,26,11,3,0.0,0.5,0.31545741324921134,507.0,949.0,1807.0
0,edge_0_4,13,0,0,-1,0.0,0.0,0.31545741324921134,507.0,949.0,1807.0
0,155582,12,24,10,7,0.0,0.5,0.2911914583838874,468.0,876.0,1668.0
0,442,11,20,14,4,0.0,0.45,0.2669255035185635,429.0,803.0,1529.0
0,290535,11,22,8,6,0.0,0.5,0.2669255035185635,429.0,803.0,1529.0
0,edge_2_3,11,0,0,-1,0.0,0.0,0.2669255035185635,429.0,803.0,1529.0
0,319905,10,19,10,3,0.0,0.4737,0.2426595486532395,390.0,730.0,1390.0
0,216908,10,20,10,8,0.0,0.5,0.2426595486532395,390.0,730.0,1390.0
0,392938,10,20,6,2,0.0,0.5,0.2426595486532395,390.0,730.0,1390.0
0,13894,10,20,7,15,0.0,0.5,0.2426595486532395,390.0,730.0,1390.0
0,2494,10,20,6,5,0.0,0.5,0.2426595486532395,390.0,730.0,1390.0
0,300,10,20,7,2,0.0,0.5,0.2426595486532395,390.0,730.0,1390.0
0,278452,10,20,8,5,0.0,0.5,0.2426595486532395,390.0,730.0,1390.0
0,edge_0_6,10,0,0,-1,0.0,0.0,0.2426595486532395,390.0,730.0,1390.0
0,edge_0_5,10,0,0,-1,0.0,0.0,0.2426595486532395,390.0,730.0,1390.0
0,120537,9,18,4,5,0.0,0.5,0.21839359378791556,351.0,657.0,1251.0
0,229878,9,17,9,4,0.0,0.4706,0.21839359378791556,351.0,657.0,1251.0
0,176340,9,18,5,3,0.0,0.5,0.21839359378791556,351.0,657.0,1251.0
0,edge_120537_259173,9,0,0,-1,0.0,0.0,0.21839359378791556,351.0,657.0,1251.0
0,edge_312540_314578,9,0,0,-1,0.0,0.0,0.21839359378791556,351.0,657.0,1251.0
0,251935,8,15,5,8,0.0,0.4667,0.1941276389225916,312.0,584.0,1112.0
0,1035,8,16,10,2,0.0,0.5,0.1941276389225916,312.0,584.0,1112.0
0,393093,8,14,7,2,0.0,0.4286,0.1941276389225916,312.0,584.0,1112.0
0,13806,8,15,8,5,0.0,0.4667,0.1941276389225916,312.0,584.0,1112.0
0,35572,8,16,6,7,0.0,0.5,0.1941276389225916,312.0,584.0,1112.0
0,46,7,14,11,2,0.0,0.5,0.16986168405726765,273.0,511.0,973.0
0,319902,7,14,4,4,0.0,0.5,0.16986168405726765,273.0,511.0,973.0
0,155581,7,14,9,7,0.0,0.5,0.16986168405726765,273.0,511.0,973.0
0,108,7,14,12,2,0.0,0.5,0.16986168405726765,273.0,511.0,973.0
0,30433,7,14,10,3,0.0,0.5,0.16986168405726765,273.0,511.0,973.0
0,26579,7,14,6,6,0.0,0.5,0.16986168405726765,273.0,511.0,973.0
0,26580,7,12,6,5,0.0,0.4167,0.16986168405726765,273.0,511.0,973.0
0,30180,7,14,7,5,0.0,0.5,0.16986168405726765,273.0,511.0,973.0
0,172794,7,14,6,7,0.0,0.5,0.16986168405726765,273.0,511.0,973.0
0,54,7,13,13,2,0.0,0.4615,0.16986168405726765,273.0,511.0,973.0
0,363883,7,14,6,2,0.0,0.5,0.16986168405726765,273.0,511.0,973.0
0,306678,7,12,6,6,0.0,0.4167,0.16986168405726765,273.0,511.0,973.0
0,156348,7,14,5,7,0.0,0.5,0.16986168405726765,273.0,511.0,973.0
0,222856,7,13,9,3,0.0,0.4615,0.16986168405726765,273.0,511.0,973.0
0,299783,7,14,6,15,0.0,0.5,0.16986168405726765,273.0,511.0,973.0
0,301516,7,14,7,16,0.0,0.5,0.16986168405726765,273.0,511.0,973.0
0,edge_1_2,7,0,0,-1,0.0,0.0,0.16986168405726765,273.0,511.0,973.0
0,edge_369684_392938,7,0,0,-1,0.0,0.0,0.16986168405726765,273.0,511.0,973.0
0,314526,6,12,7,4,0.0,0.5,0.1455957291919437,234.0,438.0,834.0
0,12516,6,12,6,3,0.0,0.5,0.1455957291919437,234.0,438.0,834.0
0,259173,6,12,2,6,0.0,0.5,0.1455957291919437,234.0,438.0,834.0
0,155587,6,11,8,8,0.0,0.4545,0.1455957291919437,234.0,438.0,834.0
0,155586,6,12,7,8,0.0,0.5,0.1455957291919437,234.0,438.0,834.0
0,155583,6,12,6,7,0.0,0.5,0.1455957291919437,234.0,438.0,834.0
0,267805,6,11,7,4,0.0,0.4545,0.1455957291919437,234.0,438.0,834.0
0,312540,6,12,4,9,0.0,0.5,0.1455957291919437,234.0,438.0,834.0
0,314578,6,12,1,10,0.0,0.5,0.1455957291919437,234.0,438.0,834.0
0,168784,6,12,6,12,0.0,0.5,0.1455957291919437,234.0,438.0,834.0
0,6609,6,9,5,5,0.0,0.3333,0.1455957291919437,234.0,438.0,834.0
0,344838,6,12,5,9,0.0,0.5,0.1455957291919437,234.0,438.0,834.0
0,150431,6,11,5,17,0.0,0.4545,0.1455957291919437,234.0,438.0,834.0
0,168277,6,12,6,3,0.0,0.5,0.1455957291919437,234.0,438.0,834.0
0,30756,6,12,8,4,0.0,0.5,0.1455957291919437,234.0,438.0,834.0
0,7609,6,14,9,5,0.0,0.5,0.1455957291919437,234.0,438.0,834.0
0,26577,6,12,7,5,0.0,0.5,0.1455957291919437,234.0,438.0,834.0
0,28818,6,12,6,6,0.0,0.5,0.1455957291919437,234.0,438.0,834.0
0,11404,6,11,9,5,0.0,0.4545,0.1455957291919437,234.0,438.0,834.0
0,561,6,13,5,8,0.0,0.4615,0.1455957291919437,234.0,438.0,834.0
0,61,6,12,7,5,0.0,0.5,0.1455957291919437,234.0,438.0,834.0
0,6610,6,12,7,9,0.0,0.5,0.1455957291919437,234.0,438.0,834.0
0,37163,6,12,6,14,0.0,0.5,0.1455957291919437,234.0,438.0,834.0
0,62791,6,12,5,7,0.0,0.5,0.1455957291919437,234.0,438.0,834.0
0,106257,6,12,6,6,0.0,0.5,0.1455957291919437,234.0,438.0,834.0
0,322688,6,12,5,3,0.0,0.5,0.1455957291919437,234.0,438.0,834.0
0,67029,6,12,7,3,0.0,0.5,0.1455957291919437,234.0,438.0,834.0
0,311769,6,12,4,6,0.0,0.5,0.1455957291919437,234.0,438.0,834.0
0,161183,6,12,3,14,0.0,0.5,0.1455957291919437,234.0,438.0,834.0
0,301515,6,12,8,16,0.0,0.5,0.1455957291919437,234.0,438.0,834.0
0,edge_399156_401146,6,0,0,-1,0.0,0.0,0.1455957291919437,234.0,438.0,834.0
0,391479,6,6,5,2,0.0,1.0,0.1455957291919437,234.0,438.0,834.0
0,319901,5,9,5,4,0.0,0.4444,0.12132977432661975,195.0,365.0,695.0
0,126080,5,10,9,8,0.0,0.5,0.12132977432661975,195.0,365.0,695.0
0,235,5,10,6,2,0.0,0.5,0.12132977432661975,195.0,365.0,695.0
0,5291,5,10,6,3,0.0,0.5,0.12132977432661975,195.0,365.0,695.0
0,1916,5,10,6,6,0.0,0.5,0.12132977432661975,195.0,365.0,695.0
0,41,5,10,6,4,0.0,0.5,0.12132977432661975,195.0,365.0,695.0
0,118,5,10,12,2,0.0,0.5,0.12132977432661975,195.0,365.0,695.0
0,304,5,8,6,5,0.0,0.375,0.12132977432661975,195.0,365.0,695.0
0,312498,5,10,4,10,0.0,0.5,0.12132977432661975,195.0,365.0,695.0
0,30758,5,9,5,6,0.0,0.4444,0.12132977432661975,195.0,365.0,695.0
0,28820,5,10,6,6,0.0,0.5,0.12132977432661975,195.0,365.0,695.0
0,26578,5,10,6,6,0.0,0.5,0.12132977432661975,195.0,365.0,695.0
0,1058,5,10,6,4,0.0,0.5,0.12132977432661975,195.0,365.0,695.0
0,289183,5,10,5,2,0.0,0.5,0.12132977432661975,195.0,365.0,695.0
0,289184,5,9,5,4,0.0,0.4444,0.12132977432661975,195.0,365.0,695.0
0,398148,5,10,5,7,0.0,0.5,0.12132977432661975,195.0,365.0,695.0
0,105668,5,10,3,9,0.0,0.5,0.12132977432661975,195.0,365.0,695.0
0,155356,5,10,4,3,0.0,0.5,0.12132977432661975,195.0,365.0,695.0
0,16304,5,10,5,5,0.0,0.5,0.12132977432661975,195.0,365.0,695.0
0,249692,5,10,6,5,0.0,0.5,0.12132977432661975,195.0,365.0,695.0
0,191679,5,10,5,3,0.0,0.5,0.12132977432661975,195.0,365.0,695.0
0,395211,5,10,5,3,0.0,0.5,0.12132977432661975,195.0,365.0,695.0
0,393750,5,10,5,4,0.0,0.5,0.12132977432661975,195.0,365.0,695.0
0,163764,5,10,6,5,0.0,0.5,0.12132977432661975,195.0,365.0,695.0
0,4351,5,10,6,5,0.0,0.5,0.12132977432661975,195.0,365.0,695.0
0,301517,5,10,5,16,0.0,0.5,0.12132977432661975,195.0,365.0,695.0
0,387406,5,10,4,4,0.0,0.5,0.12132977432661975,195.0,365.0,695.0
0,224780,5,10,6,3,0.0,0.5,0.12132977432661975,195.0,365.0,695.0
0,edge_5287_5291,5,0,0,-1,0.0,0.0,0.12132977432661975,195.0,365.0,695.0
0,edge_3_4,5,0,0,-1,0.0,0.0,0.12132977432661975,195.0,365.0,695.0
0,edge_155588_276746,5,0,0,-1,0.0,0.0,0.12132977432661975,195.0,365.0,695.0
0,edge_5287_392938,5,0,0,-1,0.0,0.0,0.12132977432661975,195.0,365.0,695.0
0,edge_3_235,5,0,0,-1,0.0,0.0,0.12132977432661975,195.0,365.0,695.0
0,edge_251935_282179,5,0,0,-1,0.0,0.0,0.12132977432661975,195.0,365.0,695.0
0,edge_36047_68840,5,0,0,-1,0.0,0.0,0.12132977432661975,195.0,365.0,695.0
0,edge_176340_271708,5,0,0,-1,0.0,0.0,0.12132977432661975,195.0,365.0,695.0
0,edge_109_369684,5,0,0,-1,0.0,0.0,0.12132977432661975,195.0,365.0,695.0
0,35745,5,5,7,6,0.0,1.0,0.12132977432661975,195.0,365.0,695.0
0,319903,4,8,5,4,0.0,0.5,0.0970638194612958,156.0,292.0,556.0
0,8,4,4,6,1,0.0,0.0,0.0970638194612958,156.0,292.0,556.0
0,44,4,8,9,2,0.0,0.5,0.0970638194612958,156.0,292.0,556.0
0,58,4,7,6,2,0.0,0.4286,0.0970638194612958,156.0,292.0,556.0
0,88497,4,8,6,4,0.0,0.5,0.0970638194612958,156.0,292.0,556.0
0,275922,4,8,4,2,0.0,0.5,0.0970638194612958,156.0,292.0,556.0
0,256394,4,8,6,6,0.0,0.5,0.0970638194612958,156.0,292.0,556.0
0,155585,4,8,6,7,0.0,0.5,0.0970638194612958,156.0,292.0,556.0
0,283487,4,8,4,8,0.0,0.5,0.0970638194612958,156.0,292.0,556.0
0,84143,4,8,4,8,0.0,0.5,0.0970638194612958,156.0,292.0,556.0
0,178633,4,8,2,9,0.0,0.5,0.0970638194612958,156.0,292.0,556.0
0,edge_6607_6609,4,0,0,-1,0.0,0.0,0.0970638194612958,156.0,292.0,556.0
0,83911,4,8,4,3,0.0,0.5,0.0970638194612958,156.0,292.0,556.0
0,5289,4,8,7,3,0.0,0.5,0.0970638194612958,156.0,292.0,556.0
0,7193,4,8,4,3,0.0,0.5,0.0970638194612958,156.0,292.0,556.0
0,52336,4,8,4,2,0.0,0.5,0.0970638194612958,156.0,292.0,556.0
0,385378,4,8,4,3,0.0,0.5,0.0970638194612958,156.0,292.0,556.0
0,282179,4,8,4,8,0.0,0.5,0.0970638194612958,156.0,292.0,556.0
0,306750,4,8,3,8,0.0,0.5,0.0970638194612958,156.0,292.0,556.0
0,276,4,8,5,5,0.0,0.5,0.0970638194612958,156.0,292.0,556.0
0,15418,4,8,5,8,0.0,0.5,0.0970638194612958,156.0,292.0,556.0
0,68840,4,8,1,10,0.0,0.5,0.0970638194612958,156.0,292.0,556.0
0,340581,4,8,4,6,0.0,0.5,0.0970638194612958,156.0,292.0,556.0
0,1532,4,8,4,2,0.0,0.5,0.0970638194612958,156.0,292.0,556.0
0,27925,4,8,5,5,0.0,0.5,0.0970638194612958,156.0,292.0,556.0
0,333954,4,7,5,11,0.0,0.4286,0.0970638194612958,156.0,292.0,556.0
0,109,4,8,9,2,0.0,0.5,0.0970638194612958,156.0,292.0,556.0
0,255648,4,8,5,3,0.0,0.5,0.0970638194612958,156.0,292.0,556.0
0,166,4,7,5,5,0.0,0.4286,0.0970638194612958,156.0,292.0,556.0
0,12463,4,7,7,4,0.0,0.4286,0.0970638194612958,156.0,292.0,556.0
0,7618,4,8,5,6,0.0,0.5,0.0970638194612958,156.0,292.0,556.0
0,16264,4,8,4,7,0.0,0.5,0.0970638194612958,156.0,292.0,556.0
0,16263,4,8,7,5,0.0,0.5,0.0970638194612958,156.0,292.0,556.0
0,192496,4,8,5,6,0.0,0.5,0.0970638194612958,156.0,292.0,556.0
0,46370,4,8,5,3,0.0,0.5,0.0970638194612958,156.0,292.0,556.0
0,172795,4,8,4,8,0.0,0.5,0.0970638194612958,156.0,292.0,556.0
0,234,4,6,4,3,0.0,0.3333,0.0970638194612958,156.0,292.0,556.0
0,391888,4,8,4,3,0.0,0.5,0.0970638194612958,156.0,292.0,556.0
0,15002,4,8,5,2,0.0,0.5,0.0970638194612958,156.0,292.0,556.0
0,3960,4,8,5,3,0.0,0.5,0.0970638194612958,156.0,292.0,556.0
0,59856,4,8,5,2,0.0,0.5,0.0970638194612958,156.0,292.0,556.0
0,74522,4,8,4,3,0.0,0.5,0.0970638194612958,156.0,292.0,556.0
0,246693,4,6,3,8,0.0,0.3333,0.0970638194612958,156.0,292.0,556.0
0,278451,4,8,2,6,0.0,0.5,0.0970638194612958,156.0,292.0,556.0
0,119532,4,8,2,8,0.0,0.5,0.0970638194612958,156.0,292.0,556.0
0,345650,4,8,5,5,0.0,0.5,0.0970638194612958,156.0,292.0,556.0
0,388066,4,7,6,3,0.0,0.4286,0.0970638194612958,156.0,292.0,556.0
0,9777,4,8,5,4,0.0,0.5,0.0970638194612958,156.0,292.0,556.0
0,376227,4,8,4,5,0.0,0.5,0.0970638194612958,156.0,292.0,556.0
0,21378,4,8,4,2,0.0,0.5,0.0970638194612958,156.0,292.0,556.0
0,242603,4,8,5,4,0.0,0.5,0.0970638194612958,156.0,292.0,556.0
0,10350,4,8,5,7,0.0,0.5,0.0970638194612958,156.0,292.0,556.0
0,238376,4,8,6,6,0.0,0.5,0.0970638194612958,156.0,292.0,556.0
0,19314,4,8,5,8,0.0,0.5,0.0970638194612958,156.0,292.0,556.0
0,158651,4,8,4,5,0.0,0.5,0.0970638194612958,156.0,292.0,556.0
0,edge_314525_319902,4,0,0,-1,0.0,0.0,0.0970638194612958,156.0,292.0,556.0
0,edge_155581_155588,4,0,0,-1,0.0,0.0,0.0970638194612958,156.0,292.0,556.0
0,edge_155586_216908,4,0,0,-1,0.0,0.0,0.0970638194612958,156.0,292.0,556.0
0,edge_155588_216908,4,0,0,-1,0.0,0.0,0.0970638194612958,156.0,292.0,556.0
0,edge_84143_178633,4,0,0,-1,0.0,0.0,0.0970638194612958,156.0,292.0,556.0
0,edge_306750_344838,4,0,0,-1,0.0,0.0,0.0970638194612958,156.0,292.0,556.0
0,edge_168277_176340,4,0,0,-1,0.0,0.0,0.0970638194612958,156.0,292.0,556.0
0,edge_393092_393093,4,0,0,-1,0.0,0.0,0.0970638194612958,156.0,292.0,556.0
0,edge_26576_26577,4,0,0,-1,0.0,0.0,0.0970638194612958,156.0,292.0,556.0
0,edge_26577_26578,4,0,0,-1,0.0,0.0,0.0970638194612958,156.0,292.0,556.0
0,edge_26578_26579,4,0,0,-1,0.0,0.0,0.0970638194612958,156.0,292.0,556.0
0,edge_560_561,4,0,0,-1,0.0,0.0,0.0970638194612958,156.0,292.0,556.0
0,edge_12469_399156,4,0,0,-1,0.0,0.0,0.0970638194612958,156.0,292.0,556.0
0,edge_105668_132782,4,0,0,-1,0.0,0.0,0.0970638194612958,156.0,292.0,556.0
0,edge_119529_119532,4,0,0,-1,0.0,0.0,0.0970638194612958,156.0,292.0,556.0
0,edge_161183_299783,4,0,0,-1,0.0,0.0,0.0970638194612958,156.0,292.0,556.0
0,1034,3,5,4,2,0.0,0.4,0.07279786459597185,117.0,219.0,417.0
0,246985,3,6,3,5,0.0,0.5,0.07279786459597185,117.0,219.0,417.0
0,1917,3,6,6,2,0.0,0.5,0.07279786459597185,117.0,219.0,417.0
0,5290,3,6,4,3,0.0,0.5,0.07279786459597185,117.0,219.0,417.0
0,84399,3,6,4,2,0.0,0.5,0.07279786459597185,117.0,219.0,417.0
0,377876,3,6,5,2,0.0,0.5,0.07279786459597185,117.0,219.0,417.0
0,edge_0_8,3,0,0,-1,0.0,0.0,0.07279786459597185,117.0,219.0,417.0
0,95822,3,6,4,3,0.0,0.5,0.07279786459597185,117.0,219.0,417.0
0,113531,3,6,4,2,0.0,0.5,0.07279786459597185,117.0,219.0,417.0
0,268843,3,6,3,3,0.0,0.5,0.07279786459597185,117.0,219.0,417.0
0,15913,3,6,4,9,0.0,0.5,0.07279786459597185,117.0,219.0,417.0
0,276746,3,6,1,9,0.0,0.5,0.07279786459597185,117.0,219.0,417.0
0,155580,3,6,8,7,0.0,0.5,0.07279786459597185,117.0,219.0,417.0
0,336867,3,6,4,3,0.0,0.5,0.07279786459597185,117.0,219.0,417.0
0,276603,3,6,3,2,0.0,0.5,0.07279786459597185,117.0,219.0,417.0
0,298077,3,6,3,3,0.0,0.5,0.07279786459597185,117.0,219.0,417.0
0,41175,3,6,5,12,0.0,0.5,0.07279786459597185,117.0,219.0,417.0
0,79185,3,6,5,13,0.0,0.5,0.07279786459597185,117.0,219.0,417.0
0,6607,3,5,3,4,0.0,0.4,0.07279786459597185,117.0,219.0,417.0
0,251712,3,6,4,2,0.0,0.5,0.07279786459597185,117.0,219.0,417.0
0,34,3,5,7,2,0.0,0.4,0.07279786459597185,117.0,219.0,417.0
0,358967,3,6,3,7,0.0,0.5,0.07279786459597185,117.0,219.0,417.0
0,206937,3,6,4,3,0.0,0.5,0.07279786459597185,117.0,219.0,417.0
0,96138,3,6,3,4,0.0,0.5,0.07279786459597185,117.0,219.0,417.0
0,15416,3,5,4,10,0.0,0.4,0.07279786459597185,117.0,219.0,417.0
0,1983,3,6,5,14,0.0,0.5,0.07279786459597185,117.0,219.0,417.0
0,20076,3,6,2,16,0.0,0.5,0.07279786459597185,117.0,219.0,417.0
0,176341,3,6,5,2,0.0,0.5,0.07279786459597185,117.0,219.0,417.0
0,271708,3,6,4,3,0.0,0.5,0.07279786459597185,117.0,219.0,417.0
0,280064,3,6,3,11,0.0,0.5,0.07279786459597185,117.0,219.0,417.0
0,50,3,6,6,3,0.0,0.5,0.07279786459597185,117.0,219.0,417.0
0,288961,3,6,2,6,0.0,0.5,0.07279786459597185,117.0,219.0,417.0
0,360590,3,6,4,6,0.0,0.5,0.07279786459597185,117.0,219.0,417.0
0,84590,3,6,4,4,0.0,0.5,0.07279786459597185,117.0,219.0,417.0
0,52496,3,6,4,4,0.0,0.5,0.07279786459597185,117.0,219.0,417.0
0,267103,3,6,4,12,0.0,0.5,0.07279786459597185,117.0,219.0,417.0
0,234837,3,5,4,3,0.0,0.4,0.07279786459597185,117.0,219.0,417.0
0,164441,3,6,3,3,0.0,0.5,0.07279786459597185,117.0,219.0,417.0
0,393092,3,6,2,3,0.0,0.5,0.07279786459597185,117.0,219.0,417.0
0,26576,3,6,3,6,0.0,0.5,0.07279786459597185,117.0,219.0,417.0
0,edge_13806_26580,3,0,0,-1,0.0,0.0,0.07279786459597185,117.0,219.0,417.0
0,400,3,6,4,5,0.0,0.5,0.07279786459597185,117.0,219.0,417.0
0,741,3,6,3,7,0.0,0.5,0.07279786459597185,117.0,219.0,417.0
0,5164,3,6,4,2,0.0,0.5,0.07279786459597185,117.0,219.0,417.0
0,2197,3,6,4,3,0.0,0.5,0.07279786459597185,117.0,219.0,417.0
0,1056,3,6,5,6,0.0,0.5,0.07279786459597185,117.0,219.0,417.0
0,371143,3,6,4,2,0.0,0.5,0.07279786459597185,117.0,219.0,417.0
0,285259,3,6,3,6,0.0,0.5,0.07279786459597185,117.0,219.0,417.0
0,235606,3,6,3,7,0.0,0.5,0.07279786459597185,117.0,219.0,417.0
0,16267,3,6,3,6,0.0,0.5,0.07279786459597185,117.0,219.0,417.0
0,401146,3,6,1,5,0.0,0.5,0.07279786459597185,117.0,219.0,417.0
0,1784,3,3,4,5,0.0,0.0,0.07279786459597185,117.0,219.0,417.0
0,400395,3,6,4,6,0.0,0.5,0.07279786459597185,117.0,219.0,417.0
0,398147,3,6,3,8,0.0,0.5,0.07279786459597185,117.0,219.0,417.0
0,401168,3,6,4,6,0.0,0.5,0.07279786459597185,117.0,219.0,417.0
0,207587,3,6,4,2,0.0,0.5,0.07279786459597185,117.0,219.0,417.0
0,2340,3,6,4,2,0.0,0.5,0.07279786459597185,117.0,219.0,417.0
0,380770,3,6,4,2,0.0,0.5,0.07279786459597185,117.0,219.0,417.0
0,14047,3,6,4,2,0.0,0.5,0.07279786459597185,117.0,219.0,417.0
0,105667,3,6,3,10,0.0,0.5,0.07279786459597185,117.0,219.0,417.0
0,334462,3,6,3,4,0.0,0.5,0.07279786459597185,117.0,219.0,417.0
0,39647,3,6,3,5,0.0,0.5,0.07279786459597185,117.0,219.0,417.0
0,143196,3,6,3,7,0.0,0.5,0.07279786459597185,117.0,219.0,417.0
0,39640,3,6,4,6,0.0,0.5,0.07279786459597185,117.0,219.0,417.0
0,235042,3,6,3,10,0.0,0.5,0.07279786459597185,117.0,219.0,417.0
0,255557,3,6,3,3,0.0,0.5,0.07279786459597185,117.0,219.0,417.0
0,6686,3,6,5,2,0.0,0.5,0.07279786459597185,117.0,219.0,417.0
0,345651,3,6,3,4,0.0,0.5,0.07279786459597185,117.0,219.0,417.0
0,345652,3,5,5,6,0.0,0.4,0.07279786459597185,117.0,219.0,417.0
0,378620,3,6,3,5,0.0,0.5,0.07279786459597185,117.0,219.0,417.0
0,398379,3,6,3,2,0.0,0.5,0.07279786459597185,117.0,219.0,417.0
0,371122,3,6,4,2,0.0,0.5,0.07279786459597185,117.0,219.0,417.0
0,255556,3,6,3,2,0.0,0.5,0.07279786459597185,117.0,219.0,417.0
0,98797,3,4,4,7,0.0,0.25,0.07279786459597185,117.0,219.0,417.0
0,201540,3,6,3,2,0.0,0.5,0.07279786459597185,117.0,219.0,417.0
0,116137,3,6,5,7,0.0,0.5,0.07279786459597185,117.0,219.0,417.0
0,19312,3,6,4,6,0.0,0.5,0.07279786459597185,117.0,219.0,417.0
0,25538,3,6,4,4,0.0,0.5,0.07279786459597185,117.0,219.0,417.0
0,156133,3,6,4,4,0.0,0.5,0.07279786459597185,117.0,219.0,417.0
0,35567,3,6,5,5,0.0,0.5,0.07279786459597185,117.0,219.0,417.0
0,edge_314525_319905,3,0,0,-1,0.0,0.0,0.07279786459597185,117.0,219.0,417.0
0,edge_319901_319902,3,0,0,-1,0.0,0.0,0.07279786459597185,117.0,219.0,417.0
0,edge_314525_319900,3,0,0,-1,0.0,0.0,0.07279786459597185,117.0,219.0,417.0
0,edge_1917_369684,3,0,0,-1,0.0,0.0,0.07279786459597185,117.0,219.0,417.0
0,edge_5287_5290,3,0,0,-1,0.0,0.0,0.07279786459597185,117.0,219.0,417.0
0,edge_174437_209836,3,0,0,-1,0.0,0.0,0.07279786459597185,117.0,219.0,417.0
0,edge_120537_120538,3,0,0,-1,0.0,0.0,0.07279786459597185,117.0,219.0,417.0
0,edge_2_6,3,0,0,-1,0.0,0.0,0.07279786459597185,117.0,219.0,417.0
0,edge_49772_275922,3,0,0,-1,0.0,0.0,0.07279786459597185,117.0,219.0,417.0
0,edge_155582_256394,3,0,0,-1,0.0,0.0,0.07279786459597185,117.0,219.0,417.0
0,edge_155582_216908,3,0,0,-1,0.0,0.0,0.07279786459597185,117.0,219.0,417.0
0,edge_155582_283487,3,0,0,-1,0.0,0.0,0.07279786459597185,117.0,219.0,417.0
0,edge_155585_155588,3,0,0,-1,0.0,0.0,0.07279786459597185,117.0,219.0,417.0
0,edge_1_3,3,0,0,-1,0.0,0.0,0.07279786459597185,117.0,219.0,417.0
0,edge_3_34,3,0,0,-1,0.0,0.0,0.07279786459597185,117.0,219.0,417.0
0,edge_251935_251936,3,0,0,-1,0.0,0.0,0.07279786459597185,117.0,219.0,417.0
0,edge_20076_150431,3,0,0,-1,0.0,0.0,0.07279786459597185,117.0,219.0,417.0
0,edge_340580_340581,3,0,0,-1,0.0,0.0,0.07279786459597185,117.0,219.0,417.0
0,edge_10_1035,3,0,0,-1,0.0,0.0,0.07279786459597185,117.0,219.0,417.0
0,edge_164441_234837,3,0,0,-1,0.0,0.0,0.07279786459597185,117.0,219.0,417.0
0,edge_13806_28818,3,0,0,-1,0.0,0.0,0.07279786459597185,117.0,219.0,417.0
0,edge_26580_30180,3,0,0,-1,0.0,0.0,0.07279786459597185,117.0,219.0,417.0
0,edge_26578_30180,3,0,0,-1,0.0,0.0,0.07279786459597185,117.0,219.0,417.0
0,edge_1058_2494,3,0,0,-1,0.0,0.0,0.07279786459597185,117.0,219.0,417.0
0,edge_61_2494,3,0,0,-1,0.0,0.0,0.07279786459597185,117.0,219.0,417.0
0,edge_35159_158178,3,0,0,-1,0.0,0.0,0.07279786459597185,117.0,219.0,417.0
0,edge_280890_289183,3,0,0,-1,0.0,0.0,0.07279786459597185,117.0,219.0,417.0
0,edge_235606_285259,3,0,0,-1,0.0,0.0,0.07279786459597185,117.0,219.0,417.0
0,edge_399156_401145,3,0,0,-1,0.0,0.0,0.07279786459597185,117.0,219.0,417.0
0,edge_1846_13617,3,0,0,-1,0.0,0.0,0.07279786459597185,117.0,219.0,417.0
0,edge_172794_172795,3,0,0,-1,0.0,0.0,0.07279786459597185,117.0,219.0,417.0
0,edge_5_300,3,0,0,-1,0.0,0.0,0.07279786459597185,117.0,219.0,417.0
0,edge_2_54,3,0,0,-1,0.0,0.0,0.07279786459597185,117.0,219.0,417.0
0,edge_9_255556,3,0,0,-1,0.0,0.0,0.07279786459597185,117.0,219.0,417.0
0,edge_9_59856,3,0,0,-1,0.0,0.0,0.07279786459597185,117.0,219.0,417.0
0,edge_52336_59857,3,0,0,-1,0.0,0.0,0.07279786459597185,117.0,219.0,417.0
0,edge_62791_246693,3,0,0,-1,0.0,0.0,0.07279786459597185,117.0,219.0,417.0
0,edge_235041_235042,3,0,0,-1,0.0,0.0,0.07279786459597185,117.0,219.0,417.0
0,edge_9_1052,3,0,0,-1,0.0,0.0,0.07279786459597185,117.0,219.0,417.0
0,edge_278452_288934,3,0,0,-1,0.0,0.0,0.07279786459597185,117.0,219.0,417.0
0,edge_278451_278452,3,0,0,-1,0.0,0.0,0.07279786459597185,117.0,219.0,417.0
0,edge_67029_255556,3,0,0,-1,0.0,0.0,0.07279786459597185,117.0,219.0,417.0
0,edge_67029_255557,3,0,0,-1,0.0,0.0,0.07279786459597185,117.0,219.0,417.0
0,edge_191679_191681,3,0,0,-1,0.0,0.0,0.07279786459597185,117.0,219.0,417.0
0,edge_311769_345650,3,0,0,-1,0.0,0.0,0.07279786459597185,117.0,219.0,417.0
0,388067,3,3,4,5,0.0,1.0,0.07279786459597185,117.0,219.0,417.0
0,edge_376227_393750,3,0,0,-1,0.0,0.0,0.07279786459597185,117.0,219.0,417.0
0,edge_290535_350794,3,0,0,-1,0.0,0.0,0.07279786459597185,117.0,219.0,417.0
0,edge_244858_290535,3,0,0,-1,0.0,0.0,0.07279786459597185,117.0,219.0,417.0
0,edge_299783_301517,3,0,0,-1,0.0,0.0,0.07279786459597185,117.0,219.0,417.0
0,340649,3,3,3,17,0.0,1.0,0.07279786459597185,117.0,219.0,417.0
0,edge_387406_392229,3,0,0,-1,0.0,0.0,0.07279786459597185,117.0,219.0,417.0
0,edge_35570_35572,3,0,0,-1,0.0,0.0,0.07279786459597185,117.0,219.0,417.0
0,4158,2,4,3,2,0.0,0.5,0.0485319097306479,78.0,146.0,278.0
0,edge_319901_319905,2,0,0,-1,0.0,0.0,0.0485319097306479,78.0,146.0,278.0
0,84400,2,4,3,3,0.0,0.5,0.0485319097306479,78.0,146.0,278.0
0,357005,2,3,3,2,0.0,0.3333,0.0485319097306479,78.0,146.0,278.0
0,382710,2,4,3,3,0.0,0.5,0.0485319097306479,78.0,146.0,278.0
0,174437,2,4,2,4,0.0,0.5,0.0485319097306479,78.0,146.0,278.0
0,209836,2,4,2,5,0.0,0.5,0.0485319097306479,78.0,146.0,278.0
0,92439,2,4,3,2,0.0,0.5,0.0485319097306479,78.0,146.0,278.0
0,242764,2,3,3,3,0.0,0.3333,0.0485319097306479,78.0,146.0,278.0
0,268844,2,3,4,4,0.0,0.3333,0.0485319097306479,78.0,146.0,278.0
0,380855,2,3,3,8,0.0,0.3333,0.0485319097306479,78.0,146.0,278.0
0,14039,2,4,3,5,0.0,0.5,0.0485319097306479,78.0,146.0,278.0
0,155584,2,4,4,8,0.0,0.5,0.0485319097306479,78.0,146.0,278.0
0,367425,2,4,3,2,0.0,0.5,0.0485319097306479,78.0,146.0,278.0
0,39498,2,4,5,4,0.0,0.5,0.0485319097306479,78.0,146.0,278.0
0,235277,2,4,2,5,0.0,0.5,0.0485319097306479,78.0,146.0,278.0
0,8211,2,4,3,7,0.0,0.5,0.0485319097306479,78.0,146.0,278.0
0,4245,2,4,3,8,0.0,0.5,0.0485319097306479,78.0,146.0,278.0
0,117167,2,4,2,2,0.0,0.5,0.0485319097306479,78.0,146.0,278.0
0,5247,2,4,3,4,0.0,0.5,0.0485319097306479,78.0,146.0,278.0
0,182124,2,4,3,13,0.0,0.5,0.0485319097306479,78.0,146.0,278.0
0,182123,2,4,3,14,0.0,0.5,0.0485319097306479,78.0,146.0,278.0
0,83914,2,4,3,6,0.0,0.5,0.0485319097306479,78.0,146.0,278.0
0,5288,2,4,4,2,0.0,0.5,0.0485319097306479,78.0,146.0,278.0
0,60226,2,6,3,5,0.0,0.5,0.0485319097306479,78.0,146.0,278.0
0,5726,2,3,3,2,0.0,0.3333,0.0485319097306479,78.0,146.0,278.0
0,90,2,4,4,4,0.0,0.5,0.0485319097306479,78.0,146.0,278.0
0,1115,2,4,3,5,0.0,0.5,0.0485319097306479,78.0,146.0,278.0
0,251934,2,3,4,7,0.0,0.3333,0.0485319097306479,78.0,146.0,278.0
0,1546,2,4,3,8,0.0,0.5,0.0485319097306479,78.0,146.0,278.0
0,36045,2,4,2,9,0.0,0.5,0.0485319097306479,78.0,146.0,278.0
0,36047,2,4,3,9,0.0,0.5,0.0485319097306479,78.0,146.0,278.0
0,27552,2,4,2,12,0.0,0.5,0.0485319097306479,78.0,146.0,278.0
0,24436,2,4,3,13,0.0,0.5,0.0485319097306479,78.0,146.0,278.0
0,9416,2,4,3,15,0.0,0.5,0.0485319097306479,78.0,146.0,278.0
0,175893,2,4,3,18,0.0,0.5,0.0485319097306479,78.0,146.0,278.0
0,335878,2,4,4,2,0.0,0.5,0.0485319097306479,78.0,146.0,278.0
0,335471,2,4,3,3,0.0,0.5,0.0485319097306479,78.0,146.0,278.0
0,27024,2,4,3,3,0.0,0.5,0.0485319097306479,78.0,146.0,278.0
0,340580,2,4,3,5,0.0,0.5,0.0485319097306479,78.0,146.0,278.0
0,184312,2,4,3,13,0.0,0.5,0.0485319097306479,78.0,146.0,278.0
0,366147,2,4,3,2,0.0,0.5,0.0485319097306479,78.0,146.0,278.0
0,156523,2,4,2,5,0.0,0.5,0.0485319097306479,78.0,146.0,278.0
0,65646,2,4,3,2,0.0,0.5,0.0485319097306479,78.0,146.0,278.0
0,360587,2,3,3,3,0.0,0.3333,0.0485319097306479,78.0,146.0,278.0
0,341167,2,4,3,5,0.0,0.5,0.0485319097306479,78.0,146.0,278.0
0,363876,2,4,2,6,0.0,0.5,0.0485319097306479,78.0,146.0,278.0
0,69008,2,4,3,4,0.0,0.5,0.0485319097306479,78.0,146.0,278.0
0,30759,2,4,3,7,0.0,0.5,0.0485319097306479,78.0,146.0,278.0
0,69010,2,4,3,5,0.0,0.5,0.0485319097306479,78.0,146.0,278.0
0,14910,2,4,3,9,0.0,0.5,0.0485319097306479,78.0,146.0,278.0
0,234840,2,4,2,4,0.0,0.5,0.0485319097306479,78.0,146.0,278.0
0,edge_5_393093,2,0,0,-1,0.0,0.0,0.0485319097306479,78.0,146.0,278.0
0,252499,2,4,3,3,0.0,0.5,0.0485319097306479,78.0,146.0,278.0
0,28819,2,4,3,6,0.0,0.5,0.0485319097306479,78.0,146.0,278.0
0,30181,2,4,3,5,0.0,0.5,0.0485319097306479,78.0,146.0,278.0
0,edge_442_11404,2,0,0,-1,0.0,0.0,0.0485319097306479,78.0,146.0,278.0
0,467,2,4,4,7,0.0,0.5,0.0485319097306479,78.0,146.0,278.0
0,645,2,4,3,7,0.0,0.5,0.0485319097306479,78.0,146.0,278.0
0,560,2,4,2,9,0.0,0.5,0.0485319097306479,78.0,146.0,278.0
0,59,2,4,5,5,0.0,0.5,0.0485319097306479,78.0,146.0,278.0
0,2753,2,4,4,6,0.0,0.5,0.0485319097306479,78.0,146.0,278.0
0,375947,2,4,4,5,0.0,0.5,0.0485319097306479,78.0,146.0,278.0
0,363360,2,4,3,6,0.0,0.5,0.0485319097306479,78.0,146.0,278.0
0,187979,2,4,3,10,0.0,0.5,0.0485319097306479,78.0,146.0,278.0
0,107642,2,4,4,15,0.0,0.5,0.0485319097306479,78.0,146.0,278.0
0,7603,2,3,3,16,0.0,0.3333,0.0485319097306479,78.0,146.0,278.0
0,33687,2,4,3,19,0.0,0.5,0.0485319097306479,78.0,146.0,278.0
0,35159,2,6,2,20,0.0,0.5,0.0485319097306479,78.0,146.0,278.0
0,158178,2,4,2,21,0.0,0.5,0.0485319097306479,78.0,146.0,278.0
0,398189,2,4,2,2,0.0,0.5,0.0485319097306479,78.0,146.0,278.0
0,280890,2,4,2,3,0.0,0.5,0.0485319097306479,78.0,146.0,278.0
0,317115,2,4,2,5,0.0,0.5,0.0485319097306479,78.0,146.0,278.0
0,24594,2,4,3,7,0.0,0.5,0.0485319097306479,78.0,146.0,278.0
0,161367,2,4,3,8,0.0,0.5,0.0485319097306479,78.0,146.0,278.0
0,285260,2,4,3,7,0.0,0.5,0.0485319097306479,78.0,146.0,278.0
0,389068,2,3,4,3,0.0,0.3333,0.0485319097306479,78.0,146.0,278.0
0,336875,2,4,3,4,0.0,0.5,0.0485319097306479,78.0,146.0,278.0
0,44460,2,4,3,3,0.0,0.5,0.0485319097306479,78.0,146.0,278.0
0,1846,2,4,3,4,0.0,0.5,0.0485319097306479,78.0,146.0,278.0
0,13617,2,4,1,5,0.0,0.5,0.0485319097306479,78.0,146.0,278.0
0,edge_2_4,2,0,0,-1,0.0,0.0,0.0485319097306479,78.0,146.0,278.0
0,172017,2,3,2,3,0.0,0.3333,0.0485319097306479,78.0,146.0,278.0
0,393317,2,4,3,2,0.0,0.5,0.0485319097306479,78.0,146.0,278.0
0,1521,2,4,4,2,0.0,0.5,0.0485319097306479,78.0,146.0,278.0
0,365408,2,6,3,3,0.0,0.5,0.0485319097306479,78.0,146.0,278.0
0,36746,2,4,3,6,0.0,0.5,0.0485319097306479,78.0,146.0,278.0
0,edge_246693_332113,2,0,0,-1,0.0,0.0,0.0485319097306479,78.0,146.0,278.0
0,222070,2,4,3,2,0.0,0.5,0.0485319097306479,78.0,146.0,278.0
0,329182,2,4,3,4,0.0,0.5,0.0485319097306479,78.0,146.0,278.0
0,132782,2,4,3,8,0.0,0.5,0.0485319097306479,78.0,146.0,278.0
0,34539,2,4,3,10,0.0,0.5,0.0485319097306479,78.0,146.0,278.0
0,334641,2,4,3,3,0.0,0.5,0.0485319097306479,78.0,146.0,278.0
0,334463,2,4,4,3,0.0,0.5,0.0485319097306479,78.0,146.0,278.0
0,12467,2,4,2,4,0.0,0.5,0.0485319097306479,78.0,146.0,278.0
0,72700,2,4,3,4,0.0,0.5,0.0485319097306479,78.0,146.0,278.0
0,166218,2,4,2,6,0.0,0.5,0.0485319097306479,78.0,146.0,278.0
0,259374,2,4,3,8,0.0,0.5,0.0485319097306479,78.0,146.0,278.0
0,41141,2,4,3,9,0.0,0.5,0.0485319097306479,78.0,146.0,278.0
0,edge_9_47,2,0,0,-1,0.0,0.0,0.0485319097306479,78.0,146.0,278.0
0,350139,2,4,3,3,0.0,0.5,0.0485319097306479,78.0,146.0,278.0
0,edge_234_298,2,0,0,-1,0.0,0.0,0.0485319097306479,78.0,146.0,278.0
0,16303,2,4,3,6,0.0,0.5,0.0485319097306479,78.0,146.0,278.0
0,249690,2,4,3,6,0.0,0.5,0.0485319097306479,78.0,146.0,278.0
0,1052,2,4,2,2,0.0,0.5,0.0485319097306479,78.0,146.0,278.0
0,322689,2,3,3,2,0.0,0.3333,0.0485319097306479,78.0,146.0,278.0
0,314297,2,4,3,3,0.0,0.5,0.0485319097306479,78.0,146.0,278.0
0,7257,2,4,3,4,0.0,0.5,0.0485319097306479,78.0,146.0,278.0
0,306383,2,4,3,2,0.0,0.5,0.0485319097306479,78.0,146.0,278.0
0,125222,2,3,4,3,0.0,0.3333,0.0485319097306479,78.0,146.0,278.0
0,233251,2,4,3,2,0.0,0.5,0.0485319097306479,78.0,146.0,278.0
0,191681,2,4,2,4,0.0,0.5,0.0485319097306479,78.0,146.0,278.0
0,edge_10_336962,2,0,0,-1,0.0,0.0,0.0485319097306479,78.0,146.0,278.0
0,311764,2,4,3,7,0.0,0.5,0.0485319097306479,78.0,146.0,278.0
0,399443,2,4,2,3,0.0,0.5,0.0485319097306479,78.0,146.0,278.0
0,388064,2,4,3,6,0.0,0.5,0.0485319097306479,78.0,146.0,278.0
0,393748,2,4,2,6,0.0,0.5,0.0485319097306479,78.0,146.0,278.0
0,216720,2,4,3,11,0.0,0.5,0.0485319097306479,78.0,146.0,278.0
0,283341,2,4,2,13,0.0,0.5,0.0485319097306479,78.0,146.0,278.0
0,150859,2,4,3,4,0.0,0.5,0.0485319097306479,78.0,146.0,278.0
0,46159,2,4,4,7,0.0,0.5,0.0485319097306479,78.0,146.0,278.0
0,46158,2,4,3,8,0.0,0.5,0.0485319097306479,78.0,146.0,278.0
0,238375,2,4,3,7,0.0,0.5,0.0485319097306479,78.0,146.0,278.0
0,19313,2,4,5,7,0.0,0.5,0.0485319097306479,78.0,146.0,278.0
0,45679,2,4,3,6,0.0,0.5,0.0485319097306479,78.0,146.0,278.0
0,110,2,4,3,3,0.0,0.5,0.0485319097306479,78.0,146.0,278.0
0,350794,2,4,2,5,0.0,0.5,0.0485319097306479,78.0,146.0,278.0
0,23508,2,4,3,7,0.0,0.5,0.0485319097306479,78.0,146.0,278.0
0,7025,2,4,3,12,0.0,0.5,0.0485319097306479,78.0,146.0,278.0
0,4563,2,4,3,13,0.0,0.5,0.0485319097306479,78.0,146.0,278.0
0,226372,2,4,3,3,0.0,0.5,0.0485319097306479,78.0,146.0,278.0
0,239646,2,4,4,2,0.0,0.5,0.0485319097306479,78.0,146.0,278.0
0,387403,2,4,3,3,0.0,0.5,0.0485319097306479,78.0,146.0,278.0
0,331048,2,3,2,2,0.0,0.3333,0.0485319097306479,78.0,146.0,278.0
0,52348,2,4,3,3,0.0,0.5,0.0485319097306479,78.0,146.0,278.0
0,edge_10_1034,2,0,0,-1,0.0,0.0,0.0485319097306479,78.0,146.0,278.0
0,edge_314525_319906,2,0,0,-1,0.0,0.0,0.0485319097306479,78.0,146.0,278.0
0,edge_314525_314526,2,0,0,-1,0.0,0.0,0.0485319097306479,78.0,146.0,278.0
0,edge_314526_319904,2,0,0,-1,0.0,0.0,0.0485319097306479,78.0,146.0,278.0
0,edge_314526_319902,2,0,0,-1,0.0,0.0,0.0485319097306479,78.0,146.0,278.0
0,edge_319902_319905,2,0,0,-1,0.0,0.0,0.0485319097306479,78.0,146.0,278.0
0,edge_319900_319905,2,0,0,-1,0.0,0.0,0.0485319097306479,78.0,146.0,278.0
0,edge_319903_319905,2,0,0,-1,0.0,0.0,0.0485319097306479,78.0,146.0,278.0
0,edge_246985_314525,2,0,0,-1,0.0,0.0,0.0485319097306479,78.0,146.0,278.0
0,edge_319901_343204,2,0,0,-1,0.0,0.0,0.0485319097306479,78.0,146.0,278.0
0,edge_314525_343204,2,0,0,-1,0.0,0.0,0.0485319097306479,78.0,146.0,278.0
0,edge_1917_5287,2,0,0,-1,0.0,0.0,0.0485319097306479,78.0,146.0,278.0
0,edge_5287_98155,2,0,0,-1,0.0,0.0,0.0485319097306479,78.0,146.0,278.0
0,edge_12516_362153,2,0,0,-1,0.0,0.0,0.0485319097306479,78.0,146.0,278.0
0,edge_6_92439,2,0,0,-1,0.0,0.0,0.0485319097306479,78.0,146.0,278.0
0,edge_90413_120537,2,0,0,-1,0.0,0.0,0.0485319097306479,78.0,146.0,278.0
0,edge_120538_259173,2,0,0,-1,0.0,0.0,0.0485319097306479,78.0,146.0,278.0
0,edge_7_108,2,0,0,-1,0.0,0.0,0.0485319097306479,78.0,146.0,278.0
0,edge_268843_354975,2,0,0,-1,0.0,0.0,0.0485319097306479,78.0,146.0,278.0
0,edge_6_207086,2,0,0,-1,0.0,0.0,0.0485319097306479,78.0,146.0,278.0
0,edge_155583_256394,2,0,0,-1,0.0,0.0,0.0485319097306479,78.0,146.0,278.0
0,edge_155582_155587,2,0,0,-1,0.0,0.0,0.0485319097306479,78.0,146.0,278.0
0,edge_155580_155582,2,0,0,-1,0.0,0.0,0.0485319097306479,78.0,146.0,278.0
0,edge_155584_155588,2,0,0,-1,0.0,0.0,0.0485319097306479,78.0,146.0,278.0
0,edge_126080_155588,2,0,0,-1,0.0,0.0,0.0485319097306479,78.0,146.0,278.0
0,edge_155581_155586,2,0,0,-1,0.0,0.0,0.0485319097306479,78.0,146.0,278.0
0,edge_155582_155586,2,0,0,-1,0.0,0.0,0.0485319097306479,78.0,146.0,278.0
0,edge_155585_216908,2,0,0,-1,0.0,0.0,0.0485319097306479,78.0,146.0,278.0
0,edge_155581_216908,2,0,0,-1,0.0,0.0,0.0485319097306479,78.0,146.0,278.0
0,edge_155588_283487,2,0,0,-1,0.0,0.0,0.0485319097306479,78.0,146.0,278.0
0,edge_155583_234328,2,0,0,-1,0.0,0.0,0.0485319097306479,78.0,146.0,278.0
0,edge_205129_336867,2,0,0,-1,0.0,0.0,0.0485319097306479,78.0,146.0,278.0
0,edge_229877_229878,2,0,0,-1,0.0,0.0,0.0485319097306479,78.0,146.0,278.0
0,edge_267805_299890,2,0,0,-1,0.0,0.0,0.0485319097306479,78.0,146.0,278.0
0,edge_9_276603,2,0,0,-1,0.0,0.0,0.0485319097306479,78.0,146.0,278.0
0,edge_2_10,2,0,0,-1,0.0,0.0,0.0485319097306479,78.0,146.0,278.0
0,edge_10_376517,2,0,0,-1,0.0,0.0,0.0485319097306479,78.0,146.0,278.0
0,edge_4_18747,2,0,0,-1,0.0,0.0,0.0485319097306479,78.0,146.0,278.0
0,edge_4_207587,2,0,0,-1,0.0,0.0,0.0485319097306479,78.0,146.0,278.0
0,edge_7_126356,2,0,0,-1,0.0,0.0,0.0485319097306479,78.0,146.0,278.0
0,edge_298077_369982,2,0,0,-1,0.0,0.0,0.0485319097306479,78.0,146.0,278.0
0,edge_12456_235277,2,0,0,-1,0.0,0.0,0.0485319097306479,78.0,146.0,278.0
0,edge_4_117167,2,0,0,-1,0.0,0.0,0.0485319097306479,78.0,146.0,278.0
0,edge_106976_178633,2,0,0,-1,0.0,0.0,0.0485319097306479,78.0,146.0,278.0
0,edge_45274_312540,2,0,0,-1,0.0,0.0,0.0485319097306479,78.0,146.0,278.0
0,edge_79185_168784,2,0,0,-1,0.0,0.0,0.0485319097306479,78.0,146.0,278.0
0,edge_10_392938,2,0,0,-1,0.0,0.0,0.0485319097306479,78.0,146.0,278.0
0,edge_83911_251712,2,0,0,-1,0.0,0.0,0.0485319097306479,78.0,146.0,278.0
0,edge_5291_7193,2,0,0,-1,0.0,0.0,0.0485319097306479,78.0,146.0,278.0
0,edge_5287_5288,2,0,0,-1,0.0,0.0,0.0485319097306479,78.0,146.0,278.0
0,edge_9_52336,2,0,0,-1,0.0,0.0,0.0485319097306479,78.0,146.0,278.0
0,edge_385378_387770,2,0,0,-1,0.0,0.0,0.0485319097306479,78.0,146.0,278.0
0,edge_1115_1117,2,0,0,-1,0.0,0.0,0.0485319097306479,78.0,146.0,278.0
0,edge_282179_306750,2,0,0,-1,0.0,0.0,0.0485319097306479,78.0,146.0,278.0
0,edge_344838_354740,2,0,0,-1,0.0,0.0,0.0485319097306479,78.0,146.0,278.0
0,edge_358967_373919,2,0,0,-1,0.0,0.0,0.0485319097306479,78.0,146.0,278.0
0,edge_276_96138,2,0,0,-1,0.0,0.0,0.0485319097306479,78.0,146.0,278.0
0,edge_15416_36045,2,0,0,-1,0.0,0.0,0.0485319097306479,78.0,146.0,278.0
0,edge_15418_36047,2,0,0,-1,0.0,0.0,0.0485319097306479,78.0,146.0,278.0
0,edge_24436_27552,2,0,0,-1,0.0,0.0,0.0485319097306479,78.0,146.0,278.0
0,edge_13892_13894,2,0,0,-1,0.0,0.0,0.0485319097306479,78.0,146.0,278.0
0,edge_1985_13894,2,0,0,-1,0.0,0.0,0.0485319097306479,78.0,146.0,278.0
0,edge_13891_13894,2,0,0,-1,0.0,0.0,0.0485319097306479,78.0,146.0,278.0
0,edge_13893_13894,2,0,0,-1,0.0,0.0,0.0485319097306479,78.0,146.0,278.0
0,edge_9416_20076,2,0,0,-1,0.0,0.0,0.0485319097306479,78.0,146.0,278.0
0,edge_150431_175893,2,0,0,-1,0.0,0.0,0.0485319097306479,78.0,146.0,278.0
0,edge_175893_200293,2,0,0,-1,0.0,0.0,0.0485319097306479,78.0,146.0,278.0
0,edge_168277_176341,2,0,0,-1,0.0,0.0,0.0485319097306479,78.0,146.0,278.0
0,edge_176340_271709,2,0,0,-1,0.0,0.0,0.0485319097306479,78.0,146.0,278.0
0,edge_105_312498,2,0,0,-1,0.0,0.0,0.0485319097306479,78.0,146.0,278.0
0,edge_280064_312498,2,0,0,-1,0.0,0.0,0.0485319097306479,78.0,146.0,278.0
0,edge_232984_280064,2,0,0,-1,0.0,0.0,0.0485319097306479,78.0,146.0,278.0
0,edge_156523_156884,2,0,0,-1,0.0,0.0,0.0485319097306479,78.0,146.0,278.0
0,edge_5_1532,2,0,0,-1,0.0,0.0,0.0485319097306479,78.0,146.0,278.0
0,edge_10_270057,2,0,0,-1,0.0,0.0,0.0485319097306479,78.0,146.0,278.0
0,edge_10_54,2,0,0,-1,0.0,0.0,0.0485319097306479,78.0,146.0,278.0
0,edge_10_403012,2,0,0,-1,0.0,0.0,0.0485319097306479,78.0,146.0,278.0
0,edge_288961_341167,2,0,0,-1,0.0,0.0,0.0485319097306479,78.0,146.0,278.0
0,edge_31205_288961,2,0,0,-1,0.0,0.0,0.0485319097306479,78.0,146.0,278.0
0,edge_360590_363876,2,0,0,-1,0.0,0.0,0.0485319097306479,78.0,146.0,278.0
0,edge_27925_30756,2,0,0,-1,0.0,0.0,0.0485319097306479,78.0,146.0,278.0
0,edge_30758_69010,2,0,0,-1,0.0,0.0,0.0485319097306479,78.0,146.0,278.0
0,edge_69010_127563,2,0,0,-1,0.0,0.0,0.0485319097306479,78.0,146.0,278.0
0,edge_52496_69008,2,0,0,-1,0.0,0.0,0.0485319097306479,78.0,146.0,278.0
0,edge_2_355,2,0,0,-1,0.0,0.0,0.0485319097306479,78.0,146.0,278.0
0,edge_201175_369684,2,0,0,-1,0.0,0.0,0.0485319097306479,78.0,146.0,278.0
0,edge_5288_369684,2,0,0,-1,0.0,0.0,0.0485319097306479,78.0,146.0,278.0
0,edge_252499_392938,2,0,0,-1,0.0,0.0,0.0485319097306479,78.0,146.0,278.0
0,edge_234837_234840,2,0,0,-1,0.0,0.0,0.0485319097306479,78.0,146.0,278.0
0,edge_7609_385282,2,0,0,-1,0.0,0.0,0.0485319097306479,78.0,146.0,278.0
0,edge_380770_393093,2,0,0,-1,0.0,0.0,0.0485319097306479,78.0,146.0,278.0
0,edge_7_9,2,0,0,-1,0.0,0.0,0.0485319097306479,78.0,146.0,278.0
0,edge_252499_264129,2,0,0,-1,0.0,0.0,0.0485319097306479,78.0,146.0,278.0
0,edge_442_253425,2,0,0,-1,0.0,0.0,0.0485319097306479,78.0,146.0,278.0
0,edge_13806_28820,2,0,0,-1,0.0,0.0,0.0485319097306479,78.0,146.0,278.0
0,edge_13806_26577,2,0,0,-1,0.0,0.0,0.0485319097306479,78.0,146.0,278.0
0,edge_26579_28818,2,0,0,-1,0.0,0.0,0.0485319097306479,78.0,146.0,278.0
0,edge_26577_26579,2,0,0,-1,0.0,0.0,0.0485319097306479,78.0,146.0,278.0
0,edge_28819_28820,2,0,0,-1,0.0,0.0,0.0485319097306479,78.0,146.0,278.0
0,edge_26580_28819,2,0,0,-1,0.0,0.0,0.0485319097306479,78.0,146.0,278.0
0,edge_26578_28818,2,0,0,-1,0.0,0.0,0.0485319097306479,78.0,146.0,278.0
0,edge_26579_28820,2,0,0,-1,0.0,0.0,0.0485319097306479,78.0,146.0,278.0
0,edge_26576_26579,2,0,0,-1,0.0,0.0,0.0485319097306479,78.0,146.0,278.0
0,edge_741_3265,2,0,0,-1,0.0,0.0,0.0485319097306479,78.0,146.0,278.0
0,edge_347_442,2,0,0,-1,0.0,0.0,0.0485319097306479,78.0,146.0,278.0
0,edge_1058_2197,2,0,0,-1,0.0,0.0,0.0485319097306479,78.0,146.0,278.0
0,edge_1059_2494,2,0,0,-1,0.0,0.0,0.0485319097306479,78.0,146.0,278.0
0,edge_166_2494,2,0,0,-1,0.0,0.0,0.0485319097306479,78.0,146.0,278.0
0,edge_61_1059,2,0,0,-1,0.0,0.0,0.0485319097306479,78.0,146.0,278.0
0,edge_61_1056,2,0,0,-1,0.0,0.0,0.0485319097306479,78.0,146.0,278.0
0,edge_25381_37163,2,0,0,-1,0.0,0.0,0.0485319097306479,78.0,146.0,278.0
0,edge_6_398189,2,0,0,-1,0.0,0.0,0.0485319097306479,78.0,146.0,278.0
0,edge_6_385989,2,0,0,-1,0.0,0.0,0.0485319097306479,78.0,146.0,278.0
0,edge_289183_321892,2,0,0,-1,0.0,0.0,0.0485319097306479,78.0,146.0,278.0
0,edge_289184_317115,2,0,0,-1,0.0,0.0,0.0485319097306479,78.0,146.0,278.0
0,edge_289184_345673,2,0,0,-1,0.0,0.0,0.0485319097306479,78.0,146.0,278.0
0,edge_16264_246767,2,0,0,-1,0.0,0.0,0.0485319097306479,78.0,146.0,278.0
0,edge_16263_285259,2,0,0,-1,0.0,0.0,0.0485319097306479,78.0,146.0,278.0
0,edge_63537_192496,2,0,0,-1,0.0,0.0,0.0485319097306479,78.0,146.0,278.0
0,edge_16267_63538,2,0,0,-1,0.0,0.0,0.0485319097306479,78.0,146.0,278.0
0,edge_398148_400395,2,0,0,-1,0.0,0.0,0.0485319097306479,78.0,146.0,278.0
0,edge_398148_400315,2,0,0,-1,0.0,0.0,0.0485319097306479,78.0,146.0,278.0
0,edge_398147_398149,2,0,0,-1,0.0,0.0,0.0485319097306479,78.0,146.0,278.0
0,edge_172793_172795,2,0,0,-1,0.0,0.0,0.0485319097306479,78.0,146.0,278.0
0,edge_102630_172795,2,0,0,-1,0.0,0.0,0.0485319097306479,78.0,146.0,278.0
0,edge_102630_172794,2,0,0,-1,0.0,0.0,0.0485319097306479,78.0,146.0,278.0
0,edge_108_172017,2,0,0,-1,0.0,0.0,0.0485319097306479,78.0,146.0,278.0
0,edge_300_1959,2,0,0,-1,0.0,0.0,0.0485319097306479,78.0,146.0,278.0
0,edge_234_300,2,0,0,-1,0.0,0.0,0.0485319097306479,78.0,146.0,278.0
0,edge_300_355,2,0,0,-1,0.0,0.0,0.0485319097306479,78.0,146.0,278.0
0,edge_391888_393317,2,0,0,-1,0.0,0.0,0.0485319097306479,78.0,146.0,278.0
0,edge_391888_393318,2,0,0,-1,0.0,0.0,0.0485319097306479,78.0,146.0,278.0
0,edge_391888_393316,2,0,0,-1,0.0,0.0,0.0485319097306479,78.0,146.0,278.0
0,edge_48_197727,2,0,0,-1,0.0,0.0,0.0485319097306479,78.0,146.0,278.0
0,edge_66688_74522,2,0,0,-1,0.0,0.0,0.0485319097306479,78.0,146.0,278.0
0,edge_48490_62791,2,0,0,-1,0.0,0.0,0.0485319097306479,78.0,146.0,278.0
0,edge_105667_105668,2,0,0,-1,0.0,0.0,0.0485319097306479,78.0,146.0,278.0
0,edge_6_363883,2,0,0,-1,0.0,0.0,0.0485319097306479,78.0,146.0,278.0
0,edge_1122_363883,2,0,0,-1,0.0,0.0,0.0485319097306479,78.0,146.0,278.0
0,edge_334462_334641,2,0,0,-1,0.0,0.0,0.0485319097306479,78.0,146.0,278.0
0,edge_12467_21855,2,0,0,-1,0.0,0.0,0.0485319097306479,78.0,146.0,278.0
0,edge_3_5,2,0,0,-1,0.0,0.0,0.0485319097306479,78.0,146.0,278.0
0,4955,2,2,3,2,0.0,1.0,0.0485319097306479,78.0,146.0,278.0
0,edge_39647_106257,2,0,0,-1,0.0,0.0,0.0485319097306479,78.0,146.0,278.0
0,edge_106257_143197,2,0,0,-1,0.0,0.0,0.0485319097306479,78.0,146.0,278.0
0,edge_106257_143196,2,0,0,-1,0.0,0.0,0.0485319097306479,78.0,146.0,278.0
0,edge_39642_166218,2,0,0,-1,0.0,0.0,0.0485319097306479,78.0,146.0,278.0
0,edge_155356_350139,2,0,0,-1,0.0,0.0,0.0485319097306479,78.0,146.0,278.0
0,edge_155356_209526,2,0,0,-1,0.0,0.0,0.0485319097306479,78.0,146.0,278.0
0,edge_12464_16304,2,0,0,-1,0.0,0.0,0.0485319097306479,78.0,146.0,278.0
0,edge_54_119,2,0,0,-1,0.0,0.0,0.0485319097306479,78.0,146.0,278.0
0,edge_314297_322689,2,0,0,-1,0.0,0.0,0.0485319097306479,78.0,146.0,278.0
0,edge_314297_322688,2,0,0,-1,0.0,0.0,0.0485319097306479,78.0,146.0,278.0
0,edge_322688_339925,2,0,0,-1,0.0,0.0,0.0485319097306479,78.0,146.0,278.0
0,edge_277941_278452,2,0,0,-1,0.0,0.0,0.0485319097306479,78.0,146.0,278.0
0,edge_7259_278452,2,0,0,-1,0.0,0.0,0.0485319097306479,78.0,146.0,278.0
0,edge_277941_278451,2,0,0,-1,0.0,0.0,0.0485319097306479,78.0,146.0,278.0
0,edge_2_47,2,0,0,-1,0.0,0.0,0.0485319097306479,78.0,146.0,278.0
0,edge_5_391479,2,0,0,-1,0.0,0.0,0.0485319097306479,78.0,146.0,278.0
0,edge_67029_391479,2,0,0,-1,0.0,0.0,0.0485319097306479,78.0,146.0,278.0
0,edge_306678_349604,2,0,0,-1,0.0,0.0,0.0485319097306479,78.0,146.0,278.0
0,edge_156348_306678,2,0,0,-1,0.0,0.0,0.0485319097306479,78.0,146.0,278.0
0,edge_119532_156348,2,0,0,-1,0.0,0.0,0.0485319097306479,78.0,146.0,278.0
0,edge_156348_177161,2,0,0,-1,0.0,0.0,0.0485319097306479,78.0,146.0,278.0
0,edge_156348_157772,2,0,0,-1,0.0,0.0,0.0485319097306479,78.0,146.0,278.0
0,edge_345650_345651,2,0,0,-1,0.0,0.0,0.0485319097306479,78.0,146.0,278.0
0,edge_311769_344144,2,0,0,-1,0.0,0.0,0.0485319097306479,78.0,146.0,278.0
0,edge_345650_367427,2,0,0,-1,0.0,0.0,0.0485319097306479,78.0,146.0,278.0
0,edge_363883_363884,2,0,0,-1,0.0,0.0,0.0485319097306479,78.0,146.0,278.0
0,edge_108_399443,2,0,0,-1,0.0,0.0,0.0485319097306479,78.0,146.0,278.0
0,edge_46_399443,2,0,0,-1,0.0,0.0,0.0485319097306479,78.0,146.0,278.0
0,edge_378620_388061,2,0,0,-1,0.0,0.0,0.0485319097306479,78.0,146.0,278.0
0,edge_388064_388067,2,0,0,-1,0.0,0.0,0.0485319097306479,78.0,146.0,278.0
0,edge_398378_398379,2,0,0,-1,0.0,0.0,0.0485319097306479,78.0,146.0,278.0
0,edge_9777_395211,2,0,0,-1,0.0,0.0,0.0485319097306479,78.0,146.0,278.0
0,edge_376227_393749,2,0,0,-1,0.0,0.0,0.0485319097306479,78.0,146.0,278.0
0,edge_376227_393748,2,0,0,-1,0.0,0.0,0.0485319097306479,78.0,146.0,278.0
0,edge_9_371122,2,0,0,-1,0.0,0.0,0.0485319097306479,78.0,146.0,278.0
0,edge_21378_21379,2,0,0,-1,0.0,0.0,0.0485319097306479,78.0,146.0,278.0
0,edge_232024_283341,2,0,0,-1,0.0,0.0,0.0485319097306479,78.0,146.0,278.0
0,edge_9_201540,2,0,0,-1,0.0,0.0,0.0485319097306479,78.0,146.0,278.0
0,edge_19314_21351,2,0,0,-1,0.0,0.0,0.0485319097306479,78.0,146.0,278.0
0,edge_7609_19312,2,0,0,-1,0.0,0.0,0.0485319097306479,78.0,146.0,278.0
0,edge_7609_328122,2,0,0,-1,0.0,0.0,0.0485319097306479,78.0,146.0,278.0
0,edge_156133_158651,2,0,0,-1,0.0,0.0,0.0485319097306479,78.0,146.0,278.0
0,edge_156135_350794,2,0,0,-1,0.0,0.0,0.0485319097306479,78.0,146.0,278.0
0,edge_290535_326126,2,0,0,-1,0.0,0.0,0.0485319097306479,78.0,146.0,278.0
0,edge_4563_161183,2,0,0,-1,0.0,0.0,0.0485319097306479,78.0,146.0,278.0
0,edge_161183_349264,2,0,0,-1,0.0,0.0,0.0485319097306479,78.0,146.0,278.0
0,edge_299783_301516,2,0,0,-1,0.0,0.0,0.0485319097306479,78.0,146.0,278.0
0,edge_299783_301515,2,0,0,-1,0.0,0.0,0.0485319097306479,78.0,146.0,278.0
0,edge_299783_340650,2,0,0,-1,0.0,0.0,0.0485319097306479,78.0,146.0,278.0
0,edge_301516_320819,2,0,0,-1,0.0,0.0,0.0485319097306479,78.0,146.0,278.0
0,edge_301516_340649,2,0,0,-1,0.0,0.0,0.0485319097306479,78.0,146.0,278.0
0,edge_35572_35745,2,0,0,-1,0.0,0.0,0.0485319097306479,78.0,146.0,278.0
0,edge_52348_331048,2,0,0,-1,0.0,0.0,0.0485319097306479,78.0,146.0,278.0
2,2,383,340,6,0,0.42036553524804177,0.3353,15.090622537431049,14937.0,27959.0,53237.0
2,4,83,90,58,1,0.3132530120481928,0.3556,3.2702915681639086,3237.0,6059.0,11537.0
2,54,79,90,35,1,0.43037974683544306,0.4889,3.1126871552403466,3081.0,5767.0,10981.0
2,edge_1_2,58,0,0,-1,0.0,0.0,2.285263987391647,2262.0,4234.0,8062.0
2,edge_2_6,46,0,0,-1,0.3695652173913043,0.0,1.8124507486209613,1794.0,3358.0,6394.0
2,edge_2_54,42,0,0,-1,0.0,0.0,1.6548463356973995,1638.0,3066.0,5838.0
2,193921,41,15,5,8,0.6341463414634146,1.0,1.615445232466509,1599.0,2993.0,5699.0
2,edge_2_47,34,0,0,-1,0.0,0.0,1.3396375098502757,1326.0,2482.0,4726.0
2,edge_2_355,31,0,0,-1,0.0,0.0,1.2214342001576044,1209.0,2263.0,4309.0
2,214486,29,20,2,9,0.6551724137931034,0.5,1.1426319936958236,1131.0,2117.0,4031.0
2,193922,29,28,10,7,0.5172413793103449,0.5,1.1426319936958236,1131.0,2117.0,4031.0
2,402301,28,32,3,2,0.42857142857142855,0.5,1.103230890464933,1092.0,2044.0,3892.0
2,edge_2_4,26,0,0,-1,0.0,0.0,1.024428684003152,1014.0,1898.0,3614.0
2,214483,21,8,2,9,0.8095238095238095,0.5,0.8274231678486997,819.0,1533.0,2919.0
2,22360,20,16,9,3,0.6,0.5,0.7880220646178093,780.0,1460.0,2780.0
2,8,19,23,12,2,0.3684210526315789,0.4783,0.7486209613869188,741.0,1387.0,2641.0
2,5164,19,28,8,3,0.2631578947368421,0.5,0.7486209613869188,741.0,1387.0,2641.0
2,46,18,24,12,2,0.3333333333333333,0.5,0.7092198581560284,702.0,1314.0,2502.0
2,edge_402301_402302,18,0,0,-1,0.5,0.0,0.7092198581560284,702.0,1314.0,2502.0
2,64343,17,27,7,10,0.17647058823529413,0.4815,0.6698187549251379,663.0,1241.0,2363.0
2,85669,17,13,5,9,0.5882352941176471,0.4615,0.6698187549251379,663.0,1241.0,2363.0
2,53015,16,14,6,6,0.5625,0.5,0.6304176516942475,624.0,1168.0,2224.0
2,64345,15,12,4,10,0.6,0.5,0.5910165484633569,585.0,1095.0,2085.0
2,173185,14,19,8,7,0.2857142857142857,0.4737,0.5516154452324665,546.0,1022.0,1946.0
2,5562,14,12,7,2,0.5714285714285714,0.5,0.5516154452324665,546.0,1022.0,1946.0
2,306578,13,18,8,2,0.23076923076923078,0.4444,0.512214342001576,507.0,949.0,1807.0
2,7670,13,8,7,2,0.46153846153846156,0.125,0.512214342001576,507.0,949.0,1807.0
2,64344,13,19,5,11,0.23076923076923078,0.4737,0.512214342001576,507.0,949.0,1807.0
2,368756,13,11,4,2,0.5384615384615384,0.4545,0.512214342001576,507.0,949.0,1807.0
2,107441,13,16,4,4,0.38461538461538464,0.5,0.512214342001576,507.0,949.0,1807.0
2,100711,13,11,4,2,0.5384615384615384,0.4545,0.512214342001576,507.0,949.0,1807.0
2,53784,12,5,3,5,0.75,0.4,0.4728132387706856,468.0,876.0,1668.0
2,140259,12,23,8,8,0.0,0.4783,0.4728132387706856,468.0,876.0,1668.0
2,272416,12,10,3,5,0.5833333333333334,0.5,0.4728132387706856,468.0,876.0,1668.0
2,144852,12,16,7,8,0.3333333333333333,0.5,0.4728132387706856,468.0,876.0,1668.0
2,153402,12,10,4,5,0.5,0.4,0.4728132387706856,468.0,876.0,1668.0
2,64079,12,12,5,3,0.5,0.5,0.4728132387706856,468.0,876.0,1668.0
2,35,11,16,10,3,0.18181818181818182,0.4375,0.43341213553979513,429.0,803.0,1529.0
2,2198,11,8,3,3,0.6363636363636364,0.5,0.43341213553979513,429.0,803.0,1529.0
2,edge_86480_193921,11,0,0,-1,0.36363636363636365,0.0,0.43341213553979513,429.0,803.0,1529.0
2,5726,10,12,7,3,0.4,0.5,0.39401103230890466,390.0,730.0,1390.0
2,207897,10,12,5,2,0.4,0.5,0.39401103230890466,390.0,730.0,1390.0
2,193923,10,6,3,8,0.7,0.5,0.39401103230890466,390.0,730.0,1390.0
2,174788,9,11,6,5,0.2222222222222222,0.3636,0.3546099290780142,351.0,657.0,1251.0
2,126356,9,12,4,2,0.3333333333333333,0.5,0.3546099290780142,351.0,657.0,1251.0
2,1056,9,12,4,3,0.3333333333333333,0.5,0.3546099290780142,351.0,657.0,1251.0
2,12606,9,9,5,3,0.4444444444444444,0.4444,0.3546099290780142,351.0,657.0,1251.0
2,edge_140259_214482,9,0,0,-1,0.5555555555555556,0.0,0.3546099290780142,351.0,657.0,1251.0
2,edge_214482_214486,9,0,0,-1,0.2222222222222222,0.0,0.3546099290780142,351.0,657.0,1251.0
2,237324,8,8,6,4,0.375,0.375,0.31520882584712373,312.0,584.0,1112.0
2,260108,8,9,4,2,0.25,0.3333,0.31520882584712373,312.0,584.0,1112.0
2,184669,8,10,4,2,0.375,0.5,0.31520882584712373,312.0,584.0,1112.0
2,201934,8,6,3,3,0.625,0.5,0.31520882584712373,312.0,584.0,1112.0
2,272413,8,4,2,7,0.75,0.5,0.31520882584712373,312.0,584.0,1112.0
2,1091,8,14,5,4,0.125,0.5,0.31520882584712373,312.0,584.0,1112.0
2,194,8,12,7,3,0.25,0.5,0.31520882584712373,312.0,584.0,1112.0
2,316050,8,12,7,2,0.125,0.4167,0.31520882584712373,312.0,584.0,1112.0
2,edge_214482_214483,8,0,0,-1,0.625,0.0,0.31520882584712373,312.0,584.0,1112.0
2,189,7,8,6,5,0.2857142857142857,0.375,0.27580772261623326,273.0,511.0,973.0
2,351864,7,3,3,3,0.7142857142857143,0.3333,0.27580772261623326,273.0,511.0,973.0
2,262156,7,7,7,2,0.14285714285714285,0.1429,0.27580772261623326,273.0,511.0,973.0
2,209711,7,10,5,3,0.2857142857142857,0.5,0.27580772261623326,273.0,511.0,973.0
2,103048,7,10,3,2,0.2857142857142857,0.5,0.27580772261623326,273.0,511.0,973.0
2,107440,7,6,3,3,0.5714285714285714,0.5,0.27580772261623326,273.0,511.0,973.0
2,53785,7,6,4,7,0.5714285714285714,0.5,0.27580772261623326,273.0,511.0,973.0
2,61028,7,14,5,4,0.14285714285714285,0.5,0.27580772261623326,273.0,511.0,973.0
2,1089,7,13,8,4,0.0,0.4615,0.27580772261623326,273.0,511.0,973.0
2,311767,7,8,4,3,0.42857142857142855,0.5,0.27580772261623326,273.0,511.0,973.0
2,edge_402300_402301,7,0,0,-1,0.0,0.0,0.27580772261623326,273.0,511.0,973.0
2,edge_64344_64345,7,0,0,-1,0.0,0.0,0.27580772261623326,273.0,511.0,973.0
2,334229,6,4,3,6,0.6666666666666666,0.5,0.2364066193853428,234.0,438.0,834.0
2,1136,6,6,4,6,0.5,0.5,0.2364066193853428,234.0,438.0,834.0
2,214485,6,7,3,8,0.3333333333333333,0.4286,0.2364066193853428,234.0,438.0,834.0
2,193926,6,8,4,8,0.3333333333333333,0.5,0.2364066193853428,234.0,438.0,834.0
2,2197,6,10,4,4,0.16666666666666666,0.5,0.2364066193853428,234.0,438.0,834.0
2,232907,6,6,4,3,0.5,0.5,0.2364066193853428,234.0,438.0,834.0
2,29061,6,7,5,6,0.3333333333333333,0.4286,0.2364066193853428,234.0,438.0,834.0
2,edge_173185_173186,6,0,0,-1,0.5,0.0,0.2364066193853428,234.0,438.0,834.0
2,edge_59_1056,6,0,0,-1,0.5,0.0,0.2364066193853428,234.0,438.0,834.0
2,334230,5,6,3,5,0.4,0.5,0.19700551615445233,195.0,365.0,695.0
2,324306,5,2,2,2,0.8,0.5,0.19700551615445233,195.0,365.0,695.0
2,31623,5,6,4,6,0.4,0.5,0.19700551615445233,195.0,365.0,695.0
2,144075,5,7,4,8,0.2,0.4286,0.19700551615445233,195.0,365.0,695.0
2,48067,5,4,3,10,0.6,0.5,0.19700551615445233,195.0,365.0,695.0
2,2547,5,10,5,3,0.0,0.5,0.19700551615445233,195.0,365.0,695.0
2,264680,5,6,4,4,0.4,0.5,0.19700551615445233,195.0,365.0,695.0
2,104586,5,4,2,6,0.6,0.5,0.19700551615445233,195.0,365.0,695.0
2,469,5,6,4,3,0.4,0.5,0.19700551615445233,195.0,365.0,695.0
2,162599,5,3,3,4,0.6,0.3333,0.19700551615445233,195.0,365.0,695.0
2,375855,5,6,4,2,0.4,0.5,0.19700551615445233,195.0,365.0,695.0
2,58,5,4,3,3,0.6,0.5,0.19700551615445233,195.0,365.0,695.0
2,65646,5,4,3,2,0.4,0.25,0.19700551615445233,195.0,365.0,695.0
2,320522,5,8,3,3,0.2,0.5,0.19700551615445233,195.0,365.0,695.0
2,401567,5,8,2,3,0.2,0.5,0.19700551615445233,195.0,365.0,695.0
2,edge_140259_214486,5,0,0,-1,0.0,0.0,0.19700551615445233,195.0,365.0,695.0
2,edge_48069_64343,5,0,0,-1,0.4,0.0,0.19700551615445233,195.0,365.0,695.0
2,edge_64343_64344,5,0,0,-1,0.0,0.0,0.19700551615445233,195.0,365.0,695.0
2,edge_186392_193921,5,0,0,-1,0.4,0.0,0.19700551615445233,195.0,365.0,695.0
2,edge_51_5164,5,0,0,-1,0.4,0.0,0.19700551615445233,195.0,365.0,695.0
2,edge_262156_306578,4,0,0,-1,0.0,0.0,0.15760441292356187,156.0,292.0,556.0
2,364158,4,8,3,2,0.0,0.5,0.15760441292356187,156.0,292.0,556.0
2,edge_54_260108,4,0,0,-1,0.0,0.0,0.15760441292356187,156.0,292.0,556.0
2,edge_186_7670,4,0,0,-1,0.5,0.0,0.15760441292356187,156.0,292.0,556.0
2,402300,4,8,3,3,0.0,0.5,0.15760441292356187,156.0,292.0,556.0
2,48073,4,3,4,9,0.5,0.3333,0.15760441292356187,156.0,292.0,556.0
2,48071,4,6,3,10,0.25,0.5,0.15760441292356187,156.0,292.0,556.0
2,13792,4,6,3,2,0.25,0.5,0.15760441292356187,156.0,292.0,556.0
2,1050,4,4,3,3,0.5,0.5,0.15760441292356187,156.0,292.0,556.0
2,1702,4,4,3,7,0.5,0.5,0.15760441292356187,156.0,292.0,556.0
2,161311,4,6,3,10,0.0,0.3333,0.15760441292356187,156.0,292.0,556.0
2,82286,4,6,4,9,0.25,0.5,0.15760441292356187,156.0,292.0,556.0
2,193924,4,6,4,9,0.25,0.5,0.15760441292356187,156.0,292.0,556.0
2,208272,4,2,2,4,0.75,0.5,0.15760441292356187,156.0,292.0,556.0
2,edge_5_306578,4,0,0,-1,0.5,0.0,0.15760441292356187,156.0,292.0,556.0
2,edge_350300_364158,4,0,0,-1,0.5,0.0,0.15760441292356187,156.0,292.0,556.0
2,edge_402107_402300,4,0,0,-1,0.5,0.0,0.15760441292356187,156.0,292.0,556.0
2,edge_173185_214485,4,0,0,-1,0.0,0.0,0.15760441292356187,156.0,292.0,556.0
2,edge_61028_61030,4,0,0,-1,0.5,0.0,0.15760441292356187,156.0,292.0,556.0
2,edge_61028_61029,4,0,0,-1,0.5,0.0,0.15760441292356187,156.0,292.0,556.0
2,edge_184669_323136,4,0,0,-1,0.5,0.0,0.15760441292356187,156.0,292.0,556.0
2,edge_194_2750,4,0,0,-1,0.5,0.0,0.15760441292356187,156.0,292.0,556.0
2,edge_6_45481,4,0,0,-1,0.5,0.0,0.15760441292356187,156.0,292.0,556.0
2,70625,4,3,3,5,0.25,1.0,0.15760441292356187,156.0,292.0,556.0
2,edge_4_368756,4,0,0,-1,0.0,0.0,0.15760441292356187,156.0,292.0,556.0
2,edge_193923_203132,4,0,0,-1,0.0,0.0,0.15760441292356187,156.0,292.0,556.0
2,edge_193921_193922,4,0,0,-1,0.0,0.0,0.15760441292356187,156.0,292.0,556.0
2,edge_193922_261183,4,0,0,-1,0.0,0.0,0.15760441292356187,156.0,292.0,556.0
2,edge_6_126356,4,0,0,-1,0.25,0.0,0.15760441292356187,156.0,292.0,556.0
2,edge_5_126356,4,0,0,-1,0.5,0.0,0.15760441292356187,156.0,292.0,556.0
2,edge_8_5164,4,0,0,-1,0.0,0.0,0.15760441292356187,156.0,292.0,556.0
2,edge_2198_5164,4,0,0,-1,0.0,0.0,0.15760441292356187,156.0,292.0,556.0
2,edge_5_401567,4,0,0,-1,0.25,0.0,0.15760441292356187,156.0,292.0,556.0
2,edge_6_100711,4,0,0,-1,0.5,0.0,0.15760441292356187,156.0,292.0,556.0
2,edge_64079_71322,4,0,0,-1,0.0,0.0,0.15760441292356187,156.0,292.0,556.0
2,168404,3,4,3,3,0.3333333333333333,0.5,0.1182033096926714,117.0,219.0,417.0
2,243696,3,6,4,6,0.0,0.5,0.1182033096926714,117.0,219.0,417.0
2,265218,3,6,3,4,0.0,0.5,0.1182033096926714,117.0,219.0,417.0
2,380207,3,5,4,8,0.0,0.4,0.1182033096926714,117.0,219.0,417.0
2,58129,3,6,3,11,0.0,0.5,0.1182033096926714,117.0,219.0,417.0
2,45481,3,6,3,2,0.0,0.5,0.1182033096926714,117.0,219.0,417.0
2,207587,3,6,4,2,0.0,0.5,0.1182033096926714,117.0,219.0,417.0
2,1048,3,2,2,4,0.3333333333333333,0.0,0.1182033096926714,117.0,219.0,417.0
2,1528,3,5,5,6,0.0,0.4,0.1182033096926714,117.0,219.0,417.0
2,edge_40159_161311,3,0,0,-1,0.3333333333333333,0.0,0.1182033096926714,117.0,219.0,417.0
2,193920,3,2,2,9,0.6666666666666666,0.5,0.1182033096926714,117.0,219.0,417.0
2,311764,3,6,3,4,0.0,0.5,0.1182033096926714,117.0,219.0,417.0
2,edge_234_65646,3,0,0,-1,0.3333333333333333,0.0,0.1182033096926714,117.0,219.0,417.0
2,27600,3,3,3,4,0.3333333333333333,0.3333,0.1182033096926714,117.0,219.0,417.0
2,edge_27600_153402,3,0,0,-1,0.0,0.0,0.1182033096926714,117.0,219.0,417.0
2,59856,3,4,3,2,0.3333333333333333,0.5,0.1182033096926714,117.0,219.0,417.0
2,edge_5_54,3,0,0,-1,0.3333333333333333,0.0,0.1182033096926714,117.0,219.0,417.0
2,edge_54_5738,3,0,0,-1,0.0,0.0,0.1182033096926714,117.0,219.0,417.0
2,edge_54_207086,3,0,0,-1,0.0,0.0,0.1182033096926714,117.0,219.0,417.0
2,edge_9_54,3,0,0,-1,0.6666666666666666,0.0,0.1182033096926714,117.0,219.0,417.0
2,edge_184669_209711,3,0,0,-1,0.0,0.0,0.1182033096926714,117.0,219.0,417.0
2,edge_103048_107440,3,0,0,-1,0.0,0.0,0.1182033096926714,117.0,219.0,417.0
2,edge_5726_103048,3,0,0,-1,0.0,0.0,0.1182033096926714,117.0,219.0,417.0
2,edge_232277_265218,3,0,0,-1,0.3333333333333333,0.0,0.1182033096926714,117.0,219.0,417.0
2,edge_53784_53786,3,0,0,-1,0.3333333333333333,0.0,0.1182033096926714,117.0,219.0,417.0
2,edge_58129_64343,3,0,0,-1,0.0,0.0,0.1182033096926714,117.0,219.0,417.0
2,edge_64343_64345,3,0,0,-1,0.0,0.0,0.1182033096926714,117.0,219.0,417.0
2,edge_48069_64345,3,0,0,-1,0.6666666666666666,0.0,0.1182033096926714,117.0,219.0,417.0
2,edge_1089_272416,3,0,0,-1,0.0,0.0,0.1182033096926714,117.0,219.0,417.0
2,edge_104586_272416,3,0,0,-1,0.0,0.0,0.1182033096926714,117.0,219.0,417.0
2,edge_1091_1092,3,0,0,-1,0.0,0.0,0.1182033096926714,117.0,219.0,417.0
2,edge_1091_4053,3,0,0,-1,0.0,0.0,0.1182033096926714,117.0,219.0,417.0
2,edge_70625_385218,3,0,0,-1,0.0,0.0,0.1182033096926714,117.0,219.0,417.0
2,edge_144852_193922,3,0,0,-1,0.0,0.0,0.1182033096926714,117.0,219.0,417.0
2,edge_144852_193923,3,0,0,-1,0.0,0.0,0.1182033096926714,117.0,219.0,417.0
2,edge_85669_161311,3,0,0,-1,0.0,0.0,0.1182033096926714,117.0,219.0,417.0
2,edge_144852_193921,3,0,0,-1,0.0,0.0,0.1182033096926714,117.0,219.0,417.0
2,edge_193922_307090,3,0,0,-1,0.3333333333333333,0.0,0.1182033096926714,117.0,219.0,417.0
2,edge_82286_85669,3,0,0,-1,0.0,0.0,0.1182033096926714,117.0,219.0,417.0
2,edge_144852_193926,3,0,0,-1,0.0,0.0,0.1182033096926714,117.0,219.0,417.0
2,edge_5_5164,3,0,0,-1,0.3333333333333333,0.0,0.1182033096926714,117.0,219.0,417.0
2,edge_1535_5164,3,0,0,-1,0.0,0.0,0.1182033096926714,117.0,219.0,417.0
2,1535,3,3,3,4,0.0,1.0,0.1182033096926714,117.0,219.0,417.0
2,edge_60_5164,3,0,0,-1,0.3333333333333333,0.0,0.1182033096926714,117.0,219.0,417.0
2,edge_12606_93155,3,0,0,-1,0.3333333333333333,0.0,0.1182033096926714,117.0,219.0,417.0
2,edge_47_54,3,0,0,-1,0.0,0.0,0.1182033096926714,117.0,219.0,417.0
2,edge_5562_7267,3,0,0,-1,0.0,0.0,0.1182033096926714,117.0,219.0,417.0
2,edge_311767_345650,3,0,0,-1,0.6666666666666666,0.0,0.1182033096926714,117.0,219.0,417.0
2,edge_29685_153402,3,0,0,-1,0.3333333333333333,0.0,0.1182033096926714,117.0,219.0,417.0
2,edge_22360_107441,3,0,0,-1,0.0,0.0,0.1182033096926714,117.0,219.0,417.0
2,edge_107440_107441,3,0,0,-1,0.0,0.0,0.1182033096926714,117.0,219.0,417.0
2,edge_100711_155780,3,0,0,-1,0.0,0.0,0.1182033096926714,117.0,219.0,417.0
2,2493,2,4,3,2,0.0,0.5,0.07880220646178093,78.0,146.0,278.0
2,68280,2,2,2,3,0.5,0.5,0.07880220646178093,78.0,146.0,278.0
2,68281,2,2,2,4,0.5,0.5,0.07880220646178093,78.0,146.0,278.0
2,387898,2,2,1,6,0.5,0.5,0.07880220646178093,78.0,146.0,278.0
2,edge_237324_328844,2,0,0,-1,0.5,0.0,0.07880220646178093,78.0,146.0,278.0
2,256947,2,2,2,2,0.5,0.5,0.07880220646178093,78.0,146.0,278.0
2,edge_262156_304146,2,0,0,-1,0.0,0.0,0.07880220646178093,78.0,146.0,278.0
2,118,2,2,3,3,0.5,0.5,0.07880220646178093,78.0,146.0,278.0
2,edge_4_7670,2,0,0,-1,0.0,0.0,0.07880220646178093,78.0,146.0,278.0
2,edge_140259_214485,2,0,0,-1,0.0,0.0,0.07880220646178093,78.0,146.0,278.0
2,38143,2,4,5,9,0.0,0.5,0.07880220646178093,78.0,146.0,278.0
2,edge_64344_265084,2,0,0,-1,0.5,0.0,0.07880220646178093,78.0,146.0,278.0
2,56,2,2,3,3,0.5,0.5,0.07880220646178093,78.0,146.0,278.0
2,edge_57_1089,2,0,0,-1,0.5,0.0,0.07880220646178093,78.0,146.0,278.0
2,48,2,4,4,2,0.0,0.5,0.07880220646178093,78.0,146.0,278.0
2,385218,2,4,2,6,0.0,0.5,0.07880220646178093,78.0,146.0,278.0
2,edge_4_48946,2,0,0,-1,0.0,0.0,0.07880220646178093,78.0,146.0,278.0
2,edge_4_173610,2,0,0,-1,0.5,0.0,0.07880220646178093,78.0,146.0,278.0
2,edge_35_275223,2,0,0,-1,0.5,0.0,0.07880220646178093,78.0,146.0,278.0
2,edge_1048_1050,2,0,0,-1,0.0,0.0,0.07880220646178093,78.0,146.0,278.0
2,edge_4942_174788,2,0,0,-1,0.0,0.0,0.07880220646178093,78.0,146.0,278.0
2,203132,2,4,2,9,0.0,0.5,0.07880220646178093,78.0,146.0,278.0
2,edge_80073_85669,2,0,0,-1,0.5,0.0,0.07880220646178093,78.0,146.0,278.0
2,261183,2,4,1,8,0.0,0.5,0.07880220646178093,78.0,146.0,278.0
2,42705,2,4,3,3,0.0,0.5,0.07880220646178093,78.0,146.0,278.0
2,5738,2,4,3,2,0.0,0.5,0.07880220646178093,78.0,146.0,278.0
2,edge_5738_316050,2,0,0,-1,0.0,0.0,0.07880220646178093,78.0,146.0,278.0
2,7267,2,4,1,3,0.0,0.5,0.07880220646178093,78.0,146.0,278.0
2,edge_4_261444,2,0,0,-1,0.0,0.0,0.07880220646178093,78.0,146.0,278.0
2,60856,2,2,1,3,0.5,0.5,0.07880220646178093,78.0,146.0,278.0
2,319262,2,2,2,5,0.5,0.5,0.07880220646178093,78.0,146.0,278.0
2,380872,2,4,3,2,0.0,0.5,0.07880220646178093,78.0,146.0,278.0
2,4934,2,4,3,5,0.0,0.5,0.07880220646178093,78.0,146.0,278.0
2,edge_4_240058,2,0,0,-1,0.5,0.0,0.07880220646178093,78.0,146.0,278.0
2,edge_9_100711,2,0,0,-1,0.5,0.0,0.07880220646178093,78.0,146.0,278.0
2,71322,2,4,1,4,0.0,0.5,0.07880220646178093,78.0,146.0,278.0
2,edge_189_387898,2,0,0,-1,0.0,0.0,0.07880220646178093,78.0,146.0,278.0
2,edge_54_258737,2,0,0,-1,0.5,0.0,0.07880220646178093,78.0,146.0,278.0
2,edge_54_357005,2,0,0,-1,0.5,0.0,0.07880220646178093,78.0,146.0,278.0
2,edge_54_341569,2,0,0,-1,0.5,0.0,0.07880220646178093,78.0,146.0,278.0
2,edge_54_306578,2,0,0,-1,0.0,0.0,0.07880220646178093,78.0,146.0,278.0
2,edge_237324_243694,2,0,0,-1,0.0,0.0,0.07880220646178093,78.0,146.0,278.0
2,edge_243696_324237,2,0,0,-1,0.5,0.0,0.07880220646178093,78.0,146.0,278.0
2,edge_334229_334230,2,0,0,-1,0.0,0.0,0.07880220646178093,78.0,146.0,278.0
2,edge_1136_73606,2,0,0,-1,0.5,0.0,0.07880220646178093,78.0,146.0,278.0
2,edge_185_306578,2,0,0,-1,0.0,0.0,0.07880220646178093,78.0,146.0,278.0
2,edge_118_364158,2,0,0,-1,0.0,0.0,0.07880220646178093,78.0,146.0,278.0
2,edge_2743_260108,2,0,0,-1,0.0,0.0,0.07880220646178093,78.0,146.0,278.0
2,edge_201934_260108,2,0,0,-1,0.0,0.0,0.07880220646178093,78.0,146.0,278.0
2,edge_54_184669,2,0,0,-1,0.0,0.0,0.07880220646178093,78.0,146.0,278.0
2,edge_209710_209711,2,0,0,-1,0.5,0.0,0.07880220646178093,78.0,146.0,278.0
2,edge_54_324306,2,0,0,-1,0.0,0.0,0.07880220646178093,78.0,146.0,278.0
2,edge_4_402301,2,0,0,-1,0.0,0.0,0.07880220646178093,78.0,146.0,278.0
2,edge_5459_53015,2,0,0,-1,0.0,0.0,0.07880220646178093,78.0,146.0,278.0
2,edge_5726_107440,2,0,0,-1,0.0,0.0,0.07880220646178093,78.0,146.0,278.0
2,edge_9_5726,2,0,0,-1,0.5,0.0,0.07880220646178093,78.0,146.0,278.0
2,edge_55_5726,2,0,0,-1,0.0,0.0,0.07880220646178093,78.0,146.0,278.0
2,edge_201934_265218,2,0,0,-1,0.0,0.0,0.07880220646178093,78.0,146.0,278.0
2,edge_31623_173185,2,0,0,-1,0.0,0.0,0.07880220646178093,78.0,146.0,278.0
2,edge_198836_214485,2,0,0,-1,0.5,0.0,0.07880220646178093,78.0,146.0,278.0
2,edge_173182_173185,2,0,0,-1,0.0,0.0,0.07880220646178093,78.0,146.0,278.0
2,edge_140259_173185,2,0,0,-1,0.0,0.0,0.07880220646178093,78.0,146.0,278.0
2,edge_140259_144075,2,0,0,-1,0.0,0.0,0.07880220646178093,78.0,146.0,278.0
2,edge_144075_173186,2,0,0,-1,0.5,0.0,0.07880220646178093,78.0,146.0,278.0
2,edge_136527_144075,2,0,0,-1,0.5,0.0,0.07880220646178093,78.0,146.0,278.0
2,edge_140259_214483,2,0,0,-1,0.0,0.0,0.07880220646178093,78.0,146.0,278.0
2,edge_136527_140259,2,0,0,-1,0.5,0.0,0.07880220646178093,78.0,146.0,278.0
2,edge_48068_48071,2,0,0,-1,0.0,0.0,0.07880220646178093,78.0,146.0,278.0
2,edge_48068_64343,2,0,0,-1,0.0,0.0,0.07880220646178093,78.0,146.0,278.0
2,edge_64343_142162,2,0,0,-1,0.5,0.0,0.07880220646178093,78.0,146.0,278.0
2,edge_48072_64344,2,0,0,-1,0.0,0.0,0.07880220646178093,78.0,146.0,278.0
2,edge_58129_142162,2,0,0,-1,0.5,0.0,0.07880220646178093,78.0,146.0,278.0
2,edge_2547_61028,2,0,0,-1,0.0,0.0,0.07880220646178093,78.0,146.0,278.0
2,edge_54_47481,2,0,0,-1,0.5,0.0,0.07880220646178093,78.0,146.0,278.0
2,edge_104586_272413,2,0,0,-1,0.0,0.0,0.07880220646178093,78.0,146.0,278.0
2,edge_272413_272417,2,0,0,-1,0.0,0.0,0.07880220646178093,78.0,146.0,278.0
2,edge_1089_1091,2,0,0,-1,0.0,0.0,0.07880220646178093,78.0,146.0,278.0
2,edge_1089_118743,2,0,0,-1,0.5,0.0,0.07880220646178093,78.0,146.0,278.0
2,edge_194_195,2,0,0,-1,0.5,0.0,0.07880220646178093,78.0,146.0,278.0
2,edge_4_177987,2,0,0,-1,0.5,0.0,0.07880220646178093,78.0,146.0,278.0
2,edge_60_368756,2,0,0,-1,0.5,0.0,0.07880220646178093,78.0,146.0,278.0
2,edge_4_13792,2,0,0,-1,0.0,0.0,0.07880220646178093,78.0,146.0,278.0
2,edge_35_61124,2,0,0,-1,0.5,0.0,0.07880220646178093,78.0,146.0,278.0
2,edge_4_197725,2,0,0,-1,0.5,0.0,0.07880220646178093,78.0,146.0,278.0
2,edge_4_367231,2,0,0,-1,0.5,0.0,0.07880220646178093,78.0,146.0,278.0
2,edge_4_207897,2,0,0,-1,0.0,0.0,0.07880220646178093,78.0,146.0,278.0
2,edge_207897_207898,2,0,0,-1,0.5,0.0,0.07880220646178093,78.0,146.0,278.0
2,edge_1050_207897,2,0,0,-1,0.0,0.0,0.07880220646178093,78.0,146.0,278.0
2,edge_1528_174788,2,0,0,-1,0.0,0.0,0.07880220646178093,78.0,146.0,278.0
2,edge_193922_193923,2,0,0,-1,0.0,0.0,0.07880220646178093,78.0,146.0,278.0
2,edge_85669_144852,2,0,0,-1,0.0,0.0,0.07880220646178093,78.0,146.0,278.0
2,edge_161311_312876,2,0,0,-1,0.5,0.0,0.07880220646178093,78.0,146.0,278.0
2,edge_144852_193924,2,0,0,-1,0.0,0.0,0.07880220646178093,78.0,146.0,278.0
2,edge_193922_193926,2,0,0,-1,0.0,0.0,0.07880220646178093,78.0,146.0,278.0
2,edge_75839_85669,2,0,0,-1,0.5,0.0,0.07880220646178093,78.0,146.0,278.0
2,edge_8_61,2,0,0,-1,0.5,0.0,0.07880220646178093,78.0,146.0,278.0
2,edge_8_317925,2,0,0,-1,0.0,0.0,0.07880220646178093,78.0,146.0,278.0
2,edge_8_1057,2,0,0,-1,0.0,0.0,0.07880220646178093,78.0,146.0,278.0
2,edge_2197_5164,2,0,0,-1,0.0,0.0,0.07880220646178093,78.0,146.0,278.0
2,edge_1056_2197,2,0,0,-1,0.0,0.0,0.07880220646178093,78.0,146.0,278.0
2,edge_2197_2198,2,0,0,-1,0.0,0.0,0.07880220646178093,78.0,146.0,278.0
2,edge_1535_2197,2,0,0,-1,0.0,0.0,0.07880220646178093,78.0,146.0,278.0
2,edge_12606_162884,2,0,0,-1,0.5,0.0,0.07880220646178093,78.0,146.0,278.0
2,edge_5738_17556,2,0,0,-1,0.5,0.0,0.07880220646178093,78.0,146.0,278.0
2,edge_22359_316050,2,0,0,-1,0.5,0.0,0.07880220646178093,78.0,146.0,278.0
2,edge_54_316050,2,0,0,-1,0.0,0.0,0.07880220646178093,78.0,146.0,278.0
2,edge_54_306784,2,0,0,-1,0.5,0.0,0.07880220646178093,78.0,146.0,278.0
2,edge_57_5562,2,0,0,-1,0.5,0.0,0.07880220646178093,78.0,146.0,278.0
2,edge_4_7669,2,0,0,-1,0.5,0.0,0.07880220646178093,78.0,146.0,278.0
2,edge_46_47,2,0,0,-1,0.0,0.0,0.07880220646178093,78.0,146.0,278.0
2,edge_46_223404,2,0,0,-1,0.5,0.0,0.07880220646178093,78.0,146.0,278.0
2,edge_46_60856,2,0,0,-1,0.0,0.0,0.07880220646178093,78.0,146.0,278.0
2,edge_311767_311769,2,0,0,-1,0.0,0.0,0.07880220646178093,78.0,146.0,278.0
2,edge_311764_311767,2,0,0,-1,0.0,0.0,0.07880220646178093,78.0,146.0,278.0
2,edge_54_155356,2,0,0,-1,0.0,0.0,0.07880220646178093,78.0,146.0,278.0
2,edge_4_367752,2,0,0,-1,0.5,0.0,0.07880220646178093,78.0,146.0,278.0
2,edge_4_378090,2,0,0,-1,0.0,0.0,0.07880220646178093,78.0,146.0,278.0
2,edge_4_388677,2,0,0,-1,0.5,0.0,0.07880220646178093,78.0,146.0,278.0
2,edge_4_339469,2,0,0,-1,0.5,0.0,0.07880220646178093,78.0,146.0,278.0
2,edge_320522_380872,2,0,0,-1,0.0,0.0,0.07880220646178093,78.0,146.0,278.0
2,edge_170800_320522,2,0,0,-1,0.0,0.0,0.07880220646178093,78.0,146.0,278.0
2,edge_90_29061,2,0,0,-1,0.5,0.0,0.07880220646178093,78.0,146.0,278.0
2,edge_4_392816,2,0,0,-1,0.5,0.0,0.07880220646178093,78.0,146.0,278.0
2,edge_22360_52336,2,0,0,-1,0.0,0.0,0.07880220646178093,78.0,146.0,278.0
2,edge_22360_237759,2,0,0,-1,0.5,0.0,0.07880220646178093,78.0,146.0,278.0
2,edge_22357_22360,2,0,0,-1,0.5,0.0,0.07880220646178093,78.0,146.0,278.0
2,edge_187_107441,2,0,0,-1,0.0,0.0,0.07880220646178093,78.0,146.0,278.0
2,edge_5726_326328,2,0,0,-1,0.5,0.0,0.07880220646178093,78.0,146.0,278.0
2,edge_5726_401567,2,0,0,-1,0.0,0.0,0.07880220646178093,78.0,146.0,278.0
2,edge_5726_100711,2,0,0,-1,0.0,0.0,0.07880220646178093,78.0,146.0,278.0
3,3,410,546,8,0,0.21707317073170732,0.4084,12.44309559939302,15990.0,29930.0,56990.0
3,4954,110,146,28,1,0.32727272727272727,0.4863,3.338391502276176,4290.0,8030.0,15290.0
3,5,87,107,54,1,0.3793103448275862,0.4766,2.640364188163885,3393.0,6351.0,12093.0
3,edge_2_3,81,0,0,-1,0.3333333333333333,0.0,2.4582701062215477,3159.0,5913.0,11259.0
3,4,71,94,45,1,0.30985915492957744,0.4574,2.154779969650986,2769.0,5183.0,9869.0
3,4955,68,49,21,1,0.29411764705882354,1.0,2.063732928679818,2652.0,4964.0,9452.0
3,edge_1_3,65,0,0,-1,0.0,0.0,1.9726858877086495,2535.0,4745.0,9035.0
3,36,63,83,46,2,0.31746031746031744,0.4819,1.9119878603945373,2457.0,4599.0,8757.0
3,edge_3_34,60,0,0,-1,0.35,0.0,1.8209408194233687,2340.0,4380.0,8340.0
3,edge_3_4955,41,0,0,-1,0.0,0.0,1.244309559939302,1599.0,2993.0,5699.0
3,edge_3_4,38,0,0,-1,0.0,0.0,1.1532625189681336,1482.0,2774.0,5282.0
3,edge_3_4954,33,0,0,-1,0.0,0.0,1.0015174506828528,1287.0,2409.0,4587.0
3,edge_3_235,32,0,0,-1,0.25,0.0,0.9711684370257967,1248.0,2336.0,4448.0
3,edge_3_5,28,0,0,-1,0.0,0.0,0.849772382397572,1092.0,2044.0,3892.0
3,60,27,36,22,3,0.3333333333333333,0.4722,0.8194233687405159,1053.0,1971.0,3753.0
3,115536,27,23,4,2,0.5555555555555556,0.4783,0.8194233687405159,1053.0,1971.0,3753.0
3,225170,23,28,5,3,0.391304347826087,0.5,0.6980273141122914,897.0,1679.0,3197.0
3,213559,23,30,7,3,0.34782608695652173,0.5,0.6980273141122914,897.0,1679.0,3197.0
3,363585,22,22,7,4,0.5,0.5,0.6676783004552352,858.0,1606.0,3058.0
3,90,21,29,18,4,0.2857142857142857,0.4828,0.637329286798179,819.0,1533.0,2919.0
3,186434,19,34,8,2,0.10526315789473684,0.5,0.5766312594840668,741.0,1387.0,2641.0
3,131262,17,19,4,4,0.35294117647058826,0.4211,0.5159332321699545,663.0,1241.0,2363.0
3,383,17,15,9,8,0.5294117647058824,0.4667,0.5159332321699545,663.0,1241.0,2363.0
3,186898,16,10,4,2,0.6875,0.5,0.48558421851289835,624.0,1168.0,2224.0
3,384077,16,14,3,2,0.5625,0.5,0.48558421851289835,624.0,1168.0,2224.0
3,1520,16,16,5,2,0.5,0.5,0.48558421851289835,624.0,1168.0,2224.0
3,30090,16,10,5,10,0.6875,0.5,0.48558421851289835,624.0,1168.0,2224.0
3,48,15,24,16,3,0.2,0.5,0.4552352048558422,585.0,1095.0,2085.0
3,229912,15,16,6,2,0.4666666666666667,0.5,0.4552352048558422,585.0,1095.0,2085.0
3,49293,14,8,6,3,0.6428571428571429,0.375,0.424886191198786,546.0,1022.0,1946.0
3,169840,14,14,6,5,0.42857142857142855,0.4286,0.424886191198786,546.0,1022.0,1946.0
3,286742,14,16,5,3,0.42857142857142855,0.5,0.424886191198786,546.0,1022.0,1946.0
3,49,14,15,9,3,0.42857142857142855,0.4667,0.424886191198786,546.0,1022.0,1946.0
3,115534,14,14,4,2,0.5,0.5,0.424886191198786,546.0,1022.0,1946.0
3,105323,13,18,6,4,0.3076923076923077,0.5,0.3945371775417299,507.0,949.0,1807.0
3,230536,13,14,5,3,0.46153846153846156,0.5,0.3945371775417299,507.0,949.0,1807.0
3,338277,13,16,5,9,0.38461538461538464,0.5,0.3945371775417299,507.0,949.0,1807.0
3,381516,12,10,4,2,0.5833333333333334,0.5,0.36418816388467373,468.0,876.0,1668.0
3,edge_4954_186434,12,0,0,-1,0.0,0.0,0.36418816388467373,468.0,876.0,1668.0
3,edge_4954_49294,12,0,0,-1,0.5,0.0,0.36418816388467373,468.0,876.0,1668.0
3,edge_139485_186434,12,0,0,-1,0.5833333333333334,0.0,0.36418816388467373,468.0,876.0,1668.0
3,328790,11,18,6,2,0.18181818181818182,0.5,0.3338391502276176,429.0,803.0,1529.0
3,375854,11,11,6,2,0.45454545454545453,0.4545,0.3338391502276176,429.0,803.0,1529.0
3,330345,10,12,4,5,0.4,0.5,0.30349013657056145,390.0,730.0,1390.0
3,340652,10,4,2,2,0.8,0.5,0.30349013657056145,390.0,730.0,1390.0
3,2970,10,14,9,4,0.3,0.5,0.30349013657056145,390.0,730.0,1390.0
3,edge_4954_60856,10,0,0,-1,0.5,0.0,0.30349013657056145,390.0,730.0,1390.0
3,edge_4955_378848,10,0,0,-1,0.3,0.0,0.30349013657056145,390.0,730.0,1390.0
3,179096,9,12,6,5,0.3333333333333333,0.5,0.2731411229135053,351.0,657.0,1251.0
3,8,9,14,7,3,0.2222222222222222,0.5,0.2731411229135053,351.0,657.0,1251.0
3,239197,9,18,5,3,0.0,0.5,0.2731411229135053,351.0,657.0,1251.0
3,63,9,15,9,3,0.2222222222222222,0.4667,0.2731411229135053,351.0,657.0,1251.0
3,58844,9,12,7,5,0.3333333333333333,0.5,0.2731411229135053,351.0,657.0,1251.0
3,203916,9,12,7,5,0.3333333333333333,0.5,0.2731411229135053,351.0,657.0,1251.0
3,117579,8,6,2,2,0.625,0.5,0.24279210925644917,312.0,584.0,1112.0
3,10309,8,8,3,4,0.5,0.5,0.24279210925644917,312.0,584.0,1112.0
3,347424,8,6,3,9,0.625,0.5,0.24279210925644917,312.0,584.0,1112.0
3,42703,8,15,6,2,0.0,0.4667,0.24279210925644917,312.0,584.0,1112.0
3,256430,8,10,4,3,0.375,0.5,0.24279210925644917,312.0,584.0,1112.0
3,edge_4954_49292,8,0,0,-1,0.0,0.0,0.24279210925644917,312.0,584.0,1112.0
3,edge_131262_225170,8,0,0,-1,0.0,0.0,0.24279210925644917,312.0,584.0,1112.0
3,145309,7,8,4,6,0.42857142857142855,0.5,0.212443095599393,273.0,511.0,973.0
3,168338,7,10,3,2,0.2857142857142857,0.5,0.212443095599393,273.0,511.0,973.0
3,216351,7,8,3,6,0.42857142857142855,0.5,0.212443095599393,273.0,511.0,973.0
3,372953,7,2,2,6,0.8571428571428571,0.5,0.212443095599393,273.0,511.0,973.0
3,381518,7,10,4,3,0.2857142857142857,0.5,0.212443095599393,273.0,511.0,973.0
3,158649,7,7,5,4,0.42857142857142855,0.4286,0.212443095599393,273.0,511.0,973.0
3,1277,7,10,6,3,0.2857142857142857,0.5,0.212443095599393,273.0,511.0,973.0
3,103143,7,4,4,15,0.7142857142857143,0.5,0.212443095599393,273.0,511.0,973.0
3,17791,7,6,3,4,0.5714285714285714,0.5,0.212443095599393,273.0,511.0,973.0
3,264632,7,4,2,5,0.7142857142857143,0.5,0.212443095599393,273.0,511.0,973.0
3,176074,7,8,3,2,0.42857142857142855,0.5,0.212443095599393,273.0,511.0,973.0
3,edge_60856_115536,7,0,0,-1,0.2857142857142857,0.0,0.212443095599393,273.0,511.0,973.0
3,46717,6,4,2,2,0.6666666666666666,0.5,0.18209408194233687,234.0,438.0,834.0
3,400532,6,10,4,4,0.16666666666666666,0.5,0.18209408194233687,234.0,438.0,834.0
3,49292,6,10,3,2,0.16666666666666666,0.5,0.18209408194233687,234.0,438.0,834.0
3,381,6,8,5,5,0.16666666666666666,0.375,0.18209408194233687,234.0,438.0,834.0
3,323666,6,9,5,2,0.0,0.3333,0.18209408194233687,234.0,438.0,834.0
3,72702,6,12,4,3,0.0,0.5,0.18209408194233687,234.0,438.0,834.0
3,6,6,6,7,3,0.5,0.5,0.18209408194233687,234.0,438.0,834.0
3,238029,6,2,2,5,0.8333333333333334,0.5,0.18209408194233687,234.0,438.0,834.0
3,237423,6,8,3,5,0.3333333333333333,0.5,0.18209408194233687,234.0,438.0,834.0
3,38,6,10,7,4,0.0,0.4,0.18209408194233687,234.0,438.0,834.0
3,edge_55_4955,6,0,0,-1,0.0,0.0,0.18209408194233687,234.0,438.0,834.0
3,edge_34_384077,6,0,0,-1,0.3333333333333333,0.0,0.18209408194233687,234.0,438.0,834.0
3,edge_4954_186431,6,0,0,-1,0.0,0.0,0.18209408194233687,234.0,438.0,834.0
3,edge_105323_315231,6,0,0,-1,0.5,0.0,0.18209408194233687,234.0,438.0,834.0
3,214051,5,6,3,9,0.4,0.5,0.15174506828528073,195.0,365.0,695.0
3,384078,5,8,4,2,0.0,0.375,0.15174506828528073,195.0,365.0,695.0
3,edge_131262_238858,5,0,0,-1,0.4,0.0,0.15174506828528073,195.0,365.0,695.0
3,327829,5,7,3,9,0.2,0.4286,0.15174506828528073,195.0,365.0,695.0
3,336910,5,8,4,3,0.2,0.5,0.15174506828528073,195.0,365.0,695.0
3,154335,5,8,4,5,0.2,0.5,0.15174506828528073,195.0,365.0,695.0
3,136581,5,6,3,2,0.4,0.5,0.15174506828528073,195.0,365.0,695.0
3,238604,5,4,3,4,0.6,0.5,0.15174506828528073,195.0,365.0,695.0
3,84590,5,8,6,3,0.2,0.5,0.15174506828528073,195.0,365.0,695.0
3,174667,5,6,3,4,0.4,0.5,0.15174506828528073,195.0,365.0,695.0
3,edge_5_1520,5,0,0,-1,0.0,0.0,0.15174506828528073,195.0,365.0,695.0
3,edge_4954_335902,5,0,0,-1,0.4,0.0,0.15174506828528073,195.0,365.0,695.0
3,edge_4954_373297,5,0,0,-1,0.2,0.0,0.15174506828528073,195.0,365.0,695.0
3,edge_49771_168338,5,0,0,-1,0.4,0.0,0.15174506828528073,195.0,365.0,695.0
3,edge_107813_239197,5,0,0,-1,0.0,0.0,0.15174506828528073,195.0,365.0,695.0
3,edge_225165_225170,5,0,0,-1,0.4,0.0,0.15174506828528073,195.0,365.0,695.0
3,edge_18748_42703,5,0,0,-1,0.4,0.0,0.15174506828528073,195.0,365.0,695.0
3,edge_222582_229912,5,0,0,-1,0.2,0.0,0.15174506828528073,195.0,365.0,695.0
3,edge_72701_72702,5,0,0,-1,0.4,0.0,0.15174506828528073,195.0,365.0,695.0
3,edge_237423_304829,5,0,0,-1,0.6,0.0,0.15174506828528073,195.0,365.0,695.0
3,edge_213559_213561,5,0,0,-1,0.2,0.0,0.15174506828528073,195.0,365.0,695.0
3,edge_75808_338277,5,0,0,-1,0.0,0.0,0.15174506828528073,195.0,365.0,695.0
3,371143,4,6,4,2,0.25,0.5,0.12139605462822459,156.0,292.0,556.0
3,205129,4,6,4,4,0.25,0.5,0.12139605462822459,156.0,292.0,556.0
3,179093,4,5,4,7,0.25,0.4,0.12139605462822459,156.0,292.0,556.0
3,64858,4,4,2,4,0.5,0.5,0.12139605462822459,156.0,292.0,556.0
3,54,4,3,4,3,0.5,0.3333,0.12139605462822459,156.0,292.0,556.0
3,5543,4,8,3,2,0.0,0.5,0.12139605462822459,156.0,292.0,556.0
3,46370,4,5,4,3,0.25,0.4,0.12139605462822459,156.0,292.0,556.0
3,293764,4,8,5,2,0.0,0.5,0.12139605462822459,156.0,292.0,556.0
3,edge_5_229239,4,0,0,-1,0.5,0.0,0.12139605462822459,156.0,292.0,556.0
3,368756,4,5,2,2,0.25,0.4,0.12139605462822459,156.0,292.0,556.0
3,218569,4,8,4,2,0.0,0.5,0.12139605462822459,156.0,292.0,556.0
3,230537,4,3,3,3,0.5,0.3333,0.12139605462822459,156.0,292.0,556.0
3,392593,4,4,2,2,0.5,0.5,0.12139605462822459,156.0,292.0,556.0
3,384076,4,8,3,3,0.25,0.5,0.12139605462822459,156.0,292.0,556.0
3,166,4,7,7,3,0.0,0.4286,0.12139605462822459,156.0,292.0,556.0
3,5164,4,8,4,2,0.0,0.5,0.12139605462822459,156.0,292.0,556.0
3,261168,4,4,2,4,0.5,0.5,0.12139605462822459,156.0,292.0,556.0
3,368325,4,4,2,7,0.5,0.5,0.12139605462822459,156.0,292.0,556.0
3,336908,4,5,4,2,0.25,0.4,0.12139605462822459,156.0,292.0,556.0
3,30433,4,3,4,3,0.5,0.3333,0.12139605462822459,156.0,292.0,556.0
3,240058,4,7,5,2,0.0,0.4286,0.12139605462822459,156.0,292.0,556.0
3,2258,4,6,4,4,0.25,0.5,0.12139605462822459,156.0,292.0,556.0
3,278553,4,6,4,2,0.25,0.5,0.12139605462822459,156.0,292.0,556.0
3,282048,4,6,2,2,0.25,0.5,0.12139605462822459,156.0,292.0,556.0
3,9598,4,6,4,4,0.25,0.5,0.12139605462822459,156.0,292.0,556.0
3,301424,4,4,3,4,0.25,0.25,0.12139605462822459,156.0,292.0,556.0
3,edge_4954_49771,4,0,0,-1,0.5,0.0,0.12139605462822459,156.0,292.0,556.0
3,edge_4955_5543,4,0,0,-1,0.0,0.0,0.12139605462822459,156.0,292.0,556.0
3,edge_8_5543,4,0,0,-1,0.0,0.0,0.12139605462822459,156.0,292.0,556.0
3,edge_4955_388677,4,0,0,-1,0.0,0.0,0.12139605462822459,156.0,292.0,556.0
3,edge_191264_225170,4,0,0,-1,0.0,0.0,0.12139605462822459,156.0,292.0,556.0
3,edge_225170_228804,4,0,0,-1,0.5,0.0,0.12139605462822459,156.0,292.0,556.0
3,edge_286742_373052,4,0,0,-1,0.5,0.0,0.12139605462822459,156.0,292.0,556.0
3,edge_46_381518,4,0,0,-1,0.5,0.0,0.12139605462822459,156.0,292.0,556.0
3,edge_342833_381516,4,0,0,-1,0.5,0.0,0.12139605462822459,156.0,292.0,556.0
3,edge_346326_363585,4,0,0,-1,0.0,0.0,0.12139605462822459,156.0,292.0,556.0
3,edge_46_213559,4,0,0,-1,0.25,0.0,0.12139605462822459,156.0,292.0,556.0
3,edge_174667_256430,4,0,0,-1,0.0,0.0,0.12139605462822459,156.0,292.0,556.0
3,edge_49294_115536,4,0,0,-1,0.25,0.0,0.12139605462822459,156.0,292.0,556.0
3,edge_4954_115534,4,0,0,-1,0.0,0.0,0.12139605462822459,156.0,292.0,556.0
3,401929,3,6,2,2,0.0,0.5,0.09104704097116843,117.0,219.0,417.0
3,401538,3,6,2,3,0.0,0.5,0.09104704097116843,117.0,219.0,417.0
3,edge_4954_60854,3,0,0,-1,0.0,0.0,0.09104704097116843,117.0,219.0,417.0
3,10226,3,6,4,3,0.0,0.5,0.09104704097116843,117.0,219.0,417.0
3,144848,3,1,2,4,0.6666666666666666,0.0,0.09104704097116843,117.0,219.0,417.0
3,254250,3,6,3,3,0.0,0.5,0.09104704097116843,117.0,219.0,417.0
3,246,3,4,3,8,0.3333333333333333,0.5,0.09104704097116843,117.0,219.0,417.0
3,106772,3,2,2,5,0.6666666666666666,0.5,0.09104704097116843,117.0,219.0,417.0
3,13794,3,2,2,4,0.6666666666666666,0.5,0.09104704097116843,117.0,219.0,417.0
3,edge_169840_169842,3,0,0,-1,0.3333333333333333,0.0,0.09104704097116843,117.0,219.0,417.0
3,66371,3,6,4,4,0.0,0.5,0.09104704097116843,117.0,219.0,417.0
3,386,3,2,2,7,0.6666666666666666,0.5,0.09104704097116843,117.0,219.0,417.0
3,10494,3,8,4,10,0.0,0.5,0.09104704097116843,117.0,219.0,417.0
3,109459,3,4,3,4,0.3333333333333333,0.5,0.09104704097116843,117.0,219.0,417.0
3,374582,3,4,2,2,0.3333333333333333,0.5,0.09104704097116843,117.0,219.0,417.0
3,357992,3,6,3,4,0.0,0.5,0.09104704097116843,117.0,219.0,417.0
3,edge_164250_323666,3,0,0,-1,0.0,0.0,0.09104704097116843,117.0,219.0,417.0
3,164250,3,5,3,3,0.0,0.4,0.09104704097116843,117.0,219.0,417.0
3,293768,3,5,4,2,0.0,0.4,0.09104704097116843,117.0,219.0,417.0
3,204168,3,4,2,3,0.3333333333333333,0.5,0.09104704097116843,117.0,219.0,417.0
3,2477,3,6,4,4,0.0,0.5,0.09104704097116843,117.0,219.0,417.0
3,149235,3,4,4,5,0.3333333333333333,0.5,0.09104704097116843,117.0,219.0,417.0
3,4060,3,4,3,5,0.3333333333333333,0.5,0.09104704097116843,117.0,219.0,417.0
3,67468,3,5,4,7,0.0,0.4,0.09104704097116843,117.0,219.0,417.0
3,191682,3,3,3,14,0.3333333333333333,0.3333,0.09104704097116843,117.0,219.0,417.0
3,318637,3,6,4,4,0.0,0.5,0.09104704097116843,117.0,219.0,417.0
3,80576,3,4,2,3,0.3333333333333333,0.5,0.09104704097116843,117.0,219.0,417.0
3,85727,3,6,3,5,0.0,0.5,0.09104704097116843,117.0,219.0,417.0
3,edge_5_101636,3,0,0,-1,0.3333333333333333,0.0,0.09104704097116843,117.0,219.0,417.0
3,edge_401538_401929,3,0,0,-1,0.0,0.0,0.09104704097116843,117.0,219.0,417.0
3,edge_400532_401538,3,0,0,-1,0.0,0.0,0.09104704097116843,117.0,219.0,417.0
3,edge_330344_330345,3,0,0,-1,0.0,0.0,0.09104704097116843,117.0,219.0,417.0
3,edge_4954_117579,3,0,0,-1,0.0,0.0,0.09104704097116843,117.0,219.0,417.0
3,edge_4954_186898,3,0,0,-1,0.0,0.0,0.09104704097116843,117.0,219.0,417.0
3,edge_49293_186898,3,0,0,-1,0.0,0.0,0.09104704097116843,117.0,219.0,417.0
3,edge_1139_216351,3,0,0,-1,0.0,0.0,0.09104704097116843,117.0,219.0,417.0
3,edge_382714_384078,3,0,0,-1,0.3333333333333333,0.0,0.09104704097116843,117.0,219.0,417.0
3,edge_384077_384078,3,0,0,-1,0.0,0.0,0.09104704097116843,117.0,219.0,417.0
3,edge_4955_252070,3,0,0,-1,0.3333333333333333,0.0,0.09104704097116843,117.0,219.0,417.0
3,edge_4954_117580,3,0,0,-1,0.3333333333333333,0.0,0.09104704097116843,117.0,219.0,417.0
3,edge_4954_115535,3,0,0,-1,0.0,0.0,0.09104704097116843,117.0,219.0,417.0
3,edge_66372_239197,3,0,0,-1,0.3333333333333333,0.0,0.09104704097116843,117.0,219.0,417.0
3,edge_173_4955,3,0,0,-1,0.3333333333333333,0.0,0.09104704097116843,117.0,219.0,417.0
3,edge_381_131262,3,0,0,-1,0.0,0.0,0.09104704097116843,117.0,219.0,417.0
3,edge_328790_336908,3,0,0,-1,0.0,0.0,0.09104704097116843,117.0,219.0,417.0
3,edge_286742_328790,3,0,0,-1,0.0,0.0,0.09104704097116843,117.0,219.0,417.0
3,edge_328790_336910,3,0,0,-1,0.0,0.0,0.09104704097116843,117.0,219.0,417.0
3,edge_4_368756,3,0,0,-1,0.0,0.0,0.09104704097116843,117.0,219.0,417.0
3,edge_4_256947,3,0,0,-1,0.0,0.0,0.09104704097116843,117.0,219.0,417.0
3,edge_275472_374582,3,0,0,-1,0.6666666666666666,0.0,0.09104704097116843,117.0,219.0,417.0
3,edge_230536_266880,3,0,0,-1,0.0,0.0,0.09104704097116843,117.0,219.0,417.0
3,edge_4955_392593,3,0,0,-1,0.0,0.0,0.09104704097116843,117.0,219.0,417.0
3,edge_381516_381518,3,0,0,-1,0.0,0.0,0.09104704097116843,117.0,219.0,417.0
3,edge_363585_363590,3,0,0,-1,0.0,0.0,0.09104704097116843,117.0,219.0,417.0
3,edge_4_388057,3,0,0,-1,0.0,0.0,0.09104704097116843,117.0,219.0,417.0
3,edge_384076_384079,3,0,0,-1,0.3333333333333333,0.0,0.09104704097116843,117.0,219.0,417.0
3,edge_154335_206413,3,0,0,-1,0.3333333333333333,0.0,0.09104704097116843,117.0,219.0,417.0
3,edge_368321_368325,3,0,0,-1,0.0,0.0,0.09104704097116843,117.0,219.0,417.0
3,edge_4954_229912,3,0,0,-1,0.0,0.0,0.09104704097116843,117.0,219.0,417.0
3,edge_4954_248263,3,0,0,-1,0.3333333333333333,0.0,0.09104704097116843,117.0,219.0,417.0
3,edge_46_323666,3,0,0,-1,0.3333333333333333,0.0,0.09104704097116843,117.0,219.0,417.0
3,edge_72702_136581,3,0,0,-1,0.0,0.0,0.09104704097116843,117.0,219.0,417.0
3,edge_36_95,3,0,0,-1,0.3333333333333333,0.0,0.09104704097116843,117.0,219.0,417.0
3,edge_36_4955,3,0,0,-1,0.0,0.0,0.09104704097116843,117.0,219.0,417.0
3,edge_106_213559,3,0,0,-1,0.0,0.0,0.09104704097116843,117.0,219.0,417.0
3,edge_375854_375856,3,0,0,-1,0.3333333333333333,0.0,0.09104704097116843,117.0,219.0,417.0
3,edge_115532_115536,3,0,0,-1,0.0,0.0,0.09104704097116843,117.0,219.0,417.0
3,edge_2970_309001,3,0,0,-1,0.0,0.0,0.09104704097116843,117.0,219.0,417.0
3,edge_115534_117580,3,0,0,-1,0.3333333333333333,0.0,0.09104704097116843,117.0,219.0,417.0
3,edge_115533_115534,3,0,0,-1,0.3333333333333333,0.0,0.09104704097116843,117.0,219.0,417.0
3,edge_186433_186434,3,0,0,-1,0.0,0.0,0.09104704097116843,117.0,219.0,417.0
3,edge_5_360169,2,0,0,-1,0.5,0.0,0.06069802731411229,78.0,146.0,278.0
3,400535,2,4,3,5,0.0,0.5,0.06069802731411229,78.0,146.0,278.0
3,edge_4_224780,2,0,0,-1,0.5,0.0,0.06069802731411229,78.0,146.0,278.0
3,367425,2,4,3,2,0.0,0.5,0.06069802731411229,78.0,146.0,278.0
3,179095,2,3,3,6,0.0,0.3333,0.06069802731411229,78.0,146.0,278.0
3,161233,2,3,3,6,0.0,0.3333,0.06069802731411229,78.0,146.0,278.0
3,49772,2,3,3,8,0.0,0.3333,0.06069802731411229,78.0,146.0,278.0
3,edge_46_4954,2,0,0,-1,0.5,0.0,0.06069802731411229,78.0,146.0,278.0
3,60854,2,2,3,2,0.0,0.0,0.06069802731411229,78.0,146.0,278.0
3,178193,2,4,2,4,0.0,0.5,0.06069802731411229,78.0,146.0,278.0
3,edge_4_48942,2,0,0,-1,0.5,0.0,0.06069802731411229,78.0,146.0,278.0
3,edge_4_384078,2,0,0,-1,0.0,0.0,0.06069802731411229,78.0,146.0,278.0
3,388677,2,4,3,2,0.0,0.5,0.06069802731411229,78.0,146.0,278.0
3,59089,2,4,3,3,0.0,0.5,0.06069802731411229,78.0,146.0,278.0
3,2547,2,4,4,2,0.0,0.5,0.06069802731411229,78.0,146.0,278.0
3,107813,2,4,2,4,0.0,0.5,0.06069802731411229,78.0,146.0,278.0
3,edge_63_378655,2,0,0,-1,0.5,0.0,0.06069802731411229,78.0,146.0,278.0
3,edge_381_2541,2,0,0,-1,0.0,0.0,0.06069802731411229,78.0,146.0,278.0
3,2545,2,4,2,6,0.0,0.5,0.06069802731411229,78.0,146.0,278.0
3,edge_383_327829,2,0,0,-1,0.0,0.0,0.06069802731411229,78.0,146.0,278.0
3,37481,2,4,3,6,0.0,0.5,0.06069802731411229,78.0,146.0,278.0
3,12464,2,2,2,7,0.5,0.5,0.06069802731411229,78.0,146.0,278.0
3,346326,2,4,2,5,0.0,0.5,0.06069802731411229,78.0,146.0,278.0
3,278490,2,4,3,7,0.0,0.5,0.06069802731411229,78.0,146.0,278.0
3,edge_166_368756,2,0,0,-1,0.0,0.0,0.06069802731411229,78.0,146.0,278.0
3,37647,2,2,2,2,0.5,0.5,0.06069802731411229,78.0,146.0,278.0
3,78083,2,3,3,3,0.0,0.3333,0.06069802731411229,78.0,146.0,278.0
3,368321,2,4,2,6,0.0,0.5,0.06069802731411229,78.0,146.0,278.0
3,edge_4954_346426,2,0,0,-1,0.0,0.0,0.06069802731411229,78.0,146.0,278.0
3,346426,2,3,2,2,0.0,0.3333,0.06069802731411229,78.0,146.0,278.0
3,edge_270056_323666,2,0,0,-1,0.5,0.0,0.06069802731411229,78.0,146.0,278.0
3,388057,2,2,1,2,0.5,0.5,0.06069802731411229,78.0,146.0,278.0
3,edge_30433_273873,2,0,0,-1,0.5,0.0,0.06069802731411229,78.0,146.0,278.0
3,213753,2,4,3,2,0.0,0.5,0.06069802731411229,78.0,146.0,278.0
3,366848,2,4,2,3,0.0,0.5,0.06069802731411229,78.0,146.0,278.0
3,edge_36_310030,2,0,0,-1,0.5,0.0,0.06069802731411229,78.0,146.0,278.0
3,106,2,4,3,3,0.0,0.5,0.06069802731411229,78.0,146.0,278.0
3,280932,2,1,2,3,0.5,0.0,0.06069802731411229,78.0,146.0,278.0
3,316850,2,2,1,4,0.5,0.5,0.06069802731411229,78.0,146.0,278.0
3,378218,2,2,1,6,0.5,0.5,0.06069802731411229,78.0,146.0,278.0
3,5322,2,4,3,6,0.0,0.5,0.06069802731411229,78.0,146.0,278.0
3,238965,2,2,2,11,0.5,0.5,0.06069802731411229,78.0,146.0,278.0
3,118,2,4,3,3,0.0,0.5,0.06069802731411229,78.0,146.0,278.0
3,edge_5_401389,2,0,0,-1,0.5,0.0,0.06069802731411229,78.0,146.0,278.0
3,edge_4954_115536,2,0,0,-1,0.0,0.0,0.06069802731411229,78.0,146.0,278.0
3,186432,2,6,3,3,0.0,0.5,0.06069802731411229,78.0,146.0,278.0
3,363884,2,4,3,2,0.0,0.5,0.06069802731411229,78.0,146.0,278.0
3,edge_2_4,2,0,0,-1,0.5,0.0,0.06069802731411229,78.0,146.0,278.0
3,309001,2,4,1,5,0.0,0.5,0.06069802731411229,78.0,146.0,278.0
3,208196,2,4,3,4,0.0,0.5,0.06069802731411229,78.0,146.0,278.0
3,edge_301424_385114,2,0,0,-1,0.0,0.0,0.06069802731411229,78.0,146.0,278.0
3,edge_5_46717,2,0,0,-1,0.0,0.0,0.06069802731411229,78.0,146.0,278.0
3,edge_46717_82286,2,0,0,-1,0.5,0.0,0.06069802731411229,78.0,146.0,278.0
3,edge_5_311768,2,0,0,-1,0.5,0.0,0.06069802731411229,78.0,146.0,278.0
3,edge_5_401929,2,0,0,-1,0.0,0.0,0.06069802731411229,78.0,146.0,278.0
3,edge_400532_400535,2,0,0,-1,0.0,0.0,0.06069802731411229,78.0,146.0,278.0
3,edge_5_119687,2,0,0,-1,0.0,0.0,0.06069802731411229,78.0,146.0,278.0
3,edge_371143_381518,2,0,0,-1,0.0,0.0,0.06069802731411229,78.0,146.0,278.0
3,edge_4_217941,2,0,0,-1,0.0,0.0,0.06069802731411229,78.0,146.0,278.0
3,edge_39498_205129,2,0,0,-1,0.5,0.0,0.06069802731411229,78.0,146.0,278.0
3,edge_205129_267555,2,0,0,-1,0.5,0.0,0.06069802731411229,78.0,146.0,278.0
3,edge_179096_311773,2,0,0,-1,0.5,0.0,0.06069802731411229,78.0,146.0,278.0
3,edge_39497_179096,2,0,0,-1,0.0,0.0,0.06069802731411229,78.0,146.0,278.0
3,edge_145309_179096,2,0,0,-1,0.0,0.0,0.06069802731411229,78.0,146.0,278.0
3,edge_161233_330345,2,0,0,-1,0.0,0.0,0.06069802731411229,78.0,146.0,278.0
3,edge_2970_330345,2,0,0,-1,0.0,0.0,0.06069802731411229,78.0,146.0,278.0
3,edge_201211_214051,2,0,0,-1,0.0,0.0,0.06069802731411229,78.0,146.0,278.0
3,edge_49292_49293,2,0,0,-1,0.0,0.0,0.06069802731411229,78.0,146.0,278.0
3,edge_49292_117580,2,0,0,-1,0.5,0.0,0.06069802731411229,78.0,146.0,278.0
3,edge_4954_168338,2,0,0,-1,0.0,0.0,0.06069802731411229,78.0,146.0,278.0
3,edge_4954_186433,2,0,0,-1,0.0,0.0,0.06069802731411229,78.0,146.0,278.0
3,edge_10226_64858,2,0,0,-1,0.0,0.0,0.06069802731411229,78.0,146.0,278.0
3,224491,2,1,2,4,0.5,1.0,0.06069802731411229,78.0,146.0,278.0
3,edge_224491_254250,2,0,0,-1,0.0,0.0,0.06069802731411229,78.0,146.0,278.0
3,edge_178192_178193,2,0,0,-1,0.0,0.0,0.06069802731411229,78.0,146.0,278.0
3,edge_4_328790,2,0,0,-1,0.0,0.0,0.06069802731411229,78.0,146.0,278.0
3,edge_384076_384078,2,0,0,-1,0.0,0.0,0.06069802731411229,78.0,146.0,278.0
3,edge_46_4955,2,0,0,-1,0.5,0.0,0.06069802731411229,78.0,146.0,278.0
3,edge_8_10309,2,0,0,-1,0.0,0.0,0.06069802731411229,78.0,146.0,278.0
3,edge_10309_106772,2,0,0,-1,0.0,0.0,0.06069802731411229,78.0,146.0,278.0
3,edge_4955_136581,2,0,0,-1,0.0,0.0,0.06069802731411229,78.0,146.0,278.0
3,edge_90_1120,2,0,0,-1,0.5,0.0,0.06069802731411229,78.0,146.0,278.0
3,edge_90_3696,2,0,0,-1,0.5,0.0,0.06069802731411229,78.0,146.0,278.0
3,edge_90_199135,2,0,0,-1,0.5,0.0,0.06069802731411229,78.0,146.0,278.0
3,edge_90_344328,2,0,0,-1,0.5,0.0,0.06069802731411229,78.0,146.0,278.0
3,edge_90_169840,2,0,0,-1,0.0,0.0,0.06069802731411229,78.0,146.0,278.0
3,edge_169840_374629,2,0,0,-1,0.0,0.0,0.06069802731411229,78.0,146.0,278.0
3,edge_46370_105323,2,0,0,-1,0.0,0.0,0.06069802731411229,78.0,146.0,278.0
3,edge_1114_105323,2,0,0,-1,0.0,0.0,0.06069802731411229,78.0,146.0,278.0
3,edge_105_105323,2,0,0,-1,0.5,0.0,0.06069802731411229,78.0,146.0,278.0
3,edge_4955_278553,2,0,0,-1,0.0,0.0,0.06069802731411229,78.0,146.0,278.0
3,edge_4_364158,2,0,0,-1,0.0,0.0,0.06069802731411229,78.0,146.0,278.0
3,edge_4_381516,2,0,0,-1,0.0,0.0,0.06069802731411229,78.0,146.0,278.0
3,edge_66371_239197,2,0,0,-1,0.0,0.0,0.06069802731411229,78.0,146.0,278.0
3,edge_109_66371,2,0,0,-1,0.5,0.0,0.06069802731411229,78.0,146.0,278.0
3,edge_66371_107813,2,0,0,-1,0.0,0.0,0.06069802731411229,78.0,146.0,278.0
3,edge_63_349934,2,0,0,-1,0.5,0.0,0.06069802731411229,78.0,146.0,278.0
3,edge_4955_93641,2,0,0,-1,0.5,0.0,0.06069802731411229,78.0,146.0,278.0
3,edge_4955_365844,2,0,0,-1,0.0,0.0,0.06069802731411229,78.0,146.0,278.0
3,edge_4955_293764,2,0,0,-1,0.0,0.0,0.06069802731411229,78.0,146.0,278.0
3,edge_83578_225170,2,0,0,-1,0.0,0.0,0.06069802731411229,78.0,146.0,278.0
3,edge_381_76786,2,0,0,-1,0.5,0.0,0.06069802731411229,78.0,146.0,278.0
3,edge_381_152016,2,0,0,-1,0.5,0.0,0.06069802731411229,78.0,146.0,278.0
3,edge_386_2545,2,0,0,-1,0.0,0.0,0.06069802731411229,78.0,146.0,278.0
3,edge_383_358831,2,0,0,-1,0.5,0.0,0.06069802731411229,78.0,146.0,278.0
3,edge_4322_327829,2,0,0,-1,0.0,0.0,0.06069802731411229,78.0,146.0,278.0
3,edge_98139_327829,2,0,0,-1,0.5,0.0,0.06069802731411229,78.0,146.0,278.0
3,edge_383_347424,2,0,0,-1,0.0,0.0,0.06069802731411229,78.0,146.0,278.0
3,edge_10494_45115,2,0,0,-1,0.0,0.0,0.06069802731411229,78.0,146.0,278.0
3,edge_89_286742,2,0,0,-1,0.0,0.0,0.06069802731411229,78.0,146.0,278.0
3,edge_1035_328790,2,0,0,-1,0.0,0.0,0.06069802731411229,78.0,146.0,278.0
3,edge_63_328790,2,0,0,-1,0.0,0.0,0.06069802731411229,78.0,146.0,278.0
3,edge_5_340652,2,0,0,-1,0.0,0.0,0.06069802731411229,78.0,146.0,278.0
3,edge_5_359577,2,0,0,-1,0.5,0.0,0.06069802731411229,78.0,146.0,278.0
3,edge_5_185277,2,0,0,-1,0.5,0.0,0.06069802731411229,78.0,146.0,278.0
3,edge_4_374582,2,0,0,-1,0.0,0.0,0.06069802731411229,78.0,146.0,278.0
3,edge_4_218569,2,0,0,-1,0.0,0.0,0.06069802731411229,78.0,146.0,278.0
3,edge_218569_230536,2,0,0,-1,0.0,0.0,0.06069802731411229,78.0,146.0,278.0
3,edge_230536_230537,2,0,0,-1,0.0,0.0,0.06069802731411229,78.0,146.0,278.0
3,edge_230536_254944,2,0,0,-1,0.5,0.0,0.06069802731411229,78.0,146.0,278.0
3,edge_4955_74223,2,0,0,-1,0.5,0.0,0.06069802731411229,78.0,146.0,278.0
3,edge_4955_337155,2,0,0,-1,0.0,0.0,0.06069802731411229,78.0,146.0,278.0
3,edge_344550_357992,2,0,0,-1,0.0,0.0,0.06069802731411229,78.0,146.0,278.0
3,edge_48_243,2,0,0,-1,0.5,0.0,0.06069802731411229,78.0,146.0,278.0
3,edge_48_363585,2,0,0,-1,0.0,0.0,0.06069802731411229,78.0,146.0,278.0
3,edge_62_42703,2,0,0,-1,0.0,0.0,0.06069802731411229,78.0,146.0,278.0
3,edge_42703_179621,2,0,0,-1,0.5,0.0,0.06069802731411229,78.0,146.0,278.0
3,edge_5_355219,2,0,0,-1,0.5,0.0,0.06069802731411229,78.0,146.0,278.0
3,edge_57_293764,2,0,0,-1,0.5,0.0,0.06069802731411229,78.0,146.0,278.0
3,edge_8_5164,2,0,0,-1,0.0,0.0,0.06069802731411229,78.0,146.0,278.0
3,edge_2197_5164,2,0,0,-1,0.5,0.0,0.06069802731411229,78.0,146.0,278.0
3,edge_8_328791,2,0,0,-1,0.0,0.0,0.06069802731411229,78.0,146.0,278.0
3,edge_48_370977,2,0,0,-1,0.0,0.0,0.06069802731411229,78.0,146.0,278.0
3,edge_48_58029,2,0,0,-1,0.5,0.0,0.06069802731411229,78.0,146.0,278.0
3,edge_48_261168,2,0,0,-1,0.0,0.0,0.06069802731411229,78.0,146.0,278.0
3,edge_48_113,2,0,0,-1,0.5,0.0,0.06069802731411229,78.0,146.0,278.0
3,edge_48_2537,2,0,0,-1,0.5,0.0,0.06069802731411229,78.0,146.0,278.0
3,edge_58844_167411,2,0,0,-1,0.5,0.0,0.06069802731411229,78.0,146.0,278.0
3,edge_58844_289315,2,0,0,-1,0.5,0.0,0.06069802731411229,78.0,146.0,278.0
3,edge_4954_115532,2,0,0,-1,0.0,0.0,0.06069802731411229,78.0,146.0,278.0
3,edge_4954_391488,2,0,0,-1,0.0,0.0,0.06069802731411229,78.0,146.0,278.0
3,edge_337252_346426,2,0,0,-1,0.5,0.0,0.06069802731411229,78.0,146.0,278.0
3,edge_186434_186898,2,0,0,-1,0.0,0.0,0.06069802731411229,78.0,146.0,278.0
3,edge_186431_186434,2,0,0,-1,0.0,0.0,0.06069802731411229,78.0,146.0,278.0
3,edge_336908_336910,2,0,0,-1,0.0,0.0,0.06069802731411229,78.0,146.0,278.0
3,edge_336909_336910,2,0,0,-1,0.0,0.0,0.06069802731411229,78.0,146.0,278.0
3,edge_36_276595,2,0,0,-1,0.5,0.0,0.06069802731411229,78.0,146.0,278.0
3,edge_36_168277,2,0,0,-1,0.5,0.0,0.06069802731411229,78.0,146.0,278.0
3,edge_36_101180,2,0,0,-1,0.5,0.0,0.06069802731411229,78.0,146.0,278.0
3,edge_164250_229240,2,0,0,-1,0.5,0.0,0.06069802731411229,78.0,146.0,278.0
3,edge_117_293768,2,0,0,-1,0.0,0.0,0.06069802731411229,78.0,146.0,278.0
3,edge_213753_213754,2,0,0,-1,0.5,0.0,0.06069802731411229,78.0,146.0,278.0
3,edge_36_366848,2,0,0,-1,0.0,0.0,0.06069802731411229,78.0,146.0,278.0
3,edge_36_204168,2,0,0,-1,0.0,0.0,0.06069802731411229,78.0,146.0,278.0
3,edge_36_45669,2,0,0,-1,0.5,0.0,0.06069802731411229,78.0,146.0,278.0
3,edge_4_18747,2,0,0,-1,0.5,0.0,0.06069802731411229,78.0,146.0,278.0
3,edge_6_333320,2,0,0,-1,0.5,0.0,0.06069802731411229,78.0,146.0,278.0
3,edge_6_1520,2,0,0,-1,0.0,0.0,0.06069802731411229,78.0,146.0,278.0
3,edge_1519_1520,2,0,0,-1,0.5,0.0,0.06069802731411229,78.0,146.0,278.0
3,edge_5_240058,2,0,0,-1,0.0,0.0,0.06069802731411229,78.0,146.0,278.0
3,edge_49_237029,2,0,0,-1,0.5,0.0,0.06069802731411229,78.0,146.0,278.0
3,edge_2258_268024,2,0,0,-1,0.5,0.0,0.06069802731411229,78.0,146.0,278.0
3,edge_1277_10514,2,0,0,-1,0.5,0.0,0.06069802731411229,78.0,146.0,278.0
3,edge_2477_358219,2,0,0,-1,0.5,0.0,0.06069802731411229,78.0,146.0,278.0
3,edge_84590_126438,2,0,0,-1,0.5,0.0,0.06069802731411229,78.0,146.0,278.0
3,edge_237423_237424,2,0,0,-1,0.0,0.0,0.06069802731411229,78.0,146.0,278.0
3,edge_5_375853,2,0,0,-1,0.5,0.0,0.06069802731411229,78.0,146.0,278.0
3,edge_60_337252,2,0,0,-1,0.5,0.0,0.06069802731411229,78.0,146.0,278.0
3,edge_60_213559,2,0,0,-1,0.0,0.0,0.06069802731411229,78.0,146.0,278.0
3,edge_44_213559,2,0,0,-1,0.0,0.0,0.06069802731411229,78.0,146.0,278.0
3,edge_36_106,2,0,0,-1,0.0,0.0,0.06069802731411229,78.0,146.0,278.0
3,edge_38_26609,2,0,0,-1,0.5,0.0,0.06069802731411229,78.0,146.0,278.0
3,edge_38_174702,2,0,0,-1,0.5,0.0,0.06069802731411229,78.0,146.0,278.0
3,edge_256430_316850,2,0,0,-1,0.0,0.0,0.06069802731411229,78.0,146.0,278.0
3,edge_4060_378218,2,0,0,-1,0.0,0.0,0.06069802731411229,78.0,146.0,278.0
3,edge_5322_80717,2,0,0,-1,0.5,0.0,0.06069802731411229,78.0,146.0,278.0
3,edge_69621_338277,2,0,0,-1,0.5,0.0,0.06069802731411229,78.0,146.0,278.0
3,edge_30090_338277,2,0,0,-1,0.0,0.0,0.06069802731411229,78.0,146.0,278.0
3,edge_25453_30090,2,0,0,-1,0.5,0.0,0.06069802731411229,78.0,146.0,278.0
3,edge_5_284938,2,0,0,-1,0.5,0.0,0.06069802731411229,78.0,146.0,278.0
3,edge_1032_375854,2,0,0,-1,0.5,0.0,0.06069802731411229,78.0,146.0,278.0
3,edge_5_13928,2,0,0,-1,0.5,0.0,0.06069802731411229,78.0,146.0,278.0
3,edge_5_321688,2,0,0,-1,0.5,0.0,0.06069802731411229,78.0,146.0,278.0
3,edge_1032_1520,2,0,0,-1,0.5,0.0,0.06069802731411229,78.0,146.0,278.0
3,edge_60_1577,2,0,0,-1,0.5,0.0,0.06069802731411229,78.0,146.0,278.0
3,edge_60_155,2,0,0,-1,0.5,0.0,0.06069802731411229,78.0,146.0,278.0
3,edge_5_282048,2,0,0,-1,0.0,0.0,0.06069802731411229,78.0,146.0,278.0
3,edge_282046_282048,2,0,0,-1,0.0,0.0,0.06069802731411229,78.0,146.0,278.0
3,edge_5_340921,2,0,0,-1,0.5,0.0,0.06069802731411229,78.0,146.0,278.0
3,edge_186432_186434,2,0,0,-1,0.0,0.0,0.06069802731411229,78.0,146.0,278.0
3,edge_9598_17791,2,0,0,-1,0.0,0.0,0.06069802731411229,78.0,146.0,278.0
3,edge_89_17791,2,0,0,-1,0.5,0.0,0.06069802731411229,78.0,146.0,278.0
3,edge_9598_264632,2,0,0,-1,0.0,0.0,0.06069802731411229,78.0,146.0,278.0
3,edge_5_176074,2,0,0,-1,0.0,0.0,0.06069802731411229,78.0,146.0,278.0
3,edge_74608_176074,2,0,0,-1,0.0,0.0,0.06069802731411229,78.0,146.0,278.0
3,edge_2143_176074,2,0,0,-1,0.5,0.0,0.06069802731411229,78.0,146.0,278.0
3,edge_36_348878,2,0,0,-1,0.5,0.0,0.06069802731411229,78.0,146.0,278.0
3,edge_36_80576,2,0,0,-1,0.0,0.0,0.06069802731411229,78.0,146.0,278.0
3,edge_36_316785,2,0,0,-1,0.5,0.0,0.06069802731411229,78.0,146.0,278.0
3,edge_186_2970,2,0,0,-1,0.5,0.0,0.06069802731411229,78.0,146.0,278.0
3,edge_2970_85727,2,0,0,-1,0.0,0.0,0.06069802731411229,78.0,146.0,278.0
3,edge_57473_85727,2,0,0,-1,0.5,0.0,0.06069802731411229,78.0,146.0,278.0
3,edge_2970_165360,2,0,0,-1,0.5,0.0,0.06069802731411229,78.0,146.0,278.0
3,edge_186432_301424,2,0,0,-1,0.0,0.0,0.06069802731411229,78.0,146.0,278.0
3,edge_203916_304577,2,0,0,-1,0.5,0.0,0.06069802731411229,78.0,146.0,278.0
3,edge_203916_218551,2,0,0,-1,0.5,0.0,0.06069802731411229,78.0,146.0,278.0
4,4,496,590,161,0,0.2620967741935484,0.3746,8.630589872977206,19344.0,36208.0,68944.0
4,179297,55,37,5,5,0.5636363636363636,0.3514,0.9570210544631982,2145.0,4015.0,7645.0
4,166,44,55,27,1,0.3181818181818182,0.4545,0.7656168435705586,1716.0,3212.0,6116.0
4,234,39,53,28,2,0.2564102564102564,0.4528,0.6786149295284496,1521.0,2847.0,5421.0
4,6,36,49,36,1,0.2777777777777778,0.4694,0.6264137811031842,1404.0,2628.0,5004.0
4,222856,32,20,10,2,0.65625,0.45,0.5568122498694972,1248.0,2336.0,4448.0
4,281795,30,45,6,8,0.2,0.4667,0.5220114842526535,1170.0,2190.0,4170.0
4,36,28,38,27,1,0.25,0.4474,0.48721071863581,1092.0,2044.0,3892.0
4,265208,28,20,7,9,0.6428571428571429,0.5,0.48721071863581,1092.0,2044.0,3892.0
4,218985,27,44,8,1,0.18518518518518517,0.5,0.4698103358273882,1053.0,1971.0,3753.0
4,54,27,26,17,2,0.48148148148148145,0.4615,0.4698103358273882,1053.0,1971.0,3753.0
4,197725,26,14,4,1,0.6923076923076923,0.4286,0.4524099530189664,1014.0,1898.0,3614.0
4,48,25,35,26,2,0.28,0.4857,0.43500957021054465,975.0,1825.0,3475.0
4,301405,25,46,7,2,0.08,0.5,0.43500957021054465,975.0,1825.0,3475.0
4,5,23,33,27,2,0.2608695652173913,0.4848,0.40020880459370106,897.0,1679.0,3197.0
4,239647,23,39,7,2,0.08695652173913043,0.4615,0.40020880459370106,897.0,1679.0,3197.0
4,108357,23,26,5,7,0.43478260869565216,0.5,0.40020880459370106,897.0,1679.0,3197.0
4,9,22,37,23,2,0.13636363636363635,0.4865,0.3828084217852793,858.0,1606.0,3058.0
4,89,22,23,20,2,0.4090909090909091,0.4348,0.3828084217852793,858.0,1606.0,3058.0
4,170670,22,24,4,4,0.45454545454545453,0.5,0.3828084217852793,858.0,1606.0,3058.0
4,300,21,25,7,3,0.38095238095238093,0.48,0.3654080389768575,819.0,1533.0,2919.0
4,155356,20,36,7,1,0.1,0.5,0.3480076561684357,780.0,1460.0,2780.0
4,166513,20,14,2,6,0.65,0.5,0.3480076561684357,780.0,1460.0,2780.0
4,339469,19,23,6,1,0.3684210526315789,0.4783,0.33060727336001394,741.0,1387.0,2641.0
4,17965,19,20,5,2,0.47368421052631576,0.5,0.33060727336001394,741.0,1387.0,2641.0
4,84704,18,21,9,2,0.3333333333333333,0.4286,0.3132068905515921,702.0,1314.0,2502.0
4,12456,18,16,11,1,0.5555555555555556,0.5,0.3132068905515921,702.0,1314.0,2502.0
4,69975,18,25,11,2,0.2777777777777778,0.48,0.3132068905515921,702.0,1314.0,2502.0
4,223237,18,17,6,5,0.5,0.4706,0.3132068905515921,702.0,1314.0,2502.0
4,7669,18,22,7,1,0.3888888888888889,0.5,0.3132068905515921,702.0,1314.0,2502.0
4,213970,18,16,5,3,0.5555555555555556,0.5,0.3132068905515921,702.0,1314.0,2502.0
4,1520,17,16,4,1,0.5294117647058824,0.5,0.29580650774317035,663.0,1241.0,2363.0
4,edge_179297_206509,17,0,0,-1,0.35294117647058826,0.0,0.29580650774317035,663.0,1241.0,2363.0
4,1032,17,20,11,1,0.4117647058823529,0.5,0.29580650774317035,663.0,1241.0,2363.0
4,325019,17,22,5,1,0.35294117647058826,0.5,0.29580650774317035,663.0,1241.0,2363.0
4,382978,17,21,7,2,0.23529411764705882,0.381,0.29580650774317035,663.0,1241.0,2363.0
4,270371,17,18,1,5,0.47058823529411764,0.5,0.29580650774317035,663.0,1241.0,2363.0
4,46370,16,24,7,1,0.1875,0.4583,0.2784061249347486,624.0,1168.0,2224.0
4,298713,16,10,3,8,0.375,1.0,0.2784061249347486,624.0,1168.0,2224.0
4,259836,15,9,3,1,0.6666666666666666,0.4444,0.26100574212632677,585.0,1095.0,2085.0
4,336962,15,18,5,1,0.4,0.5,0.26100574212632677,585.0,1095.0,2085.0
4,370163,15,14,3,1,0.5333333333333333,0.5,0.26100574212632677,585.0,1095.0,2085.0
4,126357,15,16,4,1,0.4,0.4375,0.26100574212632677,585.0,1095.0,2085.0
4,358252,15,16,8,3,0.4666666666666667,0.5,0.26100574212632677,585.0,1095.0,2085.0
4,331786,15,30,2,6,0.0,0.5,0.26100574212632677,585.0,1095.0,2085.0
4,367425,14,26,7,1,0.07142857142857142,0.5,0.243605359317905,546.0,1022.0,1946.0
4,246,14,12,8,5,0.5714285714285714,0.5,0.243605359317905,546.0,1022.0,1946.0
4,236205,14,18,4,2,0.35714285714285715,0.5,0.243605359317905,546.0,1022.0,1946.0
4,337312,14,10,2,14,0.6428571428571429,0.5,0.243605359317905,546.0,1022.0,1946.0
4,136695,14,6,3,6,0.7857142857142857,0.5,0.243605359317905,546.0,1022.0,1946.0
4,13014,14,20,9,2,0.2857142857142857,0.5,0.243605359317905,546.0,1022.0,1946.0
4,185276,14,14,5,3,0.5,0.5,0.243605359317905,546.0,1022.0,1946.0
4,1521,14,24,11,1,0.14285714285714285,0.5,0.243605359317905,546.0,1022.0,1946.0
4,101079,14,10,3,4,0.6428571428571429,0.5,0.243605359317905,546.0,1022.0,1946.0
4,270370,14,16,5,4,0.5,0.5,0.243605359317905,546.0,1022.0,1946.0
4,316134,13,22,7,2,0.15384615384615385,0.5,0.2262049765094832,507.0,949.0,1807.0
4,1202,13,16,7,1,0.38461538461538464,0.5,0.2262049765094832,507.0,949.0,1807.0
4,137303,13,16,3,2,0.38461538461538464,0.5,0.2262049765094832,507.0,949.0,1807.0
4,237892,13,14,5,3,0.38461538461538464,0.4286,0.2262049765094832,507.0,949.0,1807.0
4,219,13,19,11,11,0.23076923076923078,0.4737,0.2262049765094832,507.0,949.0,1807.0
4,1175,13,12,5,7,0.5384615384615384,0.5,0.2262049765094832,507.0,949.0,1807.0
4,371143,12,12,7,1,0.5,0.5,0.20880459370106141,468.0,876.0,1668.0
4,242,12,15,8,3,0.3333333333333333,0.4667,0.20880459370106141,468.0,876.0,1668.0
4,11600,12,21,9,3,0.08333333333333333,0.4762,0.20880459370106141,468.0,876.0,1668.0
4,268810,12,14,4,5,0.4166666666666667,0.5,0.20880459370106141,468.0,876.0,1668.0
4,209529,12,12,3,2,0.3333333333333333,0.3333,0.20880459370106141,468.0,876.0,1668.0
4,71600,12,14,8,2,0.4166666666666667,0.5,0.20880459370106141,468.0,876.0,1668.0
4,186048,12,9,2,8,0.5,0.3333,0.20880459370106141,468.0,876.0,1668.0
4,2342,12,11,7,3,0.5,0.4545,0.20880459370106141,468.0,876.0,1668.0
4,315281,12,14,3,4,0.4166666666666667,0.5,0.20880459370106141,468.0,876.0,1668.0
4,37095,12,12,3,6,0.5,0.5,0.20880459370106141,468.0,876.0,1668.0
4,122384,12,14,4,5,0.3333333333333333,0.4286,0.20880459370106141,468.0,876.0,1668.0
4,edge_258790_331786,12,0,0,-1,0.0,0.0,0.20880459370106141,468.0,876.0,1668.0
4,edge_331786_381945,12,0,0,-1,0.3333333333333333,0.0,0.20880459370106141,468.0,876.0,1668.0
4,339133,11,16,7,2,0.2727272727272727,0.5,0.19140421089263965,429.0,803.0,1529.0
4,44,11,18,14,1,0.18181818181818182,0.5,0.19140421089263965,429.0,803.0,1529.0
4,4957,11,16,6,1,0.2727272727272727,0.5,0.19140421089263965,429.0,803.0,1529.0
4,218982,11,14,3,1,0.36363636363636365,0.5,0.19140421089263965,429.0,803.0,1529.0
4,339118,11,10,3,8,0.5454545454545454,0.5,0.19140421089263965,429.0,803.0,1529.0
4,14926,11,11,7,5,0.45454545454545453,0.4545,0.19140421089263965,429.0,803.0,1529.0
4,282460,11,8,4,1,0.5454545454545454,0.375,0.19140421089263965,429.0,803.0,1529.0
4,7200,11,16,9,5,0.2727272727272727,0.5,0.19140421089263965,429.0,803.0,1529.0
4,376451,11,9,4,1,0.18181818181818182,1.0,0.19140421089263965,429.0,803.0,1529.0
4,edge_270370_270371,11,0,0,-1,0.0,0.0,0.19140421089263965,429.0,803.0,1529.0
4,748,10,5,4,2,0.7,0.4,0.17400382808421785,390.0,730.0,1390.0
4,235,10,10,9,2,0.4,0.4,0.17400382808421785,390.0,730.0,1390.0
4,90,10,13,11,3,0.2,0.3846,0.17400382808421785,390.0,730.0,1390.0
4,382714,10,9,3,2,0.4,0.3333,0.17400382808421785,390.0,730.0,1390.0
4,17019,10,14,8,5,0.3,0.5,0.17400382808421785,390.0,730.0,1390.0
4,17963,10,12,7,2,0.4,0.5,0.17400382808421785,390.0,730.0,1390.0
4,216653,10,12,3,5,0.4,0.5,0.17400382808421785,390.0,730.0,1390.0
4,46367,10,16,4,5,0.2,0.5,0.17400382808421785,390.0,730.0,1390.0
4,258524,10,8,4,3,0.6,0.5,0.17400382808421785,390.0,730.0,1390.0
4,53,10,8,10,2,0.2,1.0,0.17400382808421785,390.0,730.0,1390.0
4,edge_4_58,10,0,0,-1,0.6,0.0,0.17400382808421785,390.0,730.0,1390.0
4,12463,9,12,6,2,0.3333333333333333,0.5,0.15660344527579606,351.0,657.0,1251.0
4,286108,9,14,7,2,0.2222222222222222,0.5,0.15660344527579606,351.0,657.0,1251.0
4,137604,9,10,6,1,0.4444444444444444,0.5,0.15660344527579606,351.0,657.0,1251.0
4,286014,9,16,5,4,0.1111111111111111,0.5,0.15660344527579606,351.0,657.0,1251.0
4,12473,9,11,7,6,0.3333333333333333,0.4545,0.15660344527579606,351.0,657.0,1251.0
4,271759,9,14,4,6,0.2222222222222222,0.5,0.15660344527579606,351.0,657.0,1251.0
4,261444,9,12,5,1,0.2222222222222222,0.4167,0.15660344527579606,351.0,657.0,1251.0
4,51,9,12,10,3,0.3333333333333333,0.5,0.15660344527579606,351.0,657.0,1251.0
4,226367,9,6,2,1,0.6666666666666666,0.5,0.15660344527579606,351.0,657.0,1251.0
4,355330,9,8,3,3,0.5555555555555556,0.5,0.15660344527579606,351.0,657.0,1251.0
4,348879,9,6,3,3,0.6666666666666666,0.5,0.15660344527579606,351.0,657.0,1251.0
4,325033,9,8,5,12,0.5555555555555556,0.5,0.15660344527579606,351.0,657.0,1251.0
4,40802,9,3,3,4,0.7777777777777778,0.3333,0.15660344527579606,351.0,657.0,1251.0
4,339152,9,8,2,12,0.5555555555555556,0.5,0.15660344527579606,351.0,657.0,1251.0
4,59672,9,18,6,8,0.0,0.5,0.15660344527579606,351.0,657.0,1251.0
4,258790,9,15,4,5,0.1111111111111111,0.4667,0.15660344527579606,351.0,657.0,1251.0
4,360491,9,6,3,1,0.3333333333333333,1.0,0.15660344527579606,351.0,657.0,1251.0
4,edge_4_217943,9,0,0,-1,0.3333333333333333,0.0,0.15660344527579606,351.0,657.0,1251.0
4,edge_155356_209529,9,0,0,-1,0.0,0.0,0.15660344527579606,351.0,657.0,1251.0
4,edge_6386_170670,9,0,0,-1,0.2222222222222222,0.0,0.15660344527579606,351.0,657.0,1251.0
4,edge_301405_349123,9,0,0,-1,0.0,0.0,0.15660344527579606,351.0,657.0,1251.0
4,301931,8,10,5,4,0.375,0.5,0.1392030624673743,312.0,584.0,1112.0
4,1138,8,13,8,6,0.125,0.4615,0.1392030624673743,312.0,584.0,1112.0
4,325020,8,12,4,1,0.25,0.5,0.1392030624673743,312.0,584.0,1112.0
4,325018,8,12,7,1,0.25,0.5,0.1392030624673743,312.0,584.0,1112.0
4,107,8,10,6,3,0.375,0.5,0.1392030624673743,312.0,584.0,1112.0
4,34,8,13,9,2,0.125,0.4615,0.1392030624673743,312.0,584.0,1112.0
4,307392,8,5,4,5,0.625,0.4,0.1392030624673743,312.0,584.0,1112.0
4,235871,8,12,7,7,0.25,0.5,0.1392030624673743,312.0,584.0,1112.0
4,331028,8,10,5,9,0.375,0.5,0.1392030624673743,312.0,584.0,1112.0
4,101078,8,8,4,2,0.375,0.375,0.1392030624673743,312.0,584.0,1112.0
4,336908,8,10,5,1,0.25,0.4,0.1392030624673743,312.0,584.0,1112.0
4,220113,8,8,5,2,0.5,0.5,0.1392030624673743,312.0,584.0,1112.0
4,349121,8,12,5,3,0.25,0.5,0.1392030624673743,312.0,584.0,1112.0
4,58027,8,8,4,1,0.5,0.5,0.1392030624673743,312.0,584.0,1112.0
4,4986,8,15,7,4,0.0,0.4667,0.1392030624673743,312.0,584.0,1112.0
4,322226,8,10,5,1,0.125,0.3,0.1392030624673743,312.0,584.0,1112.0
4,60681,8,6,3,6,0.625,0.5,0.1392030624673743,312.0,584.0,1112.0
4,141652,8,11,7,4,0.25,0.4545,0.1392030624673743,312.0,584.0,1112.0
4,edge_4_339469,8,0,0,-1,0.0,0.0,0.1392030624673743,312.0,584.0,1112.0
4,edge_1139_108357,8,0,0,-1,0.25,0.0,0.1392030624673743,312.0,584.0,1112.0
4,edge_376451_382978,8,0,0,-1,0.0,0.0,0.1392030624673743,312.0,584.0,1112.0
4,edge_226104_281795,8,0,0,-1,0.25,0.0,0.1392030624673743,312.0,584.0,1112.0
4,edge_226108_281795,8,0,0,-1,0.375,0.0,0.1392030624673743,312.0,584.0,1112.0
4,16817,8,4,5,2,0.5,1.0,0.1392030624673743,312.0,584.0,1112.0
4,278431,8,6,6,5,0.25,1.0,0.1392030624673743,312.0,584.0,1112.0
4,edge_37095_46367,8,0,0,-1,0.0,0.0,0.1392030624673743,312.0,584.0,1112.0
4,236,7,6,4,3,0.5714285714285714,0.5,0.1218026796589525,273.0,511.0,973.0
4,276603,7,6,3,1,0.5714285714285714,0.5,0.1218026796589525,273.0,511.0,973.0
4,13791,7,11,7,3,0.2857142857142857,0.4545,0.1218026796589525,273.0,511.0,973.0
4,80138,7,8,5,4,0.42857142857142855,0.5,0.1218026796589525,273.0,511.0,973.0
4,189,7,6,4,3,0.5714285714285714,0.5,0.1218026796589525,273.0,511.0,973.0
4,217940,7,10,4,2,0.2857142857142857,0.5,0.1218026796589525,273.0,511.0,973.0
4,271565,7,6,4,2,0.5714285714285714,0.5,0.1218026796589525,273.0,511.0,973.0
4,115626,7,8,4,3,0.42857142857142855,0.5,0.1218026796589525,273.0,511.0,973.0
4,269061,7,8,4,8,0.2857142857142857,0.375,0.1218026796589525,273.0,511.0,973.0
4,118215,7,12,6,10,0.0,0.4167,0.1218026796589525,273.0,511.0,973.0
4,328176,7,10,4,10,0.2857142857142857,0.5,0.1218026796589525,273.0,511.0,973.0
4,68939,7,4,3,13,0.7142857142857143,0.5,0.1218026796589525,273.0,511.0,973.0
4,10900,7,10,4,3,0.2857142857142857,0.5,0.1218026796589525,273.0,511.0,973.0
4,158204,7,11,3,3,0.14285714285714285,0.4545,0.1218026796589525,273.0,511.0,973.0
4,363948,7,10,3,6,0.2857142857142857,0.5,0.1218026796589525,273.0,511.0,973.0
4,12516,7,7,5,3,0.42857142857142855,0.4286,0.1218026796589525,273.0,511.0,973.0
4,185279,7,8,3,4,0.42857142857142855,0.5,0.1218026796589525,273.0,511.0,973.0
4,309176,7,11,7,1,0.14285714285714285,0.4545,0.1218026796589525,273.0,511.0,973.0
4,155,7,7,8,2,0.42857142857142855,0.4286,0.1218026796589525,273.0,511.0,973.0
4,23876,7,6,4,10,0.5714285714285714,0.5,0.1218026796589525,273.0,511.0,973.0
4,176258,7,8,4,8,0.42857142857142855,0.5,0.1218026796589525,273.0,511.0,973.0
4,edge_4_96005,7,0,0,-1,0.0,0.0,0.1218026796589525,273.0,511.0,973.0
4,edge_4_204167,7,0,0,-1,0.42857142857142855,0.0,0.1218026796589525,273.0,511.0,973.0
4,edge_218982_218985,7,0,0,-1,0.0,0.0,0.1218026796589525,273.0,511.0,973.0
4,edge_4_42703,7,0,0,-1,0.42857142857142855,0.0,0.1218026796589525,273.0,511.0,973.0
4,edge_270368_270370,7,0,0,-1,0.5714285714285714,0.0,0.1218026796589525,273.0,511.0,973.0
4,edge_4_224780,6,0,0,-1,0.3333333333333333,0.0,0.10440229685053071,234.0,438.0,834.0
4,3945,6,8,5,2,0.3333333333333333,0.5,0.10440229685053071,234.0,438.0,834.0
4,3344,6,9,6,3,0.16666666666666666,0.4444,0.10440229685053071,234.0,438.0,834.0
4,204168,6,10,5,1,0.16666666666666666,0.5,0.10440229685053071,234.0,438.0,834.0
4,398052,6,8,5,1,0.16666666666666666,0.375,0.10440229685053071,234.0,438.0,834.0
4,106132,6,6,3,2,0.5,0.5,0.10440229685053071,234.0,438.0,834.0
4,1519,6,6,5,1,0.5,0.5,0.10440229685053071,234.0,438.0,834.0
4,edge_4_331048,6,0,0,-1,0.5,0.0,0.10440229685053071,234.0,438.0,834.0
4,67029,6,7,6,3,0.3333333333333333,0.4286,0.10440229685053071,234.0,438.0,834.0
4,34396,6,6,2,2,0.5,0.5,0.10440229685053071,234.0,438.0,834.0
4,364158,6,10,6,1,0.16666666666666666,0.5,0.10440229685053071,234.0,438.0,834.0
4,3944,6,10,6,2,0.16666666666666666,0.5,0.10440229685053071,234.0,438.0,834.0
4,185256,6,4,3,8,0.6666666666666666,0.5,0.10440229685053071,234.0,438.0,834.0
4,edge_95205_118215,6,0,0,-1,0.6666666666666666,0.0,0.10440229685053071,234.0,438.0,834.0
4,208529,6,4,3,4,0.6666666666666666,0.5,0.10440229685053071,234.0,438.0,834.0
4,236938,6,12,5,4,0.0,0.5,0.10440229685053071,234.0,438.0,834.0
4,14924,6,4,2,7,0.6666666666666666,0.5,0.10440229685053071,234.0,438.0,834.0
4,edge_93366_186048,6,0,0,-1,0.0,0.0,0.10440229685053071,234.0,438.0,834.0
4,185274,6,6,3,4,0.5,0.5,0.10440229685053071,234.0,438.0,834.0
4,13052,6,10,4,1,0.16666666666666666,0.5,0.10440229685053071,234.0,438.0,834.0
4,78368,6,9,4,2,0.16666666666666666,0.4444,0.10440229685053071,234.0,438.0,834.0
4,375948,6,10,5,1,0.16666666666666666,0.5,0.10440229685053071,234.0,438.0,834.0
4,332,6,9,6,2,0.16666666666666666,0.4444,0.10440229685053071,234.0,438.0,834.0
4,200982,6,6,4,3,0.5,0.5,0.10440229685053071,234.0,438.0,834.0
4,278432,6,6,2,6,0.5,0.5,0.10440229685053071,234.0,438.0,834.0
4,45248,6,8,3,3,0.3333333333333333,0.5,0.10440229685053071,234.0,438.0,834.0
4,11440,6,4,2,9,0.6666666666666666,0.5,0.10440229685053071,234.0,438.0,834.0
4,158520,6,9,4,4,0.0,0.3333,0.10440229685053071,234.0,438.0,834.0
4,edge_4_393383,6,0,0,-1,0.5,0.0,0.10440229685053071,234.0,438.0,834.0
4,edge_4_204168,6,0,0,-1,0.0,0.0,0.10440229685053071,234.0,438.0,834.0
4,edge_335163_367425,6,0,0,-1,0.16666666666666666,0.0,0.10440229685053071,234.0,438.0,834.0
4,edge_307531_335838,6,0,0,-1,0.5,0.0,0.10440229685053071,234.0,438.0,834.0
4,edge_4_360491,6,0,0,-1,0.0,0.0,0.10440229685053071,234.0,438.0,834.0
4,edge_4_1520,6,0,0,-1,0.0,0.0,0.10440229685053071,234.0,438.0,834.0
4,edge_84704_387891,6,0,0,-1,0.3333333333333333,0.0,0.10440229685053071,234.0,438.0,834.0
4,edge_298710_298713,6,0,0,-1,0.0,0.0,0.10440229685053071,234.0,438.0,834.0
4,edge_11596_11600,6,0,0,-1,0.5,0.0,0.10440229685053071,234.0,438.0,834.0
4,edge_4_155356,6,0,0,-1,0.0,0.0,0.10440229685053071,234.0,438.0,834.0
4,edge_4_295548,6,0,0,-1,0.5,0.0,0.10440229685053071,234.0,438.0,834.0
4,edge_4_392569,6,0,0,-1,0.5,0.0,0.10440229685053071,234.0,438.0,834.0
4,edge_4492_218985,6,0,0,-1,0.16666666666666666,0.0,0.10440229685053071,234.0,438.0,834.0
4,edge_265208_281795,6,0,0,-1,0.0,0.0,0.10440229685053071,234.0,438.0,834.0
4,edge_274067_328176,6,0,0,-1,0.6666666666666666,0.0,0.10440229685053071,234.0,438.0,834.0
4,edge_4_348520,6,0,0,-1,0.3333333333333333,0.0,0.10440229685053071,234.0,438.0,834.0
4,edge_42705_126357,6,0,0,-1,0.5,0.0,0.10440229685053071,234.0,438.0,834.0
4,edge_159824_301405,6,0,0,-1,0.0,0.0,0.10440229685053071,234.0,438.0,834.0
4,edge_301405_349121,6,0,0,-1,0.0,0.0,0.10440229685053071,234.0,438.0,834.0
4,edge_216653_315281,6,0,0,-1,0.0,0.0,0.10440229685053071,234.0,438.0,834.0
4,edge_17965_17966,6,0,0,-1,0.3333333333333333,0.0,0.10440229685053071,234.0,438.0,834.0
4,edge_146055_166513,6,0,0,-1,0.16666666666666666,0.0,0.10440229685053071,234.0,438.0,834.0
4,10228,5,5,4,2,0.4,0.4,0.08700191404210893,195.0,365.0,695.0
4,186,5,9,8,2,0.0,0.4444,0.08700191404210893,195.0,365.0,695.0
4,363364,5,6,2,3,0.4,0.5,0.08700191404210893,195.0,365.0,695.0
4,371141,5,2,2,2,0.6,0.0,0.08700191404210893,195.0,365.0,695.0
4,335838,5,10,3,3,0.0,0.5,0.08700191404210893,195.0,365.0,695.0
4,239646,5,6,3,3,0.4,0.5,0.08700191404210893,195.0,365.0,695.0
4,219877,5,7,3,2,0.2,0.4286,0.08700191404210893,195.0,365.0,695.0
4,edge_4_382708,5,0,0,-1,0.2,0.0,0.08700191404210893,195.0,365.0,695.0
4,73610,5,6,4,9,0.4,0.5,0.08700191404210893,195.0,365.0,695.0
4,336961,5,10,5,1,0.0,0.5,0.08700191404210893,195.0,365.0,695.0
4,edge_4_282460,5,0,0,-1,0.0,0.0,0.08700191404210893,195.0,365.0,695.0
4,92,5,3,3,2,0.6,0.3333,0.08700191404210893,195.0,365.0,695.0
4,360243,5,10,5,3,0.0,0.5,0.08700191404210893,195.0,365.0,695.0
4,217942,5,8,4,1,0.2,0.5,0.08700191404210893,195.0,365.0,695.0
4,edge_197725_239647,5,0,0,-1,0.0,0.0,0.08700191404210893,195.0,365.0,695.0
4,85706,5,6,5,2,0.4,0.5,0.08700191404210893,195.0,365.0,695.0
4,351245,5,8,4,1,0.2,0.5,0.08700191404210893,195.0,365.0,695.0
4,189148,5,2,2,3,0.8,0.5,0.08700191404210893,195.0,365.0,695.0
4,360587,5,8,2,2,0.2,0.5,0.08700191404210893,195.0,365.0,695.0
4,86521,5,6,5,6,0.2,0.3333,0.08700191404210893,195.0,365.0,695.0
4,389345,5,4,3,11,0.6,0.5,0.08700191404210893,195.0,365.0,695.0
4,384079,5,8,4,2,0.2,0.5,0.08700191404210893,195.0,365.0,695.0
4,edge_382714_386322,5,0,0,-1,0.4,0.0,0.08700191404210893,195.0,365.0,695.0
4,93366,5,7,3,9,0.0,0.2857,0.08700191404210893,195.0,365.0,695.0
4,12514,5,5,4,1,0.4,0.4,0.08700191404210893,195.0,365.0,695.0
4,6790,5,4,3,13,0.6,0.5,0.08700191404210893,195.0,365.0,695.0
4,edge_12518_382978,5,0,0,-1,0.2,0.0,0.08700191404210893,195.0,365.0,695.0
4,322267,5,4,2,2,0.6,0.5,0.08700191404210893,195.0,365.0,695.0
4,264682,5,6,3,2,0.4,0.5,0.08700191404210893,195.0,365.0,695.0
4,383,5,6,5,3,0.4,0.5,0.08700191404210893,195.0,365.0,695.0
4,197188,5,8,4,1,0.2,0.5,0.08700191404210893,195.0,365.0,695.0
4,184260,5,6,3,4,0.4,0.5,0.08700191404210893,195.0,365.0,695.0
4,57,5,9,8,2,0.0,0.4444,0.08700191404210893,195.0,365.0,695.0
4,155779,5,4,2,2,0.6,0.5,0.08700191404210893,195.0,365.0,695.0
4,45684,5,5,4,8,0.4,0.4,0.08700191404210893,195.0,365.0,695.0
4,83916,5,4,2,2,0.6,0.5,0.08700191404210893,195.0,365.0,695.0
4,11441,5,4,4,7,0.4,0.25,0.08700191404210893,195.0,365.0,695.0
4,378848,5,3,2,1,0.4,0.0,0.08700191404210893,195.0,365.0,695.0
4,291688,5,6,3,5,0.4,0.5,0.08700191404210893,195.0,365.0,695.0
4,1049,5,6,4,2,0.4,0.5,0.08700191404210893,195.0,365.0,695.0
4,343513,5,6,1,5,0.4,0.5,0.08700191404210893,195.0,365.0,695.0
4,edge_4_367425,5,0,0,-1,0.0,0.0,0.08700191404210893,195.0,365.0,695.0
4,edge_4_197725,5,0,0,-1,0.0,0.0,0.08700191404210893,195.0,365.0,695.0
4,edge_4_325019,5,0,0,-1,0.0,0.0,0.08700191404210893,195.0,365.0,695.0
4,edge_239647_286108,5,0,0,-1,0.0,0.0,0.08700191404210893,195.0,365.0,695.0
4,edge_239646_239647,5,0,0,-1,0.0,0.0,0.08700191404210893,195.0,365.0,695.0
4,edge_339133_339469,5,0,0,-1,0.0,0.0,0.08700191404210893,195.0,365.0,695.0
4,edge_4_243251,5,0,0,-1,0.4,0.0,0.08700191404210893,195.0,365.0,695.0
4,edge_336961_336962,5,0,0,-1,0.0,0.0,0.08700191404210893,195.0,365.0,695.0
4,edge_217940_325019,5,0,0,-1,0.0,0.0,0.08700191404210893,195.0,365.0,695.0
4,edge_325019_325020,5,0,0,-1,0.0,0.0,0.08700191404210893,195.0,365.0,695.0
4,edge_245512_271759,5,0,0,-1,0.4,0.0,0.08700191404210893,195.0,365.0,695.0
4,edge_339132_339469,5,0,0,-1,0.6,0.0,0.08700191404210893,195.0,365.0,695.0
4,edge_4_370163,5,0,0,-1,0.0,0.0,0.08700191404210893,195.0,365.0,695.0
4,edge_4_7669,5,0,0,-1,0.0,0.0,0.08700191404210893,195.0,365.0,695.0
4,edge_112_236205,5,0,0,-1,0.4,0.0,0.08700191404210893,195.0,365.0,695.0
4,edge_4_126357,5,0,0,-1,0.0,0.0,0.08700191404210893,195.0,365.0,695.0
4,edge_239647_343033,5,0,0,-1,0.2,0.0,0.08700191404210893,195.0,365.0,695.0
4,edge_1124_239647,5,0,0,-1,0.2,0.0,0.08700191404210893,195.0,365.0,695.0
4,edge_4_351245,5,0,0,-1,0.0,0.0,0.08700191404210893,195.0,365.0,695.0
4,edge_218983_218985,5,0,0,-1,0.2,0.0,0.08700191404210893,195.0,365.0,695.0
4,edge_173610_222856,5,0,0,-1,0.6,0.0,0.08700191404210893,195.0,365.0,695.0
4,edge_221934_235871,5,0,0,-1,0.6,0.0,0.08700191404210893,195.0,365.0,695.0
4,edge_302380_339118,5,0,0,-1,0.0,0.0,0.08700191404210893,195.0,365.0,695.0
4,edge_4_213753,5,0,0,-1,0.4,0.0,0.08700191404210893,195.0,365.0,695.0
4,edge_213751_301405,5,0,0,-1,0.0,0.0,0.08700191404210893,195.0,365.0,695.0
4,edge_234_300,5,0,0,-1,0.0,0.0,0.08700191404210893,195.0,365.0,695.0
4,edge_157930_213970,5,0,0,-1,0.4,0.0,0.08700191404210893,195.0,365.0,695.0
4,edge_46366_122384,5,0,0,-1,0.0,0.0,0.08700191404210893,195.0,365.0,695.0
4,edge_46370_119936,4,0,0,-1,0.5,0.0,0.06960153123368715,156.0,292.0,556.0
4,edge_4_48942,4,0,0,-1,0.5,0.0,0.06960153123368715,156.0,292.0,556.0
4,37481,4,6,3,3,0.25,0.5,0.06960153123368715,156.0,292.0,556.0
4,306723,4,4,3,2,0.5,0.5,0.06960153123368715,156.0,292.0,556.0
4,edge_4_7494,4,0,0,-1,0.0,0.0,0.06960153123368715,156.0,292.0,556.0
4,348942,4,6,3,3,0.25,0.5,0.06960153123368715,156.0,292.0,556.0
4,233741,4,8,7,1,0.0,0.5,0.06960153123368715,156.0,292.0,556.0
4,32,4,6,4,1,0.0,0.3333,0.06960153123368715,156.0,292.0,556.0
4,33,4,6,2,2,0.25,0.5,0.06960153123368715,156.0,292.0,556.0
4,38,4,4,4,2,0.25,0.25,0.06960153123368715,156.0,292.0,556.0
4,edge_4_384078,4,0,0,-1,0.5,0.0,0.06960153123368715,156.0,292.0,556.0
4,edge_4_261444,4,0,0,-1,0.0,0.0,0.06960153123368715,156.0,292.0,556.0
4,258150,4,4,3,3,0.5,0.5,0.06960153123368715,156.0,292.0,556.0
4,146196,4,6,3,2,0.25,0.5,0.06960153123368715,156.0,292.0,556.0
4,85708,4,6,4,1,0.25,0.5,0.06960153123368715,156.0,292.0,556.0
4,edge_233_126357,4,0,0,-1,0.0,0.0,0.06960153123368715,156.0,292.0,556.0
4,233,4,6,6,2,0.0,0.3333,0.06960153123368715,156.0,292.0,556.0
4,348878,4,4,3,1,0.5,0.5,0.06960153123368715,156.0,292.0,556.0
4,195797,4,2,2,9,0.75,0.5,0.06960153123368715,156.0,292.0,556.0
4,363986,4,4,3,3,0.5,0.5,0.06960153123368715,156.0,292.0,556.0
4,14928,4,6,3,6,0.25,0.5,0.06960153123368715,156.0,292.0,556.0
4,186390,4,6,3,3,0.25,0.5,0.06960153123368715,156.0,292.0,556.0
4,186388,4,6,4,3,0.25,0.5,0.06960153123368715,156.0,292.0,556.0
4,edge_4_173610,4,0,0,-1,0.5,0.0,0.06960153123368715,156.0,292.0,556.0
4,12515,4,7,5,2,0.0,0.4286,0.06960153123368715,156.0,292.0,556.0
4,edge_4_378848,4,0,0,-1,0.0,0.0,0.06960153123368715,156.0,292.0,556.0
4,185280,4,2,2,5,0.75,0.5,0.06960153123368715,156.0,292.0,556.0
4,7494,4,5,6,1,0.0,0.2,0.06960153123368715,156.0,292.0,556.0
4,7492,4,8,5,2,0.25,0.5,0.06960153123368715,156.0,292.0,556.0
4,7786,4,8,5,3,0.0,0.5,0.06960153123368715,156.0,292.0,556.0
4,5422,4,5,5,4,0.25,0.4,0.06960153123368715,156.0,292.0,556.0
4,159824,4,8,3,3,0.0,0.5,0.06960153123368715,156.0,292.0,556.0
4,31260,4,4,3,4,0.5,0.5,0.06960153123368715,156.0,292.0,556.0
4,321302,4,8,3,2,0.0,0.5,0.06960153123368715,156.0,292.0,556.0
4,213750,4,4,1,2,0.75,0.5,0.06960153123368715,156.0,292.0,556.0
4,184262,4,6,4,3,0.25,0.5,0.06960153123368715,156.0,292.0,556.0
4,341167,4,4,3,3,0.5,0.5,0.06960153123368715,156.0,292.0,556.0
4,0,4,6,4,2,0.25,0.5,0.06960153123368715,156.0,292.0,556.0
4,60683,4,6,4,7,0.25,0.5,0.06960153123368715,156.0,292.0,556.0
4,261630,4,8,3,11,0.25,0.5,0.06960153123368715,156.0,292.0,556.0
4,2537,4,6,4,6,0.25,0.5,0.06960153123368715,156.0,292.0,556.0
4,144756,4,5,3,3,0.25,0.4,0.06960153123368715,156.0,292.0,556.0
4,46366,4,8,3,4,0.0,0.5,0.06960153123368715,156.0,292.0,556.0
4,349123,4,8,2,3,0.0,0.5,0.06960153123368715,156.0,292.0,556.0
4,edge_4_325018,4,0,0,-1,0.0,0.0,0.06960153123368715,156.0,292.0,556.0
4,edge_4_137604,4,0,0,-1,0.0,0.0,0.06960153123368715,156.0,292.0,556.0
4,edge_234_197725,4,0,0,-1,0.0,0.0,0.06960153123368715,156.0,292.0,556.0
4,edge_4_46370,4,0,0,-1,0.0,0.0,0.06960153123368715,156.0,292.0,556.0
4,edge_219877_259836,4,0,0,-1,0.0,0.0,0.06960153123368715,156.0,292.0,556.0
4,edge_4_18748,4,0,0,-1,0.5,0.0,0.06960153123368715,156.0,292.0,556.0
4,edge_4_58028,4,0,0,-1,0.5,0.0,0.06960153123368715,156.0,292.0,556.0
4,edge_4_1033,4,0,0,-1,0.0,0.0,0.06960153123368715,156.0,292.0,556.0
4,edge_4_276603,4,0,0,-1,0.0,0.0,0.06960153123368715,156.0,292.0,556.0
4,edge_108356_108357,4,0,0,-1,0.0,0.0,0.06960153123368715,156.0,292.0,556.0
4,edge_69975_158702,4,0,0,-1,0.5,0.0,0.06960153123368715,156.0,292.0,556.0
4,edge_223237_286014,4,0,0,-1,0.0,0.0,0.06960153123368715,156.0,292.0,556.0
4,edge_74779_223237,4,0,0,-1,0.25,0.0,0.06960153123368715,156.0,292.0,556.0
4,edge_12473_179297,4,0,0,-1,0.0,0.0,0.06960153123368715,156.0,292.0,556.0
4,edge_449_179297,4,0,0,-1,0.0,0.0,0.06960153123368715,156.0,292.0,556.0
4,edge_7836_179297,4,0,0,-1,0.25,0.0,0.06960153123368715,156.0,292.0,556.0
4,edge_290054_298713,4,0,0,-1,0.0,0.0,0.06960153123368715,156.0,292.0,556.0
4,edge_4_233741,4,0,0,-1,0.0,0.0,0.06960153123368715,156.0,292.0,556.0
4,edge_325018_325020,4,0,0,-1,0.0,0.0,0.06960153123368715,156.0,292.0,556.0
4,edge_4_376451,4,0,0,-1,0.0,0.0,0.06960153123368715,156.0,292.0,556.0
4,edge_4_286742,4,0,0,-1,0.0,0.0,0.06960153123368715,156.0,292.0,556.0
4,edge_4_218985,4,0,0,-1,0.0,0.0,0.06960153123368715,156.0,292.0,556.0
4,edge_46365_155356,4,0,0,-1,0.5,0.0,0.06960153123368715,156.0,292.0,556.0
4,edge_155356_209528,4,0,0,-1,0.5,0.0,0.06960153123368715,156.0,292.0,556.0
4,edge_4_317927,4,0,0,-1,0.0,0.0,0.06960153123368715,156.0,292.0,556.0
4,edge_71600_370163,4,0,0,-1,0.0,0.0,0.06960153123368715,156.0,292.0,556.0
4,edge_4_85708,4,0,0,-1,0.0,0.0,0.06960153123368715,156.0,292.0,556.0
4,edge_226367_236205,4,0,0,-1,0.0,0.0,0.06960153123368715,156.0,292.0,556.0
4,edge_108_236205,4,0,0,-1,0.25,0.0,0.06960153123368715,156.0,292.0,556.0
4,edge_4957_34396,4,0,0,-1,0.0,0.0,0.06960153123368715,156.0,292.0,556.0
4,edge_355330_355331,4,0,0,-1,0.5,0.0,0.06960153123368715,156.0,292.0,556.0
4,edge_166_46370,4,0,0,-1,0.0,0.0,0.06960153123368715,156.0,292.0,556.0
4,edge_218982_316134,4,0,0,-1,0.0,0.0,0.06960153123368715,156.0,292.0,556.0
4,edge_316134_348879,4,0,0,-1,0.0,0.0,0.06960153123368715,156.0,292.0,556.0
4,edge_316134_345653,4,0,0,-1,0.0,0.0,0.06960153123368715,156.0,292.0,556.0
4,edge_195797_281795,4,0,0,-1,0.0,0.0,0.06960153123368715,156.0,292.0,556.0
4,edge_10900_81434,4,0,0,-1,0.0,0.0,0.06960153123368715,156.0,292.0,556.0
4,edge_81434_137303,4,0,0,-1,0.0,0.0,0.06960153123368715,156.0,292.0,556.0
4,edge_106_237892,4,0,0,-1,0.5,0.0,0.06960153123368715,156.0,292.0,556.0
4,edge_42636_158204,4,0,0,-1,0.0,0.0,0.06960153123368715,156.0,292.0,556.0
4,edge_14924_186048,4,0,0,-1,0.0,0.0,0.06960153123368715,156.0,292.0,556.0
4,edge_4_166342,4,0,0,-1,0.25,0.0,0.06960153123368715,156.0,292.0,556.0
4,edge_4_13052,4,0,0,-1,0.0,0.0,0.06960153123368715,156.0,292.0,556.0
4,edge_315281_339876,4,0,0,-1,0.0,0.0,0.06960153123368715,156.0,292.0,556.0
4,edge_217943_321302,4,0,0,-1,0.5,0.0,0.06960153123368715,156.0,292.0,556.0
4,edge_4986_105591,4,0,0,-1,0.5,0.0,0.06960153123368715,156.0,292.0,556.0
4,edge_278431_278432,4,0,0,-1,0.0,0.0,0.06960153123368715,156.0,292.0,556.0
4,edge_102852_322226,4,0,0,-1,0.5,0.0,0.06960153123368715,156.0,292.0,556.0
4,edge_45248_101078,4,0,0,-1,0.0,0.0,0.06960153123368715,156.0,292.0,556.0
4,edge_261630_339152,4,0,0,-1,0.0,0.0,0.06960153123368715,156.0,292.0,556.0
4,4955,4,3,4,4,0.25,1.0,0.06960153123368715,156.0,292.0,556.0
4,edge_158520_159994,4,0,0,-1,0.25,0.0,0.06960153123368715,156.0,292.0,556.0
4,edge_270370_343513,4,0,0,-1,0.0,0.0,0.06960153123368715,156.0,292.0,556.0
4,edge_234_298,3,0,0,-1,0.3333333333333333,0.0,0.052201148425265353,117.0,219.0,417.0
4,edge_4_398052,3,0,0,-1,0.0,0.0,0.052201148425265353,117.0,219.0,417.0
4,edge_4_2340,3,0,0,-1,0.0,0.0,0.052201148425265353,117.0,219.0,417.0
4,360244,3,3,3,1,0.3333333333333333,0.3333,0.052201148425265353,117.0,219.0,417.0
4,109012,3,1,2,3,0.6666666666666666,0.0,0.052201148425265353,117.0,219.0,417.0
4,13740,3,2,2,3,0.6666666666666666,0.5,0.052201148425265353,117.0,219.0,417.0
4,edge_4_240058,3,0,0,-1,0.0,0.0,0.052201148425265353,117.0,219.0,417.0
4,7833,3,4,2,4,0.3333333333333333,0.5,0.052201148425265353,117.0,219.0,417.0
4,298710,3,2,1,9,0.6666666666666666,0.5,0.052201148425265353,117.0,219.0,417.0
4,9997,3,8,4,1,0.0,0.5,0.052201148425265353,117.0,219.0,417.0
4,edge_4_200120,3,0,0,-1,0.3333333333333333,0.0,0.052201148425265353,117.0,219.0,417.0
4,367231,3,4,2,1,0.6666666666666666,0.5,0.052201148425265353,117.0,219.0,417.0
4,76448,3,5,4,2,0.0,0.4,0.052201148425265353,117.0,219.0,417.0
4,286742,3,6,2,1,0.0,0.5,0.052201148425265353,117.0,219.0,417.0
4,edge_25525_209529,3,0,0,-1,0.0,0.0,0.052201148425265353,117.0,219.0,417.0
4,234838,3,6,4,1,0.0,0.5,0.052201148425265353,117.0,219.0,417.0
4,261379,3,4,2,4,0.3333333333333333,0.5,0.052201148425265353,117.0,219.0,417.0
4,10099,3,3,3,8,0.3333333333333333,0.3333,0.052201148425265353,117.0,219.0,417.0
4,157931,3,4,3,4,0.3333333333333333,0.5,0.052201148425265353,117.0,219.0,417.0
4,edge_4_374880,3,0,0,-1,0.0,0.0,0.052201148425265353,117.0,219.0,417.0
4,6383,3,2,2,4,0.6666666666666666,0.5,0.052201148425265353,117.0,219.0,417.0
4,edge_4_336908,3,0,0,-1,0.0,0.0,0.052201148425265353,117.0,219.0,417.0
4,233742,3,4,5,2,0.3333333333333333,0.5,0.052201148425265353,117.0,219.0,417.0
4,335338,3,5,3,4,0.0,0.4,0.052201148425265353,117.0,219.0,417.0
4,281515,3,2,2,4,0.6666666666666666,0.5,0.052201148425265353,117.0,219.0,417.0
4,edge_166_18748,3,0,0,-1,0.3333333333333333,0.0,0.052201148425265353,117.0,219.0,417.0
4,270057,3,6,2,3,0.0,0.5,0.052201148425265353,117.0,219.0,417.0
4,1562,3,1,2,3,0.6666666666666666,0.0,0.052201148425265353,117.0,219.0,417.0
4,215199,3,3,2,7,0.3333333333333333,0.3333,0.052201148425265353,117.0,219.0,417.0
4,edge_269061_342373,3,0,0,-1,0.0,0.0,0.052201148425265353,117.0,219.0,417.0
4,edge_235871_281795,3,0,0,-1,0.0,0.0,0.052201148425265353,117.0,219.0,417.0
4,251890,3,4,2,16,0.3333333333333333,0.5,0.052201148425265353,117.0,219.0,417.0
4,109680,3,6,3,18,0.0,0.5,0.052201148425265353,117.0,219.0,417.0
4,136424,3,6,3,6,0.0,0.5,0.052201148425265353,117.0,219.0,417.0
4,302380,3,6,2,7,0.3333333333333333,0.5,0.052201148425265353,117.0,219.0,417.0
4,10897,3,5,4,2,0.0,0.4,0.052201148425265353,117.0,219.0,417.0
4,edge_172_237892,3,0,0,-1,0.3333333333333333,0.0,0.052201148425265353,117.0,219.0,417.0
4,195807,3,2,2,6,0.6666666666666666,0.5,0.052201148425265353,117.0,219.0,417.0
4,123266,3,2,2,2,0.6666666666666666,0.5,0.052201148425265353,117.0,219.0,417.0
4,211155,3,6,5,2,0.0,0.5,0.052201148425265353,117.0,219.0,417.0
4,220545,3,6,4,3,0.0,0.5,0.052201148425265353,117.0,219.0,417.0
4,497,3,4,3,3,0.3333333333333333,0.5,0.052201148425265353,117.0,219.0,417.0
4,279356,3,4,2,3,0.3333333333333333,0.5,0.052201148425265353,117.0,219.0,417.0
4,134764,3,4,2,4,0.3333333333333333,0.5,0.052201148425265353,117.0,219.0,417.0
4,127906,3,4,3,6,0.3333333333333333,0.5,0.052201148425265353,117.0,219.0,417.0
4,127908,3,6,4,8,0.0,0.5,0.052201148425265353,117.0,219.0,417.0
4,249511,3,4,2,12,0.3333333333333333,0.5,0.052201148425265353,117.0,219.0,417.0
4,edge_7494_101078,3,0,0,-1,0.0,0.0,0.052201148425265353,117.0,219.0,417.0
4,240058,3,3,3,1,0.3333333333333333,0.3333,0.052201148425265353,117.0,219.0,417.0
4,5423,3,4,3,4,0.3333333333333333,0.5,0.052201148425265353,117.0,219.0,417.0
4,5424,3,2,2,4,0.3333333333333333,0.0,0.052201148425265353,117.0,219.0,417.0
4,213751,3,6,3,1,0.0,0.5,0.052201148425265353,117.0,219.0,417.0
4,81434,3,4,3,3,0.3333333333333333,0.5,0.052201148425265353,117.0,219.0,417.0
4,339876,3,6,3,3,0.0,0.5,0.052201148425265353,117.0,219.0,417.0
4,318513,3,6,2,4,0.0,0.5,0.052201148425265353,117.0,219.0,417.0
4,24515,3,6,4,3,0.0,0.5,0.052201148425265353,117.0,219.0,417.0
4,358333,3,2,3,2,0.6666666666666666,0.5,0.052201148425265353,117.0,219.0,417.0
4,19755,3,6,3,9,0.0,0.5,0.052201148425265353,117.0,219.0,417.0
4,367460,3,4,3,1,0.3333333333333333,0.5,0.052201148425265353,117.0,219.0,417.0
4,edge_144756_158520,3,0,0,-1,0.0,0.0,0.052201148425265353,117.0,219.0,417.0
4,185760,3,6,4,7,0.0,0.5,0.052201148425265353,117.0,219.0,417.0
4,edge_109_367425,3,0,0,-1,0.3333333333333333,0.0,0.052201148425265353,117.0,219.0,417.0
4,edge_234_93156,3,0,0,-1,0.0,0.0,0.052201148425265353,117.0,219.0,417.0
4,edge_46369_46370,3,0,0,-1,0.0,0.0,0.052201148425265353,117.0,219.0,417.0
4,edge_46370_250851,3,0,0,-1,0.0,0.0,0.052201148425265353,117.0,219.0,417.0
4,358253,3,1,2,2,0.6666666666666666,1.0,0.052201148425265353,117.0,219.0,417.0
4,edge_358253_363364,3,0,0,-1,0.0,0.0,0.052201148425265353,117.0,219.0,417.0
4,edge_371143_381518,3,0,0,-1,0.3333333333333333,0.0,0.052201148425265353,117.0,219.0,417.0
4,edge_1560_239647,3,0,0,-1,0.0,0.0,0.052201148425265353,117.0,219.0,417.0
4,edge_58029_259836,3,0,0,-1,0.3333333333333333,0.0,0.052201148425265353,117.0,219.0,417.0
4,edge_4_9997,3,0,0,-1,0.0,0.0,0.052201148425265353,117.0,219.0,417.0
4,edge_4_5166,3,0,0,-1,0.3333333333333333,0.0,0.052201148425265353,117.0,219.0,417.0
4,edge_4_367231,3,0,0,-1,0.0,0.0,0.052201148425265353,117.0,219.0,417.0
4,edge_4_9998,3,0,0,-1,0.3333333333333333,0.0,0.052201148425265353,117.0,219.0,417.0
4,edge_4_293763,3,0,0,-1,0.3333333333333333,0.0,0.052201148425265353,117.0,219.0,417.0
4,edge_4_186422,3,0,0,-1,0.0,0.0,0.052201148425265353,117.0,219.0,417.0
4,edge_53_360491,3,0,0,-1,0.0,0.0,0.052201148425265353,117.0,219.0,417.0
4,edge_1033_1520,3,0,0,-1,0.0,0.0,0.052201148425265353,117.0,219.0,417.0
4,edge_4_213751,3,0,0,-1,0.0,0.0,0.052201148425265353,117.0,219.0,417.0
4,edge_242_174056,3,0,0,-1,0.3333333333333333,0.0,0.052201148425265353,117.0,219.0,417.0
4,edge_58_106132,3,0,0,-1,0.3333333333333333,0.0,0.052201148425265353,117.0,219.0,417.0
4,177099,3,2,2,6,0.3333333333333333,1.0,0.052201148425265353,117.0,219.0,417.0
4,edge_39898_69975,3,0,0,-1,0.3333333333333333,0.0,0.052201148425265353,117.0,219.0,417.0
4,edge_286014_329811,3,0,0,-1,0.0,0.0,0.052201148425265353,117.0,219.0,417.0
4,edge_286014_329809,3,0,0,-1,0.3333333333333333,0.0,0.052201148425265353,117.0,219.0,417.0
4,edge_131012_223237,3,0,0,-1,0.3333333333333333,0.0,0.052201148425265353,117.0,219.0,417.0
4,edge_13791_348942,3,0,0,-1,0.0,0.0,0.052201148425265353,117.0,219.0,417.0
4,edge_7833_348942,3,0,0,-1,0.0,0.0,0.052201148425265353,117.0,219.0,417.0
4,edge_7833_179297,3,0,0,-1,0.0,0.0,0.052201148425265353,117.0,219.0,417.0
4,edge_290055_298713,3,0,0,-1,0.3333333333333333,0.0,0.052201148425265353,117.0,219.0,417.0
4,edge_183_1032,3,0,0,-1,0.0,0.0,0.052201148425265353,117.0,219.0,417.0
4,edge_32_33,3,0,0,-1,0.0,0.0,0.052201148425265353,117.0,219.0,417.0
4,edge_4_124173,3,0,0,-1,0.0,0.0,0.052201148425265353,117.0,219.0,417.0
4,edge_4_389210,3,0,0,-1,0.0,0.0,0.052201148425265353,117.0,219.0,417.0
4,edge_76448_381408,3,0,0,-1,0.0,0.0,0.052201148425265353,117.0,219.0,417.0
4,edge_53_11600,3,0,0,-1,0.0,0.0,0.052201148425265353,117.0,219.0,417.0
4,edge_80138_245515,3,0,0,-1,0.6666666666666666,0.0,0.052201148425265353,117.0,219.0,417.0
4,edge_268810_268811,3,0,0,-1,0.0,0.0,0.052201148425265353,117.0,219.0,417.0
4,edge_268811_271759,3,0,0,-1,0.0,0.0,0.052201148425265353,117.0,219.0,417.0
4,edge_268810_271759,3,0,0,-1,0.0,0.0,0.052201148425265353,117.0,219.0,417.0
4,edge_4_217942,3,0,0,-1,0.0,0.0,0.052201148425265353,117.0,219.0,417.0
4,edge_113531_261444,3,0,0,-1,0.0,0.0,0.052201148425265353,117.0,219.0,417.0
4,edge_155356_209526,3,0,0,-1,0.0,0.0,0.052201148425265353,117.0,219.0,417.0
4,edge_4_58027,3,0,0,-1,0.0,0.0,0.052201148425265353,117.0,219.0,417.0
4,edge_4_1519,3,0,0,-1,0.0,0.0,0.052201148425265353,117.0,219.0,417.0
4,edge_4_4957,3,0,0,-1,0.0,0.0,0.052201148425265353,117.0,219.0,417.0
4,edge_4_358457,3,0,0,-1,0.0,0.0,0.052201148425265353,117.0,219.0,417.0
4,edge_4_12456,3,0,0,-1,0.0,0.0,0.052201148425265353,117.0,219.0,417.0
4,edge_146196_321300,3,0,0,-1,0.3333333333333333,0.0,0.052201148425265353,117.0,219.0,417.0
4,edge_4_302011,3,0,0,-1,0.0,0.0,0.052201148425265353,117.0,219.0,417.0
4,edge_7669_30276,3,0,0,-1,0.3333333333333333,0.0,0.052201148425265353,117.0,219.0,417.0
4,edge_7606_370163,3,0,0,-1,0.3333333333333333,0.0,0.052201148425265353,117.0,219.0,417.0
4,edge_166_234549,3,0,0,-1,0.3333333333333333,0.0,0.052201148425265353,117.0,219.0,417.0
4,edge_4_218982,3,0,0,-1,0.0,0.0,0.052201148425265353,117.0,219.0,417.0
4,edge_222856_270057,3,0,0,-1,0.0,0.0,0.052201148425265353,117.0,219.0,417.0
4,edge_166_360587,3,0,0,-1,0.0,0.0,0.052201148425265353,117.0,219.0,417.0
4,edge_341167_360587,3,0,0,-1,0.0,0.0,0.052201148425265353,117.0,219.0,417.0
4,edge_4_348878,3,0,0,-1,0.0,0.0,0.052201148425265353,117.0,219.0,417.0
4,edge_226111_269061,3,0,0,-1,0.3333333333333333,0.0,0.052201148425265353,117.0,219.0,417.0
4,edge_118215_265208,3,0,0,-1,0.0,0.0,0.052201148425265353,117.0,219.0,417.0
4,edge_68939_337312,3,0,0,-1,0.0,0.0,0.052201148425265353,117.0,219.0,417.0
4,edge_337312_363542,3,0,0,-1,0.0,0.0,0.052201148425265353,117.0,219.0,417.0
4,edge_88512_136695,3,0,0,-1,0.0,0.0,0.052201148425265353,117.0,219.0,417.0
4,edge_10900_137303,3,0,0,-1,0.0,0.0,0.052201148425265353,117.0,219.0,417.0
4,edge_44_137303,3,0,0,-1,0.0,0.0,0.052201148425265353,117.0,219.0,417.0
4,edge_13014_237892,3,0,0,-1,0.0,0.0,0.052201148425265353,117.0,219.0,417.0
4,edge_147028_236938,3,0,0,-1,0.3333333333333333,0.0,0.052201148425265353,117.0,219.0,417.0
4,edge_13014_281277,3,0,0,-1,0.3333333333333333,0.0,0.052201148425265353,117.0,219.0,417.0
4,edge_4_1522,3,0,0,-1,0.0,0.0,0.052201148425265353,117.0,219.0,417.0
4,edge_4_42705,3,0,0,-1,0.3333333333333333,0.0,0.052201148425265353,117.0,219.0,417.0
4,edge_4_378090,3,0,0,-1,0.0,0.0,0.052201148425265353,117.0,219.0,417.0
4,edge_382714_384079,3,0,0,-1,0.0,0.0,0.052201148425265353,117.0,219.0,417.0
4,edge_358252_366724,3,0,0,-1,0.6666666666666666,0.0,0.052201148425265353,117.0,219.0,417.0
4,edge_358252_366725,3,0,0,-1,0.3333333333333333,0.0,0.052201148425265353,117.0,219.0,417.0
4,edge_14926_363948,3,0,0,-1,0.0,0.0,0.052201148425265353,117.0,219.0,417.0
4,edge_14926_14932,3,0,0,-1,0.6666666666666666,0.0,0.052201148425265353,117.0,219.0,417.0
4,edge_159574_170670,3,0,0,-1,0.0,0.0,0.052201148425265353,117.0,219.0,417.0
4,edge_185274_185276,3,0,0,-1,0.0,0.0,0.052201148425265353,117.0,219.0,417.0
4,edge_185275_185276,3,0,0,-1,0.0,0.0,0.052201148425265353,117.0,219.0,417.0
4,edge_9_282460,3,0,0,-1,0.0,0.0,0.052201148425265353,117.0,219.0,417.0
4,edge_54_5562,3,0,0,-1,0.3333333333333333,0.0,0.052201148425265353,117.0,219.0,417.0
4,edge_134764_279356,3,0,0,-1,0.0,0.0,0.052201148425265353,117.0,219.0,417.0
4,edge_12948_17963,3,0,0,-1,0.3333333333333333,0.0,0.052201148425265353,117.0,219.0,417.0
4,edge_4_385405,3,0,0,-1,0.0,0.0,0.052201148425265353,117.0,219.0,417.0
4,edge_4_84399,3,0,0,-1,0.0,0.0,0.052201148425265353,117.0,219.0,417.0
4,edge_10737_13052,3,0,0,-1,0.3333333333333333,0.0,0.052201148425265353,117.0,219.0,417.0
4,edge_4_59,3,0,0,-1,0.0,0.0,0.052201148425265353,117.0,219.0,417.0
4,edge_159824_301406,3,0,0,-1,0.0,0.0,0.052201148425265353,117.0,219.0,417.0
4,edge_301405_349122,3,0,0,-1,0.3333333333333333,0.0,0.052201148425265353,117.0,219.0,417.0
4,edge_216653_315280,3,0,0,-1,0.0,0.0,0.052201148425265353,117.0,219.0,417.0
4,edge_6_213750,3,0,0,-1,0.0,0.0,0.052201148425265353,117.0,219.0,417.0
4,edge_264680_264682,3,0,0,-1,0.6666666666666666,0.0,0.052201148425265353,117.0,219.0,417.0
4,edge_4_1521,3,0,0,-1,0.0,0.0,0.052201148425265353,117.0,219.0,417.0
4,edge_4_197188,3,0,0,-1,0.0,0.0,0.052201148425265353,117.0,219.0,417.0
4,edge_184260_184262,3,0,0,-1,0.0,0.0,0.052201148425265353,117.0,219.0,417.0
4,edge_184262_318513,3,0,0,-1,0.0,0.0,0.052201148425265353,117.0,219.0,417.0
4,edge_1175_28936,3,0,0,-1,0.0,0.0,0.052201148425265353,117.0,219.0,417.0
4,edge_6_36259,3,0,0,-1,0.0,0.0,0.052201148425265353,117.0,219.0,417.0
4,edge_1521_155779,3,0,0,-1,0.0,0.0,0.052201148425265353,117.0,219.0,417.0
4,edge_71600_213970,3,0,0,-1,0.0,0.0,0.052201148425265353,117.0,219.0,417.0
4,edge_7494_17965,3,0,0,-1,0.0,0.0,0.052201148425265353,117.0,219.0,417.0
4,edge_101079_101084,3,0,0,-1,0.0,0.0,0.052201148425265353,117.0,219.0,417.0
4,edge_7200_143873,3,0,0,-1,0.3333333333333333,0.0,0.052201148425265353,117.0,219.0,417.0
4,edge_7200_166513,3,0,0,-1,0.0,0.0,0.052201148425265353,117.0,219.0,417.0
4,edge_166_83916,3,0,0,-1,0.0,0.0,0.052201148425265353,117.0,219.0,417.0
4,edge_166_375948,3,0,0,-1,0.0,0.0,0.052201148425265353,117.0,219.0,417.0
4,edge_11441_59672,3,0,0,-1,0.0,0.0,0.052201148425265353,117.0,219.0,417.0
4,edge_45528_59672,3,0,0,-1,0.3333333333333333,0.0,0.052201148425265353,117.0,219.0,417.0
4,edge_46367_122384,3,0,0,-1,0.0,0.0,0.052201148425265353,117.0,219.0,417.0
4,edge_176258_185762,3,0,0,-1,0.6666666666666666,0.0,0.052201148425265353,117.0,219.0,417.0
4,edge_10228_359776,2,0,0,-1,0.5,0.0,0.034800765616843574,78.0,146.0,278.0
4,44640,2,4,3,3,0.0,0.5,0.034800765616843574,78.0,146.0,278.0
4,363360,2,2,2,1,0.5,0.5,0.034800765616843574,78.0,146.0,278.0
4,12465,2,2,1,4,0.5,0.5,0.034800765616843574,78.0,146.0,278.0
4,edge_371141_371143,2,0,0,-1,0.0,0.0,0.034800765616843574,78.0,146.0,278.0
4,edge_4_259836,2,0,0,-1,0.0,0.0,0.034800765616843574,78.0,146.0,278.0
4,2340,2,2,2,1,0.0,0.0,0.034800765616843574,78.0,146.0,278.0
4,edge_4_36,2,0,0,-1,0.0,0.0,0.034800765616843574,78.0,146.0,278.0
4,edge_48_360244,2,0,0,-1,0.0,0.0,0.034800765616843574,78.0,146.0,278.0
4,118,2,3,4,2,0.0,0.3333,0.034800765616843574,78.0,146.0,278.0
4,316048,2,4,2,2,0.0,0.5,0.034800765616843574,78.0,146.0,278.0
4,106134,2,4,3,3,0.0,0.5,0.034800765616843574,78.0,146.0,278.0
4,edge_1138_12580,2,0,0,-1,0.5,0.0,0.034800765616843574,78.0,146.0,278.0
4,329811,2,3,3,4,0.0,0.3333,0.034800765616843574,78.0,146.0,278.0
4,290054,2,4,2,7,0.0,0.5,0.034800765616843574,78.0,146.0,278.0
4,edge_4_32,2,0,0,-1,0.0,0.0,0.034800765616843574,78.0,146.0,278.0
4,edge_32_38,2,0,0,-1,0.0,0.0,0.034800765616843574,78.0,146.0,278.0
4,268811,2,2,3,5,0.5,0.5,0.034800765616843574,78.0,146.0,278.0
4,edge_3859_209529,2,0,0,-1,0.5,0.0,0.034800765616843574,78.0,146.0,278.0
4,209526,2,4,2,2,0.0,0.5,0.034800765616843574,78.0,146.0,278.0
4,157928,2,2,2,5,0.5,0.5,0.034800765616843574,78.0,146.0,278.0
4,389210,2,4,3,1,0.0,0.5,0.034800765616843574,78.0,146.0,278.0
4,edge_89_4957,2,0,0,-1,0.0,0.0,0.034800765616843574,78.0,146.0,278.0
4,12472,2,4,3,5,0.0,0.5,0.034800765616843574,78.0,146.0,278.0
4,31936,2,2,2,1,0.5,0.5,0.034800765616843574,78.0,146.0,278.0
4,63,2,4,4,2,0.0,0.5,0.034800765616843574,78.0,146.0,278.0
4,146195,2,4,3,2,0.0,0.5,0.034800765616843574,78.0,146.0,278.0
4,183,2,4,4,2,0.0,0.5,0.034800765616843574,78.0,146.0,278.0
4,342818,2,2,2,3,0.5,0.5,0.034800765616843574,78.0,146.0,278.0
4,edge_1122_335338,2,0,0,-1,0.0,0.0,0.034800765616843574,78.0,146.0,278.0
4,edge_166_27090,2,0,0,-1,0.0,0.0,0.034800765616843574,78.0,146.0,278.0
4,edge_81213_86521,2,0,0,-1,0.5,0.0,0.034800765616843574,78.0,146.0,278.0
4,edge_86521_215199,2,0,0,-1,0.0,0.0,0.034800765616843574,78.0,146.0,278.0
4,188520,2,2,2,17,0.5,0.5,0.034800765616843574,78.0,146.0,278.0
4,188518,2,2,2,19,0.5,0.5,0.034800765616843574,78.0,146.0,278.0
4,87127,2,2,2,2,0.5,0.5,0.034800765616843574,78.0,146.0,278.0
4,113746,2,2,2,3,0.5,0.5,0.034800765616843574,78.0,146.0,278.0
4,edge_4_48946,2,0,0,-1,0.0,0.0,0.034800765616843574,78.0,146.0,278.0
4,edge_235_3695,2,0,0,-1,0.5,0.0,0.034800765616843574,78.0,146.0,278.0
4,edge_4_4958,2,0,0,-1,0.0,0.0,0.034800765616843574,78.0,146.0,278.0
4,edge_4_344084,2,0,0,-1,0.5,0.0,0.034800765616843574,78.0,146.0,278.0
4,edge_40802_158204,2,0,0,-1,0.0,0.0,0.034800765616843574,78.0,146.0,278.0
4,3943,2,2,2,1,0.5,0.5,0.034800765616843574,78.0,146.0,278.0
4,76449,2,4,3,3,0.0,0.5,0.034800765616843574,78.0,146.0,278.0
4,edge_12515_70869,2,0,0,-1,0.5,0.0,0.034800765616843574,78.0,146.0,278.0
4,1038,2,3,3,5,0.0,0.3333,0.034800765616843574,78.0,146.0,278.0
4,388677,2,4,3,1,0.0,0.5,0.034800765616843574,78.0,146.0,278.0
4,81013,2,4,2,5,0.0,0.5,0.034800765616843574,78.0,146.0,278.0
4,185275,2,4,1,4,0.5,0.5,0.034800765616843574,78.0,146.0,278.0
4,384471,2,2,2,1,0.5,0.5,0.034800765616843574,78.0,146.0,278.0
4,7788,2,4,2,3,0.5,0.5,0.034800765616843574,78.0,146.0,278.0
4,edge_166_309176,2,0,0,-1,0.0,0.0,0.034800765616843574,78.0,146.0,278.0
4,edge_155_85045,2,0,0,-1,0.5,0.0,0.034800765616843574,78.0,146.0,278.0
4,127904,2,4,3,7,0.0,0.5,0.034800765616843574,78.0,146.0,278.0
4,411,2,2,2,14,0.5,0.5,0.034800765616843574,78.0,146.0,278.0
4,edge_7670_84704,2,0,0,-1,0.0,0.0,0.034800765616843574,78.0,146.0,278.0
4,84399,2,2,1,1,0.5,0.5,0.034800765616843574,78.0,146.0,278.0
4,12862,2,2,2,2,0.5,0.5,0.034800765616843574,78.0,146.0,278.0
4,edge_3945_349371,2,0,0,-1,0.0,0.0,0.034800765616843574,78.0,146.0,278.0
4,349371,2,2,2,3,0.0,0.0,0.034800765616843574,78.0,146.0,278.0
4,291900,2,4,3,3,0.0,0.5,0.034800765616843574,78.0,146.0,278.0
4,edge_36_258568,2,0,0,-1,0.0,0.0,0.034800765616843574,78.0,146.0,278.0
4,258568,2,1,1,2,0.5,0.0,0.034800765616843574,78.0,146.0,278.0
4,edge_5424_7786,2,0,0,-1,0.0,0.0,0.034800765616843574,78.0,146.0,278.0
4,7787,2,4,2,5,0.0,0.5,0.034800765616843574,78.0,146.0,278.0
4,59,2,2,2,1,0.5,0.5,0.034800765616843574,78.0,146.0,278.0
4,378090,2,4,2,1,0.0,0.5,0.034800765616843574,78.0,146.0,278.0
4,301406,2,4,1,4,0.0,0.5,0.034800765616843574,78.0,146.0,278.0
4,31691,2,4,3,1,0.0,0.5,0.034800765616843574,78.0,146.0,278.0
4,388057,2,4,3,1,0.0,0.5,0.034800765616843574,78.0,146.0,278.0
4,402824,2,2,3,2,0.5,0.5,0.034800765616843574,78.0,146.0,278.0
4,360552,2,4,3,4,0.0,0.5,0.034800765616843574,78.0,146.0,278.0
4,192480,2,2,2,5,0.5,0.5,0.034800765616843574,78.0,146.0,278.0
4,1522,2,4,3,1,0.0,0.5,0.034800765616843574,78.0,146.0,278.0
4,edge_1088_382978,2,0,0,-1,0.5,0.0,0.034800765616843574,78.0,146.0,278.0
4,7956,2,4,3,3,0.0,0.5,0.034800765616843574,78.0,146.0,278.0
4,360588,2,4,2,2,0.0,0.5,0.034800765616843574,78.0,146.0,278.0
4,114368,2,3,3,4,0.0,0.3333,0.034800765616843574,78.0,146.0,278.0
4,28936,2,4,2,8,0.0,0.5,0.034800765616843574,78.0,146.0,278.0
4,28937,2,4,2,9,0.0,0.5,0.034800765616843574,78.0,146.0,278.0
4,2750,2,3,3,2,0.0,0.3333,0.034800765616843574,78.0,146.0,278.0
4,36259,2,4,1,2,0.0,0.5,0.034800765616843574,78.0,146.0,278.0
4,edge_6_322226,2,0,0,-1,0.0,0.0,0.034800765616843574,78.0,146.0,278.0
4,82897,2,2,2,3,0.5,0.5,0.034800765616843574,78.0,146.0,278.0
4,12946,2,4,3,2,0.0,0.5,0.034800765616843574,78.0,146.0,278.0
4,293764,2,2,2,5,0.5,0.5,0.034800765616843574,78.0,146.0,278.0
4,270129,2,2,2,8,0.5,0.5,0.034800765616843574,78.0,146.0,278.0
4,edge_11441_59673,2,0,0,-1,0.0,0.0,0.034800765616843574,78.0,146.0,278.0
4,381408,2,4,3,2,0.0,0.5,0.034800765616843574,78.0,146.0,278.0
4,edge_122384_122386,2,0,0,-1,0.0,0.0,0.034800765616843574,78.0,146.0,278.0
4,edge_4_6984,2,0,0,-1,0.0,0.0,0.034800765616843574,78.0,146.0,278.0
4,edge_1277_367425,2,0,0,-1,0.5,0.0,0.034800765616843574,78.0,146.0,278.0
4,edge_5_380770,2,0,0,-1,0.5,0.0,0.034800765616843574,78.0,146.0,278.0
4,edge_234_299,2,0,0,-1,0.5,0.0,0.034800765616843574,78.0,146.0,278.0
4,edge_166_234,2,0,0,-1,0.0,0.0,0.034800765616843574,78.0,146.0,278.0
4,edge_4_380927,2,0,0,-1,0.0,0.0,0.034800765616843574,78.0,146.0,278.0
4,edge_4_363360,2,0,0,-1,0.0,0.0,0.034800765616843574,78.0,146.0,278.0
4,edge_12463_37481,2,0,0,-1,0.0,0.0,0.034800765616843574,78.0,146.0,278.0
4,edge_12465_37481,2,0,0,-1,0.0,0.0,0.034800765616843574,78.0,146.0,278.0
4,edge_12466_37481,2,0,0,-1,0.0,0.0,0.034800765616843574,78.0,146.0,278.0
4,edge_4_371143,2,0,0,-1,0.0,0.0,0.034800765616843574,78.0,146.0,278.0
4,edge_371143_371144,2,0,0,-1,0.5,0.0,0.034800765616843574,78.0,146.0,278.0
4,edge_335838_371141,2,0,0,-1,0.0,0.0,0.034800765616843574,78.0,146.0,278.0
4,edge_9_335838,2,0,0,-1,0.0,0.0,0.034800765616843574,78.0,146.0,278.0
4,edge_3945_239646,2,0,0,-1,0.0,0.0,0.034800765616843574,78.0,146.0,278.0
4,edge_51407_219877,2,0,0,-1,0.0,0.0,0.034800765616843574,78.0,146.0,278.0
4,edge_4_167409,2,0,0,-1,0.0,0.0,0.034800765616843574,78.0,146.0,278.0
4,edge_169_204168,2,0,0,-1,0.5,0.0,0.034800765616843574,78.0,146.0,278.0
4,edge_9_385900,2,0,0,-1,0.5,0.0,0.034800765616843574,78.0,146.0,278.0
4,edge_9_360243,2,0,0,-1,0.0,0.0,0.034800765616843574,78.0,146.0,278.0
4,edge_6_9,2,0,0,-1,0.0,0.0,0.034800765616843574,78.0,146.0,278.0
4,edge_306723_341193,2,0,0,-1,0.5,0.0,0.034800765616843574,78.0,146.0,278.0
4,edge_4_381496,2,0,0,-1,0.0,0.0,0.034800765616843574,78.0,146.0,278.0
4,edge_4_186389,2,0,0,-1,0.0,0.0,0.034800765616843574,78.0,146.0,278.0
4,edge_54_360491,2,0,0,-1,0.0,0.0,0.034800765616843574,78.0,146.0,278.0
4,edge_108_236,2,0,0,-1,0.5,0.0,0.034800765616843574,78.0,146.0,278.0
4,edge_1520_7670,2,0,0,-1,0.0,0.0,0.034800765616843574,78.0,146.0,278.0
4,edge_4_371845,2,0,0,-1,0.0,0.0,0.034800765616843574,78.0,146.0,278.0
4,edge_48_306383,2,0,0,-1,0.5,0.0,0.034800765616843574,78.0,146.0,278.0
4,edge_242_84704,2,0,0,-1,0.0,0.0,0.034800765616843574,78.0,146.0,278.0
4,edge_118_375856,2,0,0,-1,0.5,0.0,0.034800765616843574,78.0,146.0,278.0
4,edge_12456_316048,2,0,0,-1,0.0,0.0,0.034800765616843574,78.0,146.0,278.0
4,edge_1521_316048,2,0,0,-1,0.0,0.0,0.034800765616843574,78.0,146.0,278.0
4,edge_12456_274251,2,0,0,-1,0.0,0.0,0.034800765616843574,78.0,146.0,278.0
4,edge_16717_301931,2,0,0,-1,0.0,0.0,0.034800765616843574,78.0,146.0,278.0
4,edge_1138_381208,2,0,0,-1,0.0,0.0,0.034800765616843574,78.0,146.0,278.0
4,edge_1138_108357,2,0,0,-1,0.0,0.0,0.034800765616843574,78.0,146.0,278.0
4,edge_246_377716,2,0,0,-1,0.5,0.0,0.034800765616843574,78.0,146.0,278.0
4,edge_246_177099,2,0,0,-1,0.0,0.0,0.034800765616843574,78.0,146.0,278.0
4,edge_4_336961,2,0,0,-1,0.0,0.0,0.034800765616843574,78.0,146.0,278.0
4,edge_44_69975,2,0,0,-1,0.0,0.0,0.034800765616843574,78.0,146.0,278.0
4,edge_69975_380872,2,0,0,-1,0.0,0.0,0.034800765616843574,78.0,146.0,278.0
4,edge_69975_111845,2,0,0,-1,0.5,0.0,0.034800765616843574,78.0,146.0,278.0
4,edge_69975_320524,2,0,0,-1,0.5,0.0,0.034800765616843574,78.0,146.0,278.0
4,edge_12473_74806,2,0,0,-1,0.5,0.0,0.034800765616843574,78.0,146.0,278.0
4,edge_12473_290054,2,0,0,-1,0.0,0.0,0.034800765616843574,78.0,146.0,278.0
4,185025,2,2,2,7,0.5,0.5,0.034800765616843574,78.0,146.0,278.0
4,edge_7669_9997,2,0,0,-1,0.0,0.0,0.034800765616843574,78.0,146.0,278.0
4,edge_7668_7669,2,0,0,-1,0.0,0.0,0.034800765616843574,78.0,146.0,278.0
4,edge_1032_7668,2,0,0,-1,0.0,0.0,0.034800765616843574,78.0,146.0,278.0
4,edge_1032_1519,2,0,0,-1,0.0,0.0,0.034800765616843574,78.0,146.0,278.0
4,edge_1519_12462,2,0,0,-1,0.5,0.0,0.034800765616843574,78.0,146.0,278.0
4,edge_4_58029,2,0,0,-1,0.0,0.0,0.034800765616843574,78.0,146.0,278.0
4,edge_4_9999,2,0,0,-1,0.0,0.0,0.034800765616843574,78.0,146.0,278.0
4,edge_4_369144,2,0,0,-1,0.0,0.0,0.034800765616843574,78.0,146.0,278.0
4,edge_4_328790,2,0,0,-1,0.0,0.0,0.034800765616843574,78.0,146.0,278.0
4,edge_4_336962,2,0,0,-1,0.0,0.0,0.034800765616843574,78.0,146.0,278.0
4,edge_1519_336962,2,0,0,-1,0.0,0.0,0.034800765616843574,78.0,146.0,278.0
4,edge_6_150211,2,0,0,-1,0.5,0.0,0.034800765616843574,78.0,146.0,278.0
4,edge_5_325019,2,0,0,-1,0.0,0.0,0.034800765616843574,78.0,146.0,278.0
4,edge_4_325020,2,0,0,-1,0.0,0.0,0.034800765616843574,78.0,146.0,278.0
4,edge_120_376451,2,0,0,-1,0.0,0.0,0.034800765616843574,78.0,146.0,278.0
4,edge_53_399297,2,0,0,-1,0.5,0.0,0.034800765616843574,78.0,146.0,278.0
4,edge_62_11600,2,0,0,-1,0.5,0.0,0.034800765616843574,78.0,146.0,278.0
4,edge_11600_23670,2,0,0,-1,0.5,0.0,0.034800765616843574,78.0,146.0,278.0
4,edge_268810_268812,2,0,0,-1,0.0,0.0,0.034800765616843574,78.0,146.0,278.0
4,edge_335840_339133,2,0,0,-1,0.0,0.0,0.034800765616843574,78.0,146.0,278.0
4,edge_181960_339133,2,0,0,-1,0.5,0.0,0.034800765616843574,78.0,146.0,278.0
4,edge_65812_339469,2,0,0,-1,0.5,0.0,0.034800765616843574,78.0,146.0,278.0
4,edge_4_315855,2,0,0,-1,0.5,0.0,0.034800765616843574,78.0,146.0,278.0
4,edge_58_155356,2,0,0,-1,0.0,0.0,0.034800765616843574,78.0,146.0,278.0
4,edge_109_209526,2,0,0,-1,0.5,0.0,0.034800765616843574,78.0,146.0,278.0
4,edge_9_325018,2,0,0,-1,0.0,0.0,0.034800765616843574,78.0,146.0,278.0
4,edge_143740_233741,2,0,0,-1,0.5,0.0,0.034800765616843574,78.0,146.0,278.0
4,edge_4_234838,2,0,0,-1,0.0,0.0,0.034800765616843574,78.0,146.0,278.0
4,edge_234835_234838,2,0,0,-1,0.5,0.0,0.034800765616843574,78.0,146.0,278.0
4,edge_48_341193,2,0,0,-1,0.5,0.0,0.034800765616843574,78.0,146.0,278.0
4,edge_189_192516,2,0,0,-1,0.5,0.0,0.034800765616843574,78.0,146.0,278.0
4,391479,2,2,3,4,0.0,1.0,0.034800765616843574,78.0,146.0,278.0
4,edge_67029_178193,2,0,0,-1,0.5,0.0,0.034800765616843574,78.0,146.0,278.0
4,edge_246_261379,2,0,0,-1,0.0,0.0,0.034800765616843574,78.0,146.0,278.0
4,edge_213970_258150,2,0,0,-1,0.0,0.0,0.034800765616843574,78.0,146.0,278.0
4,edge_336961_384079,2,0,0,-1,0.0,0.0,0.034800765616843574,78.0,146.0,278.0
4,edge_4_309176,2,0,0,-1,0.0,0.0,0.034800765616843574,78.0,146.0,278.0
4,edge_89_388662,2,0,0,-1,0.5,0.0,0.034800765616843574,78.0,146.0,278.0
4,edge_4_226367,2,0,0,-1,0.0,0.0,0.034800765616843574,78.0,146.0,278.0
4,edge_226369_236205,2,0,0,-1,0.0,0.0,0.034800765616843574,78.0,146.0,278.0
4,edge_4957_34394,2,0,0,-1,0.0,0.0,0.034800765616843574,78.0,146.0,278.0
4,edge_5609_34396,2,0,0,-1,0.5,0.0,0.034800765616843574,78.0,146.0,278.0
4,edge_4_31936,2,0,0,-1,0.0,0.0,0.034800765616843574,78.0,146.0,278.0
4,edge_92_162,2,0,0,-1,0.5,0.0,0.034800765616843574,78.0,146.0,278.0
4,edge_217940_325018,2,0,0,-1,0.0,0.0,0.034800765616843574,78.0,146.0,278.0
4,edge_197188_217940,2,0,0,-1,0.0,0.0,0.034800765616843574,78.0,146.0,278.0
4,edge_344550_360243,2,0,0,-1,0.0,0.0,0.034800765616843574,78.0,146.0,278.0
4,edge_146195_217942,2,0,0,-1,0.0,0.0,0.034800765616843574,78.0,146.0,278.0
4,edge_183_355330,2,0,0,-1,0.0,0.0,0.034800765616843574,78.0,146.0,278.0
4,edge_3344_335338,2,0,0,-1,0.0,0.0,0.034800765616843574,78.0,146.0,278.0
4,edge_197725_271565,2,0,0,-1,0.0,0.0,0.034800765616843574,78.0,146.0,278.0
4,edge_60472_115626,2,0,0,-1,0.5,0.0,0.034800765616843574,78.0,146.0,278.0
4,edge_115626_281515,2,0,0,-1,0.0,0.0,0.034800765616843574,78.0,146.0,278.0
4,edge_4_4943,2,0,0,-1,0.0,0.0,0.034800765616843574,78.0,146.0,278.0
4,edge_85705_85708,2,0,0,-1,0.0,0.0,0.034800765616843574,78.0,146.0,278.0
4,edge_4_367460,2,0,0,-1,0.0,0.0,0.034800765616843574,78.0,146.0,278.0
4,edge_4_364158,2,0,0,-1,0.0,0.0,0.034800765616843574,78.0,146.0,278.0
4,edge_3945_364158,2,0,0,-1,0.0,0.0,0.034800765616843574,78.0,146.0,278.0
4,edge_4_18747,2,0,0,-1,0.0,0.0,0.034800765616843574,78.0,146.0,278.0
4,edge_6_7669,2,0,0,-1,0.0,0.0,0.034800765616843574,78.0,146.0,278.0
4,edge_107_168338,2,0,0,-1,0.5,0.0,0.034800765616843574,78.0,146.0,278.0
4,edge_107_279044,2,0,0,-1,0.5,0.0,0.034800765616843574,78.0,146.0,278.0
4,edge_233742_316134,2,0,0,-1,0.0,0.0,0.034800765616843574,78.0,146.0,278.0
4,edge_46_218985,2,0,0,-1,0.0,0.0,0.034800765616843574,78.0,146.0,278.0
4,edge_3944_218985,2,0,0,-1,0.0,0.0,0.034800765616843574,78.0,146.0,278.0
4,edge_173610_218985,2,0,0,-1,0.0,0.0,0.034800765616843574,78.0,146.0,278.0
4,edge_218985_222856,2,0,0,-1,0.0,0.0,0.034800765616843574,78.0,146.0,278.0
4,edge_3944_270057,2,0,0,-1,0.0,0.0,0.034800765616843574,78.0,146.0,278.0
4,edge_222856_362153,2,0,0,-1,0.5,0.0,0.034800765616843574,78.0,146.0,278.0
4,edge_222856_226371,2,0,0,-1,0.0,0.0,0.034800765616843574,78.0,146.0,278.0
4,edge_222856_326638,2,0,0,-1,0.5,0.0,0.034800765616843574,78.0,146.0,278.0
4,edge_222856_369982,2,0,0,-1,0.5,0.0,0.034800765616843574,78.0,146.0,278.0
4,edge_234_317925,2,0,0,-1,0.0,0.0,0.034800765616843574,78.0,146.0,278.0
4,edge_4_1202,2,0,0,-1,0.0,0.0,0.034800765616843574,78.0,146.0,278.0
4,edge_34_129478,2,0,0,-1,0.5,0.0,0.034800765616843574,78.0,146.0,278.0
4,edge_44527_307392,2,0,0,-1,0.5,0.0,0.034800765616843574,78.0,146.0,278.0
4,edge_86521_352689,2,0,0,-1,0.5,0.0,0.034800765616843574,78.0,146.0,278.0
4,edge_151024_215199,2,0,0,-1,0.5,0.0,0.034800765616843574,78.0,146.0,278.0
4,edge_226103_281795,2,0,0,-1,0.0,0.0,0.034800765616843574,78.0,146.0,278.0
4,edge_118215_290596,2,0,0,-1,0.5,0.0,0.034800765616843574,78.0,146.0,278.0
4,edge_118215_357802,2,0,0,-1,0.5,0.0,0.034800765616843574,78.0,146.0,278.0
4,edge_226103_265208,2,0,0,-1,0.0,0.0,0.034800765616843574,78.0,146.0,278.0
4,edge_265208_289215,2,0,0,-1,0.0,0.0,0.034800765616843574,78.0,146.0,278.0
4,edge_265208_333964,2,0,0,-1,0.5,0.0,0.034800765616843574,78.0,146.0,278.0
4,edge_140463_328176,2,0,0,-1,0.0,0.0,0.034800765616843574,78.0,146.0,278.0
4,edge_86519_389345,2,0,0,-1,0.5,0.0,0.034800765616843574,78.0,146.0,278.0
4,edge_188520_251890,2,0,0,-1,0.0,0.0,0.034800765616843574,78.0,146.0,278.0
4,edge_109680_188518,2,0,0,-1,0.0,0.0,0.034800765616843574,78.0,146.0,278.0
4,edge_4_255407,2,0,0,-1,0.0,0.0,0.034800765616843574,78.0,146.0,278.0
4,edge_136424_139475,2,0,0,-1,0.0,0.0,0.034800765616843574,78.0,146.0,278.0
4,edge_299_3944,2,0,0,-1,0.5,0.0,0.034800765616843574,78.0,146.0,278.0
4,edge_106_235,2,0,0,-1,0.5,0.0,0.034800765616843574,78.0,146.0,278.0
4,edge_95_10897,2,0,0,-1,0.5,0.0,0.034800765616843574,78.0,146.0,278.0
4,edge_44_316223,2,0,0,-1,0.5,0.0,0.034800765616843574,78.0,146.0,278.0
4,edge_237892_390881,2,0,0,-1,0.5,0.0,0.034800765616843574,78.0,146.0,278.0
4,edge_236938_237892,2,0,0,-1,0.0,0.0,0.034800765616843574,78.0,146.0,278.0
4,edge_12569_13014,2,0,0,-1,0.0,0.0,0.034800765616843574,78.0,146.0,278.0
4,edge_363986_384209,2,0,0,-1,0.0,0.0,0.034800765616843574,78.0,146.0,278.0
4,edge_266827_336962,2,0,0,-1,0.0,0.0,0.034800765616843574,78.0,146.0,278.0
4,edge_384078_384079,2,0,0,-1,0.0,0.0,0.034800765616843574,78.0,146.0,278.0
4,edge_358252_366729,2,0,0,-1,0.0,0.0,0.034800765616843574,78.0,146.0,278.0
4,edge_89_325992,2,0,0,-1,0.5,0.0,0.034800765616843574,78.0,146.0,278.0
4,edge_31621_40802,2,0,0,-1,0.5,0.0,0.034800765616843574,78.0,146.0,278.0
4,edge_68182_363948,2,0,0,-1,0.0,0.0,0.034800765616843574,78.0,146.0,278.0
4,edge_14926_14928,2,0,0,-1,0.0,0.0,0.034800765616843574,78.0,146.0,278.0
4,edge_14926_95852,2,0,0,-1,0.5,0.0,0.034800765616843574,78.0,146.0,278.0
4,edge_17309_93366,2,0,0,-1,0.0,0.0,0.034800765616843574,78.0,146.0,278.0
4,edge_4_65646,2,0,0,-1,0.0,0.0,0.034800765616843574,78.0,146.0,278.0
4,edge_51_18826,2,0,0,-1,0.5,0.0,0.034800765616843574,78.0,146.0,278.0
4,edge_186390_211155,2,0,0,-1,0.0,0.0,0.034800765616843574,78.0,146.0,278.0
4,edge_1545_2342,2,0,0,-1,0.5,0.0,0.034800765616843574,78.0,146.0,278.0
4,edge_1543_2342,2,0,0,-1,0.5,0.0,0.034800765616843574,78.0,146.0,278.0
4,edge_12516_377876,2,0,0,-1,0.5,0.0,0.034800765616843574,78.0,146.0,278.0
4,edge_5_2507,2,0,0,-1,0.5,0.0,0.034800765616843574,78.0,146.0,278.0
4,edge_1038_170670,2,0,0,-1,0.0,0.0,0.034800765616843574,78.0,146.0,278.0
4,edge_388677_398398,2,0,0,-1,0.5,0.0,0.034800765616843574,78.0,146.0,278.0
4,edge_185276_391389,2,0,0,-1,0.0,0.0,0.034800765616843574,78.0,146.0,278.0
4,edge_185274_185280,2,0,0,-1,0.0,0.0,0.034800765616843574,78.0,146.0,278.0
4,edge_185276_185279,2,0,0,-1,0.0,0.0,0.034800765616843574,78.0,146.0,278.0
4,edge_81013_185279,2,0,0,-1,0.0,0.0,0.034800765616843574,78.0,146.0,278.0
4,edge_185279_185280,2,0,0,-1,0.0,0.0,0.034800765616843574,78.0,146.0,278.0
4,edge_4_384471,2,0,0,-1,0.0,0.0,0.034800765616843574,78.0,146.0,278.0
4,edge_9_325020,2,0,0,-1,0.0,0.0,0.034800765616843574,78.0,146.0,278.0
4,edge_54_58,2,0,0,-1,0.5,0.0,0.034800765616843574,78.0,146.0,278.0
4,edge_54_343700,2,0,0,-1,0.5,0.0,0.034800765616843574,78.0,146.0,278.0
4,edge_4_271289,2,0,0,-1,0.0,0.0,0.034800765616843574,78.0,146.0,278.0
4,edge_4_392571,2,0,0,-1,0.5,0.0,0.034800765616843574,78.0,146.0,278.0
4,edge_233_309176,2,0,0,-1,0.0,0.0,0.034800765616843574,78.0,146.0,278.0
4,edge_155_19292,2,0,0,-1,0.5,0.0,0.034800765616843574,78.0,146.0,278.0
4,edge_17019_41966,2,0,0,-1,0.5,0.0,0.034800765616843574,78.0,146.0,278.0
4,edge_127904_127907,2,0,0,-1,0.5,0.0,0.034800765616843574,78.0,146.0,278.0
4,edge_127911_331028,2,0,0,-1,0.5,0.0,0.034800765616843574,78.0,146.0,278.0
4,edge_198401_331028,2,0,0,-1,0.5,0.0,0.034800765616843574,78.0,146.0,278.0
4,edge_276107_331028,2,0,0,-1,0.0,0.0,0.034800765616843574,78.0,146.0,278.0
4,edge_219_264356,2,0,0,-1,0.5,0.0,0.034800765616843574,78.0,146.0,278.0
4,edge_219_249511,2,0,0,-1,0.0,0.0,0.034800765616843574,78.0,146.0,278.0
4,edge_242_382978,2,0,0,-1,0.0,0.0,0.034800765616843574,78.0,146.0,278.0
4,edge_54_382978,2,0,0,-1,0.0,0.0,0.034800765616843574,78.0,146.0,278.0
4,edge_7492_384076,2,0,0,-1,0.5,0.0,0.034800765616843574,78.0,146.0,278.0
4,edge_7492_17963,2,0,0,-1,0.0,0.0,0.034800765616843574,78.0,146.0,278.0
4,edge_9_155356,2,0,0,-1,0.0,0.0,0.034800765616843574,78.0,146.0,278.0
4,edge_328790_336908,2,0,0,-1,0.5,0.0,0.034800765616843574,78.0,146.0,278.0
4,edge_234_336908,2,0,0,-1,0.0,0.0,0.034800765616843574,78.0,146.0,278.0
4,edge_12862_13052,2,0,0,-1,0.0,0.0,0.034800765616843574,78.0,146.0,278.0
4,edge_299_286108,2,0,0,-1,0.5,0.0,0.034800765616843574,78.0,146.0,278.0
4,edge_2507_286108,2,0,0,-1,0.5,0.0,0.034800765616843574,78.0,146.0,278.0
4,edge_4_31691,2,0,0,-1,0.0,0.0,0.034800765616843574,78.0,146.0,278.0
4,edge_4_399443,2,0,0,-1,0.0,0.0,0.034800765616843574,78.0,146.0,278.0
4,edge_36_236981,2,0,0,-1,0.5,0.0,0.034800765616843574,78.0,146.0,278.0
4,edge_36_393746,2,0,0,-1,0.5,0.0,0.034800765616843574,78.0,146.0,278.0
4,edge_5422_7787,2,0,0,-1,0.0,0.0,0.034800765616843574,78.0,146.0,278.0
4,edge_41967_378090,2,0,0,-1,0.5,0.0,0.034800765616843574,78.0,146.0,278.0
4,edge_141652_349121,2,0,0,-1,0.0,0.0,0.034800765616843574,78.0,146.0,278.0
4,edge_349121_360978,2,0,0,-1,0.0,0.0,0.034800765616843574,78.0,146.0,278.0
4,edge_31260_339934,2,0,0,-1,0.5,0.0,0.034800765616843574,78.0,146.0,278.0
4,edge_4_126356,2,0,0,-1,0.0,0.0,0.034800765616843574,78.0,146.0,278.0
4,edge_5_300,2,0,0,-1,0.0,0.0,0.034800765616843574,78.0,146.0,278.0
4,edge_183_300,2,0,0,-1,0.0,0.0,0.034800765616843574,78.0,146.0,278.0
4,edge_300_1959,2,0,0,-1,0.0,0.0,0.034800765616843574,78.0,146.0,278.0
4,edge_108_300,2,0,0,-1,0.5,0.0,0.034800765616843574,78.0,146.0,278.0
4,edge_62_300,2,0,0,-1,0.5,0.0,0.034800765616843574,78.0,146.0,278.0
4,edge_234_237,2,0,0,-1,0.5,0.0,0.034800765616843574,78.0,146.0,278.0
4,edge_78368_329067,2,0,0,-1,0.0,0.0,0.034800765616843574,78.0,146.0,278.0
4,edge_78368_339876,2,0,0,-1,0.0,0.0,0.034800765616843574,78.0,146.0,278.0
4,edge_12003_216653,2,0,0,-1,0.5,0.0,0.034800765616843574,78.0,146.0,278.0
4,edge_58027_321302,2,0,0,-1,0.0,0.0,0.034800765616843574,78.0,146.0,278.0
4,edge_321302_322267,2,0,0,-1,0.0,0.0,0.034800765616843574,78.0,146.0,278.0
4,edge_4_96059,2,0,0,-1,0.5,0.0,0.034800765616843574,78.0,146.0,278.0
4,edge_224780_388057,2,0,0,-1,0.5,0.0,0.034800765616843574,78.0,146.0,278.0
4,edge_6_264682,2,0,0,-1,0.0,0.0,0.034800765616843574,78.0,146.0,278.0
4,edge_6_28927,2,0,0,-1,0.5,0.0,0.034800765616843574,78.0,146.0,278.0
4,edge_17832_360552,2,0,0,-1,0.5,0.0,0.034800765616843574,78.0,146.0,278.0
4,edge_454_265845,2,0,0,-1,0.5,0.0,0.034800765616843574,78.0,146.0,278.0
4,edge_197188_233741,2,0,0,-1,0.0,0.0,0.034800765616843574,78.0,146.0,278.0
4,edge_4_380872,2,0,0,-1,0.5,0.0,0.034800765616843574,78.0,146.0,278.0
4,edge_4_218981,2,0,0,-1,0.0,0.0,0.034800765616843574,78.0,146.0,278.0
4,edge_186_324303,2,0,0,-1,0.5,0.0,0.034800765616843574,78.0,146.0,278.0
4,edge_4_375948,2,0,0,-1,0.0,0.0,0.034800765616843574,78.0,146.0,278.0
4,edge_341167_360588,2,0,0,-1,0.0,0.0,0.034800765616843574,78.0,146.0,278.0
4,edge_1202_50251,2,0,0,-1,0.0,0.0,0.034800765616843574,78.0,146.0,278.0
4,edge_332_1202,2,0,0,-1,0.0,0.0,0.034800765616843574,78.0,146.0,278.0
4,edge_1202_260107,2,0,0,-1,0.5,0.0,0.034800765616843574,78.0,146.0,278.0
4,edge_332_95153,2,0,0,-1,0.5,0.0,0.034800765616843574,78.0,146.0,278.0
4,edge_332_186273,2,0,0,-1,0.5,0.0,0.034800765616843574,78.0,146.0,278.0
4,edge_4986_24515,2,0,0,-1,0.0,0.0,0.034800765616843574,78.0,146.0,278.0
4,edge_4986_28651,2,0,0,-1,0.5,0.0,0.034800765616843574,78.0,146.0,278.0
4,edge_13307_24515,2,0,0,-1,0.5,0.0,0.034800765616843574,78.0,146.0,278.0
4,edge_387_1175,2,0,0,-1,0.0,0.0,0.034800765616843574,78.0,146.0,278.0
4,edge_28936_28937,2,0,0,-1,0.0,0.0,0.034800765616843574,78.0,146.0,278.0
4,edge_28937_110690,2,0,0,-1,0.5,0.0,0.034800765616843574,78.0,146.0,278.0
4,edge_9_238984,2,0,0,-1,0.0,0.0,0.034800765616843574,78.0,146.0,278.0
4,edge_6_306783,2,0,0,-1,0.5,0.0,0.034800765616843574,78.0,146.0,278.0
4,edge_57_1521,2,0,0,-1,0.0,0.0,0.034800765616843574,78.0,146.0,278.0
4,edge_108_1521,2,0,0,-1,0.5,0.0,0.034800765616843574,78.0,146.0,278.0
4,edge_1521_370386,2,0,0,-1,0.0,0.0,0.034800765616843574,78.0,146.0,278.0
4,edge_135869_213970,2,0,0,-1,0.5,0.0,0.034800765616843574,78.0,146.0,278.0
4,edge_71600_175427,2,0,0,-1,0.5,0.0,0.034800765616843574,78.0,146.0,278.0
4,edge_278431_351351,2,0,0,-1,0.5,0.0,0.034800765616843574,78.0,146.0,278.0
4,edge_278431_351350,2,0,0,-1,0.5,0.0,0.034800765616843574,78.0,146.0,278.0
4,edge_267959_278431,2,0,0,-1,0.5,0.0,0.034800765616843574,78.0,146.0,278.0
4,edge_322226_358333,2,0,0,-1,0.0,0.0,0.034800765616843574,78.0,146.0,278.0
4,edge_15068_17965,2,0,0,-1,0.0,0.0,0.034800765616843574,78.0,146.0,278.0
4,edge_17963_71419,2,0,0,-1,0.5,0.0,0.034800765616843574,78.0,146.0,278.0
4,edge_101079_116710,2,0,0,-1,0.0,0.0,0.034800765616843574,78.0,146.0,278.0
4,edge_7200_101079,2,0,0,-1,0.0,0.0,0.034800765616843574,78.0,146.0,278.0
4,edge_7200_257694,2,0,0,-1,0.0,0.0,0.034800765616843574,78.0,146.0,278.0
4,edge_7200_378747,2,0,0,-1,0.5,0.0,0.034800765616843574,78.0,146.0,278.0
4,edge_7200_216851,2,0,0,-1,0.5,0.0,0.034800765616843574,78.0,146.0,278.0
4,edge_42635_60681,2,0,0,-1,0.0,0.0,0.034800765616843574,78.0,146.0,278.0
4,edge_19755_23876,2,0,0,-1,0.0,0.0,0.034800765616843574,78.0,146.0,278.0
4,edge_23876_28986,2,0,0,-1,0.5,0.0,0.034800765616843574,78.0,146.0,278.0
4,edge_12228_23876,2,0,0,-1,0.5,0.0,0.034800765616843574,78.0,146.0,278.0
4,edge_83206_339152,2,0,0,-1,0.0,0.0,0.034800765616843574,78.0,146.0,278.0
4,edge_83911_83916,2,0,0,-1,0.5,0.0,0.034800765616843574,78.0,146.0,278.0
4,edge_166_271793,2,0,0,-1,0.0,0.0,0.034800765616843574,78.0,146.0,278.0
4,edge_34_166,2,0,0,-1,0.0,0.0,0.034800765616843574,78.0,146.0,278.0
4,edge_11440_59672,2,0,0,-1,0.0,0.0,0.034800765616843574,78.0,146.0,278.0
4,edge_11440_270129,2,0,0,-1,0.0,0.0,0.034800765616843574,78.0,146.0,278.0
4,edge_166_288283,2,0,0,-1,0.5,0.0,0.034800765616843574,78.0,146.0,278.0
4,edge_166_243251,2,0,0,-1,0.5,0.0,0.034800765616843574,78.0,146.0,278.0
4,1705,2,2,4,3,0.0,1.0,0.034800765616843574,78.0,146.0,278.0
4,edge_1705_293114,2,0,0,-1,0.5,0.0,0.034800765616843574,78.0,146.0,278.0
4,edge_46367_158520,2,0,0,-1,0.0,0.0,0.034800765616843574,78.0,146.0,278.0
4,edge_37095_48943,2,0,0,-1,0.0,0.0,0.034800765616843574,78.0,146.0,278.0
4,edge_7118_122384,2,0,0,-1,0.5,0.0,0.034800765616843574,78.0,146.0,278.0
4,edge_4_344787,2,0,0,-1,0.5,0.0,0.034800765616843574,78.0,146.0,278.0
4,edge_8645_301405,2,0,0,-1,0.0,0.0,0.034800765616843574,78.0,146.0,278.0
4,edge_98414_349121,2,0,0,-1,0.5,0.0,0.034800765616843574,78.0,146.0,278.0
4,edge_141652_258790,2,0,0,-1,0.0,0.0,0.034800765616843574,78.0,146.0,278.0
4,edge_141652_256131,2,0,0,-1,0.5,0.0,0.034800765616843574,78.0,146.0,278.0
4,edge_141652_210468,2,0,0,-1,0.5,0.0,0.034800765616843574,78.0,146.0,278.0
4,edge_257444_291688,2,0,0,-1,0.0,0.0,0.034800765616843574,78.0,146.0,278.0
4,edge_176258_185760,2,0,0,-1,0.0,0.0,0.034800765616843574,78.0,146.0,278.0
4,edge_176258_275236,2,0,0,-1,0.5,0.0,0.034800765616843574,78.0,146.0,278.0
4,edge_219915_258524,2,0,0,-1,0.0,0.0,0.034800765616843574,78.0,146.0,278.0
