start,node,c,access,out_degree,dist_from_start,auth_fail_rate,contribution_pct,lru_hits,lru_miss,lru_lookups,lru_hit_rate,is_lru_blind
0,0,227,348,16,0,0.0,1.9083648591845312,121,1,122,0.9918032786885246,0
0,75503,49,98,23,1,0.0,0.4119377889869693,38,3,41,0.926829268292683,0
0,123880,45,85,9,1,0.0,0.37831021437578816,24,2,26,0.9230769230769231,0
0,274042,44,88,10,1,0.0,0.36990332072299287,24,3,27,0.8888888888888888,0
0,120044,42,84,20,1,0.0,0.3530895334174023,14,4,18,0.7777777777777778,0
0,124002,36,70,13,1,0.0,0.3026481715006305,27,3,30,0.9,0
0,369692,36,54,7,1,0.0,0.3026481715006305,10,5,15,0.6666666666666666,0
0,33971,35,70,31,1,0.0,0.2942412778478352,4,4,8,0.5,0
0,23073,33,65,24,1,0.0,0.27742749054224464,5,4,9,0.5555555555555556,0
0,1,32,64,32,1,0.0,0.26902059688944935,16,4,20,0.8,0
0,97061,30,56,20,8,0.0,0.25220680958385877,0,0,0,0.0,0
0,411025,29,58,2,1,0.0,0.24379991593106348,5,5,10,0.5,0
0,edge_0_123880,28,0,0,-1,0.0,0.2353930222782682,11,4,15,0.7333333333333333,0
0,101215,26,56,8,1,0.0,0.2185792349726776,13,5,18,0.7222222222222222,0
0,edge_0_411025,26,0,0,-1,0.0,0.2185792349726776,12,5,17,0.7058823529411765,0
0,edge_0_120044,25,0,0,-1,0.0,0.2101723413198823,7,4,11,0.6363636363636364,0
0,edge_0_369692,23,0,0,-1,0.0,0.19335855401429172,5,3,8,0.625,0
0,edge_0_2,21,0,0,-1,0.0,0.17654476670870115,2,6,8,0.25,0
0,121614,20,40,4,2,0.0,0.16813787305590586,9,3,12,0.75,0
0,206567,20,42,3,1,0.0,0.16813787305590586,5,5,10,0.5,0
0,edge_0_206567,20,0,0,-1,0.0,0.16813787305590586,7,5,12,0.5833333333333334,0
0,253875,20,20,2,5,0.0,0.16813787305590586,0,0,0,0.0,0
0,413808,19,40,3,1,0.0,0.15973097940311054,7,4,11,0.6363636363636364,0
0,233900,19,35,8,18,0.0,0.15973097940311054,0,0,0,0.0,0
0,edge_0_274042,19,0,0,-1,0.0,0.15973097940311054,6,5,11,0.5454545454545454,0
0,211364,18,35,12,7,0.0,0.15132408575031525,0,0,0,0.0,0
0,384120,18,36,2,9,0.0,0.15132408575031525,0,0,0,0.0,0
0,edge_101215_411025,18,0,0,-1,0.0,0.15132408575031525,0,3,3,0.0,1
0,386544,17,34,3,2,0.0,0.14291719209751996,5,4,9,0.5555555555555556,0
0,2,17,34,14,1,0.0,0.14291719209751996,8,6,14,0.5714285714285714,0
0,edge_0_124002,17,0,0,-1,0.0,0.14291719209751996,0,3,3,0.0,1
0,edge_0_1,17,0,0,-1,0.0,0.14291719209751996,11,5,16,0.6875,0
0,edge_360229_384120,17,0,0,-1,0.0,0.14291719209751996,0,0,0,0.0,0
0,395,16,30,12,14,0.0,0.13451029844472467,0,0,0,0.0,0
0,189625,16,16,18,8,0.0,0.13451029844472467,0,0,0,0.0,0
0,78702,15,30,14,2,0.0,0.12610340479192939,0,1,1,0.0,1
0,edge_0_23073,15,0,0,-1,0.0,0.12610340479192939,4,4,8,0.5,0
0,edge_0_33971,15,0,0,-1,0.0,0.12610340479192939,2,3,5,0.4,0
0,edge_0_413808,15,0,0,-1,0.0,0.12610340479192939,1,4,5,0.2,0
0,edge_274042_413808,15,0,0,-1,0.0,0.12610340479192939,4,3,7,0.5714285714285714,0
0,edge_233947_253875,15,0,0,-1,0.0,0.12610340479192939,0,0,0,0.0,0
0,360948,14,22,3,2,0.0,0.1176965111391341,6,3,9,0.6666666666666666,0
0,33834,14,27,12,20,0.0,0.1176965111391341,0,0,0,0.0,0
0,360229,14,28,2,9,0.0,0.1176965111391341,0,0,0,0.0,0
0,303148,14,26,6,4,0.0,0.1176965111391341,0,0,0,0.0,0
0,35367,13,28,13,2,0.0,0.1092896174863388,5,4,9,0.5555555555555556,0
0,102805,13,26,10,2,0.0,0.1092896174863388,3,3,6,0.5,0
0,14652,13,24,16,2,0.0,0.1092896174863388,0,2,2,0.0,1
0,422126,13,26,2,7,0.0,0.1092896174863388,0,0,0,0.0,0
0,3992,13,26,17,3,0.0,0.1092896174863388,0,1,1,0.0,1
0,976,13,26,13,8,0.0,0.1092896174863388,0,0,0,0.0,0
0,162643,13,26,8,2,0.0,0.1092896174863388,0,0,0,0.0,0
0,118961,13,21,6,5,0.0,0.1092896174863388,0,0,0,0.0,0
0,edge_0_101215,13,0,0,-1,0.0,0.1092896174863388,5,5,10,0.5,0
0,edge_31607_253875,13,0,0,-1,0.0,0.1092896174863388,0,0,0,0.0,0
0,250519,12,24,12,2,0.0,0.1008827238335435,1,2,3,0.3333333333333333,0
0,92218,12,22,16,2,0.0,0.1008827238335435,1,3,4,0.25,0
0,175977,12,24,2,5,0.0,0.1008827238335435,0,0,0,0.0,0
0,232981,12,23,9,9,0.0,0.1008827238335435,0,0,0,0.0,0
0,84203,12,12,6,2,0.0,0.1008827238335435,2,4,6,0.3333333333333333,0
0,147255,11,22,6,2,0.0,0.09247583018074822,0,3,3,0.0,1
0,48610,11,22,9,13,0.0,0.09247583018074822,0,0,0,0.0,0
0,287903,11,20,9,2,0.0,0.09247583018074822,1,2,3,0.3333333333333333,0
0,19689,11,20,10,2,0.0,0.09247583018074822,0,2,2,0.0,1
0,10601,11,18,12,13,0.0,0.09247583018074822,0,0,0,0.0,0
0,42625,11,22,7,4,0.0,0.09247583018074822,0,0,0,0.0,0
0,21466,11,20,12,14,0.0,0.09247583018074822,0,0,0,0.0,0
0,49686,11,18,4,3,0.0,0.09247583018074822,0,0,0,0.0,0
0,172449,11,22,7,4,0.0,0.09247583018074822,0,0,0,0.0,0
0,edge_0_33043,11,0,0,-1,0.0,0.09247583018074822,1,4,5,0.2,0
0,edge_360948_386544,11,0,0,-1,0.0,0.09247583018074822,2,3,5,0.4,0
0,edge_209900_369692,11,0,0,-1,0.0,0.09247583018074822,3,4,7,0.42857142857142855,0
0,edge_420575_422126,11,0,0,-1,0.0,0.09247583018074822,0,0,0,0.0,0
0,edge_97061_384120,11,0,0,-1,0.0,0.09247583018074822,0,0,0,0.0,0
0,edge_360230_403703,11,0,0,-1,0.0,0.09247583018074822,0,0,0,0.0,0
0,79071,10,19,15,2,0.0,0.08406893652795293,1,4,5,0.2,0
0,271951,10,20,6,2,0.0,0.08406893652795293,1,3,4,0.25,0
0,edge_124002_360948,10,0,0,-1,0.0,0.08406893652795293,5,3,8,0.625,0
0,22862,10,20,8,4,0.0,0.08406893652795293,0,0,0,0.0,0
0,edge_123880_369692,10,0,0,-1,0.0,0.08406893652795293,0,4,4,0.0,1
0,243604,10,20,8,6,0.0,0.08406893652795293,0,0,0,0.0,0
0,68686,10,20,9,19,0.0,0.08406893652795293,0,0,0,0.0,0
0,44724,10,19,11,2,0.0,0.08406893652795293,1,2,3,0.3333333333333333,0
0,4519,10,20,10,1,0.0,0.08406893652795293,5,5,10,0.5,0
0,209900,10,22,3,2,0.0,0.08406893652795293,3,4,7,0.42857142857142855,0
0,164261,10,19,8,3,0.0,0.08406893652795293,0,0,0,0.0,0
0,292483,10,20,3,19,0.0,0.08406893652795293,0,0,0,0.0,0
0,144901,10,20,8,3,0.0,0.08406893652795293,0,0,0,0.0,0
0,94214,10,20,12,14,0.0,0.08406893652795293,0,0,0,0.0,0
0,13358,10,20,7,4,0.0,0.08406893652795293,0,0,0,0.0,0
0,243469,10,20,5,2,0.0,0.08406893652795293,11,3,14,0.7857142857142857,0
0,32503,10,16,4,18,0.0,0.08406893652795293,0,0,0,0.0,0
0,417206,10,18,7,7,0.0,0.08406893652795293,0,0,0,0.0,0
0,403703,10,16,2,9,0.0,0.08406893652795293,0,0,0,0.0,0
0,33043,10,11,9,1,0.0,0.08406893652795293,1,4,5,0.2,0
0,edge_274042_369692,10,0,0,-1,0.0,0.08406893652795293,3,3,6,0.5,0
0,edge_50608_52260,10,0,0,-1,0.0,0.08406893652795293,0,0,0,0.0,0
0,edge_120044_206567,10,0,0,-1,0.0,0.08406893652795293,0,4,4,0.0,1
0,268495,10,11,9,7,0.0,0.08406893652795293,0,0,0,0.0,0
0,103472,9,16,9,7,0.0,0.07566204287515763,0,1,1,0.0,1
0,293046,9,18,4,7,0.0,0.07566204287515763,0,0,0,0.0,0
0,121262,9,18,3,6,0.0,0.07566204287515763,0,0,0,0.0,0
0,106561,9,17,9,6,0.0,0.07566204287515763,0,0,0,0.0,0
0,191531,9,19,7,13,0.0,0.07566204287515763,0,0,0,0.0,0
0,334360,9,18,7,3,0.0,0.07566204287515763,1,1,2,0.5,0
0,233898,9,18,5,19,0.0,0.07566204287515763,0,0,0,0.0,0
0,55755,9,18,13,3,0.0,0.07566204287515763,0,0,0,0.0,0
0,32254,9,18,10,7,0.0,0.07566204287515763,0,0,0,0.0,0
0,211446,9,18,6,15,0.0,0.07566204287515763,0,0,0,0.0,0
0,237991,9,17,8,14,0.0,0.07566204287515763,0,0,0,0.0,0
0,233947,9,18,2,5,0.0,0.07566204287515763,0,0,0,0.0,0
0,4116,9,17,10,3,0.0,0.07566204287515763,0,0,0,0.0,0
0,29934,9,18,8,17,0.0,0.07566204287515763,0,0,0,0.0,0
0,114634,9,17,9,6,0.0,0.07566204287515763,0,0,0,0.0,0
0,edge_83136_83428,9,0,0,-1,0.0,0.07566204287515763,0,0,0,0.0,0
0,edge_123880_125170,9,0,0,-1,0.0,0.07566204287515763,5,3,8,0.625,0
0,edge_0_75503,9,0,0,-1,0.0,0.07566204287515763,1,5,6,0.16666666666666666,0
0,edge_233900_292483,9,0,0,-1,0.0,0.07566204287515763,0,0,0,0.0,0
0,edge_248691_251290,9,0,0,-1,0.0,0.07566204287515763,0,0,0,0.0,0
0,edge_49686_302463,9,0,0,-1,0.0,0.07566204287515763,0,0,0,0.0,0
0,79494,8,16,9,2,0.0,0.06725514922236234,1,2,3,0.3333333333333333,0
0,80892,8,16,8,10,0.0,0.06725514922236234,0,0,0,0.0,0
0,110291,8,13,9,5,0.0,0.06725514922236234,0,0,0,0.0,0
0,161140,8,15,10,2,0.0,0.06725514922236234,0,1,1,0.0,1
0,20301,8,15,9,5,0.0,0.06725514922236234,0,0,0,0.0,0
0,79544,8,16,3,8,0.0,0.06725514922236234,0,0,0,0.0,0
0,375413,8,16,3,2,0.0,0.06725514922236234,3,4,7,0.42857142857142855,0
0,50608,8,16,2,6,0.0,0.06725514922236234,0,0,0,0.0,0
0,145389,8,16,9,11,0.0,0.06725514922236234,0,0,0,0.0,0
0,194924,8,16,8,2,0.0,0.06725514922236234,0,0,0,0.0,0
0,53290,8,16,7,5,0.0,0.06725514922236234,0,0,0,0.0,0
0,120055,8,16,4,4,0.0,0.06725514922236234,0,0,0,0.0,0
0,12745,8,16,8,6,0.0,0.06725514922236234,0,0,0,0.0,0
0,252294,8,15,5,15,0.0,0.06725514922236234,0,0,0,0.0,0
0,98869,8,16,4,3,0.0,0.06725514922236234,0,0,0,0.0,0
0,258443,8,13,8,8,0.0,0.06725514922236234,0,0,0,0.0,0
0,167171,8,15,9,17,0.0,0.06725514922236234,0,0,0,0.0,0
0,360230,8,16,3,9,0.0,0.06725514922236234,0,0,0,0.0,0
0,106318,8,12,2,9,0.0,0.06725514922236234,0,0,0,0.0,0
0,302463,8,16,2,4,0.0,0.06725514922236234,0,0,0,0.0,0
0,269580,8,16,6,7,0.0,0.06725514922236234,0,0,0,0.0,0
0,220619,8,15,6,23,0.0,0.06725514922236234,0,0,0,0.0,0
0,92231,8,16,8,31,0.0,0.06725514922236234,0,0,0,0.0,0
0,97182,8,16,2,51,0.0,0.06725514922236234,0,0,0,0.0,0
0,198166,8,16,5,11,0.0,0.06725514922236234,0,0,0,0.0,0
0,edge_75503_123880,8,0,0,-1,0.0,0.06725514922236234,2,3,5,0.4,0
0,edge_121262_139877,8,0,0,-1,0.0,0.06725514922236234,0,0,0,0.0,0
0,120039,8,9,7,2,0.0,0.06725514922236234,0,0,0,0.0,0
0,edge_274042_339527,8,0,0,-1,0.0,0.06725514922236234,5,3,8,0.625,0
0,edge_75503_283834,8,0,0,-1,0.0,0.06725514922236234,4,3,7,0.5714285714285714,0
0,edge_292483_310564,8,0,0,-1,0.0,0.06725514922236234,0,0,0,0.0,0
0,edge_19193_23675,8,0,0,-1,0.0,0.06725514922236234,0,0,0,0.0,0
0,edge_175977_175978,8,0,0,-1,0.0,0.06725514922236234,0,0,0,0.0,0
0,edge_121614_243469,8,0,0,-1,0.0,0.06725514922236234,10,4,14,0.7142857142857143,0
0,edge_256503_360230,8,0,0,-1,0.0,0.06725514922236234,0,0,0,0.0,0
0,256503,8,8,3,9,0.0,0.06725514922236234,0,0,0,0.0,0
0,edge_97061_360229,8,0,0,-1,0.0,0.06725514922236234,0,0,0,0.0,0
0,90483,7,14,6,7,0.0,0.05884825556956705,0,0,0,0.0,0
0,183636,7,13,9,3,0.0,0.05884825556956705,1,2,3,0.3333333333333333,0
0,66969,7,14,2,10,0.0,0.05884825556956705,0,0,0,0.0,0
0,375412,7,14,3,2,0.0,0.05884825556956705,4,4,8,0.5,0
0,65390,7,14,8,2,0.0,0.05884825556956705,7,4,11,0.6363636363636364,0
0,410410,7,14,3,3,0.0,0.05884825556956705,0,1,1,0.0,1
0,74206,7,13,8,12,0.0,0.05884825556956705,0,0,0,0.0,0
0,edge_75503_254939,7,0,0,-1,0.0,0.05884825556956705,5,4,9,0.5555555555555556,0
0,59872,7,14,6,12,0.0,0.05884825556956705,0,0,0,0.0,0
0,54559,7,14,10,5,0.0,0.05884825556956705,0,0,0,0.0,0
0,240352,7,14,5,10,0.0,0.05884825556956705,0,0,0,0.0,0
0,31014,7,14,9,8,0.0,0.05884825556956705,0,0,0,0.0,0
0,103461,7,13,9,9,0.0,0.05884825556956705,0,0,0,0.0,0
0,408752,7,14,4,14,0.0,0.05884825556956705,0,0,0,0.0,0
0,420575,7,14,2,7,0.0,0.05884825556956705,0,0,0,0.0,0
0,250065,7,14,5,18,0.0,0.05884825556956705,0,0,0,0.0,0
0,283834,7,16,2,2,0.0,0.05884825556956705,4,3,7,0.5714285714285714,0
0,91552,7,14,8,6,0.0,0.05884825556956705,0,0,0,0.0,0
0,281499,7,14,6,14,0.0,0.05884825556956705,0,0,0,0.0,0
0,33403,7,13,9,5,0.0,0.05884825556956705,0,1,1,0.0,1
0,19196,7,13,8,3,0.0,0.05884825556956705,0,1,1,0.0,1
0,26059,7,12,9,14,0.0,0.05884825556956705,0,0,0,0.0,0
0,325936,7,12,7,9,0.0,0.05884825556956705,0,0,0,0.0,0
0,56422,7,14,7,8,0.0,0.05884825556956705,0,0,0,0.0,0
0,256258,7,14,3,3,0.0,0.05884825556956705,0,1,1,0.0,1
0,185939,7,14,5,3,0.0,0.05884825556956705,0,0,0,0.0,0
0,78778,7,14,5,8,0.0,0.05884825556956705,0,0,0,0.0,0
0,83844,7,14,5,10,0.0,0.05884825556956705,0,0,0,0.0,0
0,327256,7,14,7,18,0.0,0.05884825556956705,0,0,0,0.0,0
0,251290,7,14,2,9,0.0,0.05884825556956705,0,0,0,0.0,0
0,345786,7,13,4,8,0.0,0.05884825556956705,0,0,0,0.0,0
0,241173,7,14,5,8,0.0,0.05884825556956705,0,0,0,0.0,0
0,29930,7,14,8,3,0.0,0.05884825556956705,0,0,0,0.0,0
0,49613,7,11,7,3,0.0,0.05884825556956705,0,0,0,0.0,0
0,60389,7,14,2,4,0.0,0.05884825556956705,0,0,0,0.0,0
0,83428,7,9,2,19,0.0,0.05884825556956705,0,0,0,0.0,0
0,6722,7,14,7,21,0.0,0.05884825556956705,0,0,0,0.0,0
0,104333,7,14,9,26,0.0,0.05884825556956705,0,0,0,0.0,0
0,188711,7,11,3,33,0.0,0.05884825556956705,0,0,0,0.0,0
0,edge_121614_124002,7,0,0,-1,0.0,0.05884825556956705,3,3,6,0.5,0
0,edge_121614_271951,7,0,0,-1,0.0,0.05884825556956705,0,2,2,0.0,1
0,edge_124002_386544,7,0,0,-1,0.0,0.05884825556956705,3,2,5,0.6,0
0,edge_0_4519,7,0,0,-1,0.0,0.05884825556956705,0,4,4,0.0,1
0,edge_274042_283834,7,0,0,-1,0.0,0.05884825556956705,4,3,7,0.5714285714285714,0
0,edge_75503_413808,7,0,0,-1,0.0,0.05884825556956705,7,3,10,0.7,0
0,edge_75503_401379,7,0,0,-1,0.0,0.05884825556956705,6,4,10,0.6,0
0,193437,7,9,7,6,0.0,0.05884825556956705,0,0,0,0.0,0
0,edge_164448_422126,7,0,0,-1,0.0,0.05884825556956705,0,0,0,0.0,0
0,edge_233898_233900,7,0,0,-1,0.0,0.05884825556956705,0,0,0,0.0,0
0,edge_102805_108891,7,0,0,-1,0.0,0.05884825556956705,0,1,1,0.0,1
0,edge_120055_175977,7,0,0,-1,0.0,0.05884825556956705,0,0,0,0.0,0
0,238579,7,8,4,14,0.0,0.05884825556956705,0,0,0,0.0,0
0,12225,7,7,7,3,0.0,0.05884825556956705,3,3,6,0.5,0
0,edge_147255_256258,7,0,0,-1,0.0,0.05884825556956705,0,1,1,0.0,1
0,31607,7,7,3,4,0.0,0.05884825556956705,0,0,0,0.0,0
0,edge_32502_32503,7,0,0,-1,0.0,0.05884825556956705,0,0,0,0.0,0
0,edge_123880_254939,7,0,0,-1,0.0,0.05884825556956705,2,3,5,0.4,0
0,73001,7,7,7,9,0.0,0.05884825556956705,0,0,0,0.0,0
0,edge_124002_206567,7,0,0,-1,0.0,0.05884825556956705,1,2,3,0.3333333333333333,0
0,153587,7,7,10,7,0.0,0.05884825556956705,0,0,0,0.0,0
0,238991,7,7,9,3,0.0,0.05884825556956705,7,3,10,0.7,0
0,261606,6,11,4,8,0.0,0.05044136191677175,0,0,0,0.0,0
0,131037,6,12,5,12,0.0,0.05044136191677175,0,0,0,0.0,0
0,105237,6,12,5,5,0.0,0.05044136191677175,0,0,0,0.0,0
0,27466,6,11,7,3,0.0,0.05044136191677175,0,0,0,0.0,0
0,379674,6,10,5,6,0.0,0.05044136191677175,0,0,0,0.0,0
0,281367,6,12,3,19,0.0,0.05044136191677175,0,0,0,0.0,0
0,121621,6,12,5,18,0.0,0.05044136191677175,0,0,0,0.0,0
0,45852,6,12,7,3,0.0,0.05044136191677175,0,0,0,0.0,0
0,319609,6,10,7,6,0.0,0.05044136191677175,0,0,0,0.0,0
0,50034,6,12,10,2,0.0,0.05044136191677175,0,1,1,0.0,1
0,103354,6,12,6,2,0.0,0.05044136191677175,0,0,0,0.0,0
0,241354,6,12,3,2,0.0,0.05044136191677175,0,1,1,0.0,1
0,315206,6,12,3,4,0.0,0.05044136191677175,0,0,0,0.0,0
0,70304,6,12,5,7,0.0,0.05044136191677175,0,0,0,0.0,0
0,141364,6,10,3,7,0.0,0.05044136191677175,0,0,0,0.0,0
0,94749,6,11,8,3,0.0,0.05044136191677175,0,0,0,0.0,0
0,254939,6,7,2,2,0.0,0.05044136191677175,2,5,7,0.2857142857142857,0
0,53611,6,12,8,2,0.0,0.05044136191677175,0,1,1,0.0,1
0,2165,6,12,7,12,0.0,0.05044136191677175,0,0,0,0.0,0
0,52049,6,10,6,23,0.0,0.05044136191677175,0,0,0,0.0,0
0,49181,6,11,8,24,0.0,0.05044136191677175,0,0,0,0.0,0
0,346600,6,12,4,3,0.0,0.05044136191677175,0,0,0,0.0,0
0,331468,6,12,3,4,0.0,0.05044136191677175,0,0,0,0.0,0
0,58644,6,11,7,3,0.0,0.05044136191677175,0,0,0,0.0,0
0,275761,6,10,3,4,0.0,0.05044136191677175,0,0,0,0.0,0
0,80743,6,11,8,2,0.0,0.05044136191677175,0,1,1,0.0,1
0,359680,6,12,6,6,0.0,0.05044136191677175,0,0,0,0.0,0
0,114201,6,12,6,9,0.0,0.05044136191677175,0,0,0,0.0,0
0,60491,6,12,6,11,0.0,0.05044136191677175,0,0,0,0.0,0
0,270659,6,14,4,3,0.0,0.05044136191677175,2,1,3,0.6666666666666666,0
0,345294,6,11,6,3,0.0,0.05044136191677175,0,0,0,0.0,0
0,42329,6,12,4,3,0.0,0.05044136191677175,0,0,0,0.0,0
0,21209,6,12,7,5,0.0,0.05044136191677175,0,0,0,0.0,0
0,164448,6,12,3,6,0.0,0.05044136191677175,0,0,0,0.0,0
0,308943,6,12,7,15,0.0,0.05044136191677175,0,0,0,0.0,0
0,270884,6,12,5,7,0.0,0.05044136191677175,0,0,0,0.0,0
0,34807,6,12,12,8,0.0,0.05044136191677175,0,0,0,0.0,0
0,87278,6,12,5,16,0.0,0.05044136191677175,0,0,0,0.0,0
0,73986,6,12,7,13,0.0,0.05044136191677175,0,0,0,0.0,0
0,36918,6,9,8,3,0.0,0.05044136191677175,0,0,0,0.0,0
0,edge_233900_385508,6,0,0,-1,0.0,0.05044136191677175,0,0,0,0.0,0
0,310564,6,12,3,19,0.0,0.05044136191677175,0,0,0,0.0,0
0,174298,6,12,3,3,0.0,0.05044136191677175,0,0,0,0.0,0
0,166176,6,12,3,3,0.0,0.05044136191677175,0,0,0,0.0,0
0,253946,6,12,6,17,0.0,0.05044136191677175,0,0,0,0.0,0
0,49362,6,11,8,16,0.0,0.05044136191677175,0,0,0,0.0,0
0,55854,6,12,8,11,0.0,0.05044136191677175,0,0,0,0.0,0
0,19193,6,12,1,17,0.0,0.05044136191677175,0,0,0,0.0,0
0,69836,6,12,2,5,0.0,0.05044136191677175,0,0,0,0.0,0
0,199624,6,12,7,5,0.0,0.05044136191677175,0,0,0,0.0,0
0,76126,6,11,6,6,0.0,0.05044136191677175,0,0,0,0.0,0
0,113157,6,12,3,8,0.0,0.05044136191677175,0,0,0,0.0,0
0,130069,6,12,4,10,0.0,0.05044136191677175,0,0,0,0.0,0
0,113907,6,12,5,14,0.0,0.05044136191677175,0,0,0,0.0,0
0,199365,6,12,5,3,0.0,0.05044136191677175,0,1,1,0.0,1
0,161584,6,12,5,2,0.0,0.05044136191677175,1,2,3,0.3333333333333333,0
0,6786,6,12,8,3,0.0,0.05044136191677175,0,0,0,0.0,0
0,13214,6,11,6,8,0.0,0.05044136191677175,0,0,0,0.0,0
0,93781,6,12,7,3,0.0,0.05044136191677175,0,1,1,0.0,1
0,332036,6,12,2,4,0.0,0.05044136191677175,0,0,0,0.0,0
0,40876,6,12,4,7,0.0,0.05044136191677175,0,0,0,0.0,0
0,205929,6,12,5,8,0.0,0.05044136191677175,0,0,0,0.0,0
0,205007,6,12,2,8,0.0,0.05044136191677175,0,0,0,0.0,0
0,edge_97061_403703,6,0,0,-1,0.0,0.05044136191677175,0,0,0,0.0,0
0,128257,6,12,3,9,0.0,0.05044136191677175,0,0,0,0.0,0
0,322344,6,11,4,6,0.0,0.05044136191677175,0,0,0,0.0,0
0,edge_49686_293442,6,0,0,-1,0.0,0.05044136191677175,0,0,0,0.0,0
0,23429,6,12,6,4,0.0,0.05044136191677175,0,0,0,0.0,0
0,162238,6,12,6,7,0.0,0.05044136191677175,0,0,0,0.0,0
0,206147,6,12,6,37,0.0,0.05044136191677175,0,0,0,0.0,0
0,289826,6,12,6,43,0.0,0.05044136191677175,0,0,0,0.0,0
0,edge_101215_375412,6,0,0,-1,0.0,0.05044136191677175,3,3,6,0.5,0
0,edge_121614_121615,6,0,0,-1,0.0,0.05044136191677175,1,1,2,0.5,0
0,edge_244737_360948,6,0,0,-1,0.0,0.05044136191677175,3,2,5,0.6,0
0,edge_124002_244737,6,0,0,-1,0.0,0.05044136191677175,10,4,14,0.7142857142857143,0
0,edge_244737_386544,6,0,0,-1,0.0,0.05044136191677175,5,3,8,0.625,0
0,edge_124002_147255,6,0,0,-1,0.0,0.05044136191677175,1,2,3,0.3333333333333333,0
0,edge_105237_121262,6,0,0,-1,0.0,0.05044136191677175,0,0,0,0.0,0
0,90169,6,7,7,5,0.0,0.05044136191677175,0,1,1,0.0,1
0,edge_35367_274042,6,0,0,-1,0.0,0.05044136191677175,0,4,4,0.0,1
0,edge_12600_66969,6,0,0,-1,0.0,0.05044136191677175,0,0,0,0.0,0
0,edge_48610_223093,6,0,0,-1,0.0,0.05044136191677175,0,0,0,0.0,0
0,edge_65390_101215,6,0,0,-1,0.0,0.05044136191677175,4,3,7,0.5714285714285714,0
0,edge_375412_375413,6,0,0,-1,0.0,0.05044136191677175,4,4,8,0.5,0
0,edge_65390_375413,6,0,0,-1,0.0,0.05044136191677175,0,3,3,0.0,1
0,edge_23073_274042,6,0,0,-1,0.0,0.05044136191677175,0,0,0,0.0,0
0,edge_75503_369692,6,0,0,-1,0.0,0.05044136191677175,0,1,1,0.0,1
0,edge_75322_84203,6,0,0,-1,0.0,0.05044136191677175,2,2,4,0.5,0
0,41345,6,6,6,3,0.0,0.05044136191677175,0,1,1,0.0,1
0,edge_270659_406312,6,0,0,-1,0.0,0.05044136191677175,3,1,4,0.75,0
0,edge_164448_420575,6,0,0,-1,0.0,0.05044136191677175,0,0,0,0.0,0
0,edge_395_182400,6,0,0,-1,0.0,0.05044136191677175,0,0,0,0.0,0
0,211447,6,6,7,15,0.0,0.05044136191677175,0,0,0,0.0,0
0,edge_118961_241671,6,0,0,-1,0.0,0.05044136191677175,0,0,0,0.0,0
0,edge_415852_425068,6,0,0,-1,0.0,0.05044136191677175,0,0,0,0.0,0
0,edge_205929_211364,6,0,0,-1,0.0,0.05044136191677175,0,0,0,0.0,0
0,edge_205007_211364,6,0,0,-1,0.0,0.05044136191677175,0,0,0,0.0,0
0,edge_97061_106318,6,0,0,-1,0.0,0.05044136191677175,0,0,0,0.0,0
0,edge_49686_303148,6,0,0,-1,0.0,0.05044136191677175,0,0,0,0.0,0
0,edge_363914_369220,6,0,0,-1,0.0,0.05044136191677175,0,0,0,0.0,0
0,edge_97182_97183,6,0,0,-1,0.0,0.05044136191677175,0,0,0,0.0,0
0,86188,5,10,5,13,0.0,0.042034468263976464,0,0,0,0.0,0
0,139877,5,10,1,7,0.0,0.042034468263976464,0,0,0,0.0,0
0,41715,5,9,5,6,0.0,0.042034468263976464,0,0,0,0.0,0
0,35898,5,10,6,6,0.0,0.042034468263976464,0,0,0,0.0,0
0,166854,5,10,7,18,0.0,0.042034468263976464,0,0,0,0.0,0
0,28921,5,10,7,3,0.0,0.042034468263976464,0,0,0,0.0,0
0,153778,5,10,6,4,0.0,0.042034468263976464,0,0,0,0.0,0
0,86133,5,9,6,3,0.0,0.042034468263976464,0,0,0,0.0,0
0,349868,5,10,4,13,0.0,0.042034468263976464,0,0,0,0.0,0
0,286957,5,10,3,3,0.0,0.042034468263976464,0,0,0,0.0,0
0,291362,5,10,3,5,0.0,0.042034468263976464,0,0,0,0.0,0
0,188793,5,10,5,22,0.0,0.042034468263976464,0,0,0,0.0,0
0,326434,5,10,4,10,0.0,0.042034468263976464,0,0,0,0.0,0
0,101915,5,10,7,10,0.0,0.042034468263976464,0,0,0,0.0,0
0,379551,5,10,3,2,0.0,0.042034468263976464,0,1,1,0.0,1
0,373853,5,10,2,8,0.0,0.042034468263976464,0,0,0,0.0,0
0,182241,5,9,7,17,0.0,0.042034468263976464,0,0,0,0.0,0
0,248122,5,10,4,18,0.0,0.042034468263976464,0,0,0,0.0,0
0,63726,5,10,6,19,0.0,0.042034468263976464,0,0,0,0.0,0
0,42266,5,12,6,8,0.0,0.042034468263976464,0,0,0,0.0,0
0,53885,5,10,8,3,0.0,0.042034468263976464,0,0,0,0.0,0
0,9304,5,12,4,10,0.0,0.042034468263976464,0,0,0,0.0,0
0,4272,5,10,6,3,0.0,0.042034468263976464,0,0,0,0.0,0
0,2815,5,10,6,4,0.0,0.042034468263976464,0,0,0,0.0,0
0,132604,5,9,5,5,0.0,0.042034468263976464,0,0,0,0.0,0
0,143461,5,9,5,4,0.0,0.042034468263976464,0,0,0,0.0,0
0,246401,5,10,5,13,0.0,0.042034468263976464,0,0,0,0.0,0
0,34834,5,10,2,9,0.0,0.042034468263976464,0,0,0,0.0,0
0,33064,5,10,8,6,0.0,0.042034468263976464,0,0,0,0.0,0
0,133847,5,8,4,6,0.0,0.042034468263976464,0,0,0,0.0,0
0,113057,5,9,4,14,0.0,0.042034468263976464,0,0,0,0.0,0
0,181200,5,9,5,10,0.0,0.042034468263976464,0,0,0,0.0,0
0,168999,5,10,6,8,0.0,0.042034468263976464,0,0,0,0.0,0
0,247282,5,9,6,7,0.0,0.042034468263976464,0,0,0,0.0,0
0,100111,5,8,6,8,0.0,0.042034468263976464,0,0,0,0.0,0
0,71074,5,10,6,6,0.0,0.042034468263976464,0,0,0,0.0,0
0,254230,5,10,3,18,0.0,0.042034468263976464,0,0,0,0.0,0
0,206372,5,8,7,9,0.0,0.042034468263976464,0,0,0,0.0,0
0,333805,5,10,6,9,0.0,0.042034468263976464,0,0,0,0.0,0
0,266572,5,10,2,9,0.0,0.042034468263976464,0,0,0,0.0,0
0,13038,5,10,6,2,0.0,0.042034468263976464,3,4,7,0.42857142857142855,0
0,79218,5,10,5,9,0.0,0.042034468263976464,0,0,0,0.0,0
0,44876,5,10,7,19,0.0,0.042034468263976464,0,0,0,0.0,0
0,edge_183156_203494,5,0,0,-1,0.0,0.042034468263976464,0,0,0,0.0,0
0,108891,5,10,2,3,0.0,0.042034468263976464,0,1,1,0.0,1
0,215179,5,10,3,2,0.0,0.042034468263976464,0,0,0,0.0,0
0,182400,5,10,3,15,0.0,0.042034468263976464,0,0,0,0.0,0
0,23948,5,9,4,7,0.0,0.042034468263976464,0,0,0,0.0,0
0,98162,5,10,6,4,0.0,0.042034468263976464,0,0,0,0.0,0
0,78711,5,10,5,6,0.0,0.042034468263976464,0,0,0,0.0,0
0,28188,5,9,5,8,0.0,0.042034468263976464,0,0,0,0.0,0
0,138877,5,10,7,10,0.0,0.042034468263976464,0,0,0,0.0,0
0,276689,5,9,5,9,0.0,0.042034468263976464,0,0,0,0.0,0
0,226696,5,9,4,5,0.0,0.042034468263976464,0,0,0,0.0,0
0,52179,5,9,4,4,0.0,0.042034468263976464,6,1,7,0.8571428571428571,0
0,85091,5,9,5,3,0.0,0.042034468263976464,0,1,1,0.0,1
0,77762,5,8,8,7,0.0,0.042034468263976464,0,1,1,0.0,1
0,38847,5,10,5,9,0.0,0.042034468263976464,0,0,0,0.0,0
0,129574,5,10,6,11,0.0,0.042034468263976464,0,0,0,0.0,0
0,196580,5,10,6,17,0.0,0.042034468263976464,0,0,0,0.0,0
0,359000,5,10,3,2,0.0,0.042034468263976464,0,1,1,0.0,1
0,396754,5,9,3,3,0.0,0.042034468263976464,0,0,0,0.0,0
0,283977,5,10,3,4,0.0,0.042034468263976464,0,0,0,0.0,0
0,99958,5,10,5,12,0.0,0.042034468263976464,0,0,0,0.0,0
0,32502,5,10,4,18,0.0,0.042034468263976464,0,0,0,0.0,0
0,257164,5,10,4,16,0.0,0.042034468263976464,0,0,0,0.0,0
0,425068,5,10,2,3,0.0,0.042034468263976464,0,0,0,0.0,0
0,415852,5,10,2,4,0.0,0.042034468263976464,0,0,0,0.0,0
0,259294,5,10,3,13,0.0,0.042034468263976464,0,0,0,0.0,0
0,424142,5,10,2,19,0.0,0.042034468263976464,0,0,0,0.0,0
0,236745,5,10,3,19,0.0,0.042034468263976464,0,0,0,0.0,0
0,132556,5,10,8,6,0.0,0.042034468263976464,0,0,0,0.0,0
0,edge_106318_111206,5,0,0,-1,0.0,0.042034468263976464,0,0,0,0.0,0
0,248691,5,10,1,10,0.0,0.042034468263976464,0,0,0,0.0,0
0,233681,5,10,4,8,0.0,0.042034468263976464,0,0,0,0.0,0
0,19746,5,10,6,13,0.0,0.042034468263976464,0,0,0,0.0,0
0,67062,5,10,7,7,0.0,0.042034468263976464,0,0,0,0.0,0
0,32635,5,9,5,4,0.0,0.042034468263976464,0,1,1,0.0,1
0,363914,5,12,2,25,0.0,0.042034468263976464,0,0,0,0.0,0
0,193000,5,9,6,3,0.0,0.042034468263976464,0,0,0,0.0,0
0,90174,5,9,5,9,0.0,0.042034468263976464,0,0,0,0.0,0
0,83136,5,6,3,18,0.0,0.042034468263976464,0,0,0,0.0,0
0,379124,5,7,4,25,0.0,0.042034468263976464,0,0,0,0.0,0
0,edge_183747_188711,5,0,0,-1,0.0,0.042034468263976464,0,0,0,0.0,0
0,272771,5,9,4,10,0.0,0.042034468263976464,0,0,0,0.0,0
0,279751,5,9,7,10,0.0,0.042034468263976464,0,0,0,0.0,0
0,43663,5,10,4,13,0.0,0.042034468263976464,0,0,0,0.0,0
0,323665,5,10,5,9,0.0,0.042034468263976464,0,0,0,0.0,0
0,284566,5,9,5,10,0.0,0.042034468263976464,0,0,0,0.0,0
0,edge_33971_101215,5,0,0,-1,0.0,0.042034468263976464,1,1,2,0.5,0
0,edge_78702_219793,5,0,0,-1,0.0,0.042034468263976464,0,0,0,0.0,0
0,edge_103473_279324,5,0,0,-1,0.0,0.042034468263976464,0,0,0,0.0,0
0,edge_90483_293046,5,0,0,-1,0.0,0.042034468263976464,0,0,0,0.0,0
0,edge_120044_240272,5,0,0,-1,0.0,0.042034468263976464,0,0,0,0.0,0
0,edge_120044_250519,5,0,0,-1,0.0,0.042034468263976464,0,2,2,0.0,1
0,edge_65297_75503,5,0,0,-1,0.0,0.042034468263976464,0,3,3,0.0,1
0,edge_124002_161584,5,0,0,-1,0.0,0.042034468263976464,0,2,2,0.0,1
0,244737,5,5,4,2,0.0,0.042034468263976464,10,4,14,0.7142857142857143,0
0,edge_124002_243469,5,0,0,-1,0.0,0.042034468263976464,5,3,8,0.625,0
0,edge_35367_369692,5,0,0,-1,0.0,0.042034468263976464,1,2,3,0.3333333333333333,0
0,edge_75503_274042,5,0,0,-1,0.0,0.042034468263976464,1,3,4,0.25,0
0,edge_79544_269774,5,0,0,-1,0.0,0.042034468263976464,0,0,0,0.0,0
0,edge_120044_124002,5,0,0,-1,0.0,0.042034468263976464,2,1,3,0.6666666666666666,0
0,edge_102805_369692,5,0,0,-1,0.0,0.042034468263976464,0,1,1,0.0,1
0,edge_123880_274042,5,0,0,-1,0.0,0.042034468263976464,3,3,6,0.5,0
0,48965,5,5,5,11,0.0,0.042034468263976464,0,0,0,0.0,0
0,255249,5,7,5,25,0.0,0.042034468263976464,0,0,0,0.0,0
0,edge_123880_287903,5,0,0,-1,0.0,0.042034468263976464,1,2,3,0.3333333333333333,0
0,233099,5,6,6,4,0.0,0.042034468263976464,0,0,0,0.0,0
0,edge_81356_316245,5,0,0,-1,0.0,0.042034468263976464,0,0,0,0.0,0
0,edge_250519_306592,5,0,0,-1,0.0,0.042034468263976464,0,0,0,0.0,0
0,edge_250519_345522,5,0,0,-1,0.0,0.042034468263976464,1,1,2,0.5,0
0,edge_408751_408752,5,0,0,-1,0.0,0.042034468263976464,0,0,0,0.0,0
0,edge_112871_373853,5,0,0,-1,0.0,0.042034468263976464,0,0,0,0.0,0
0,edge_120039_223135,5,0,0,-1,0.0,0.042034468263976464,0,0,0,0.0,0
0,65297,5,6,5,2,0.0,0.042034468263976464,1,4,5,0.2,0
0,edge_50034_425505,5,0,0,-1,0.0,0.042034468263976464,0,0,0,0.0,0
0,27683,5,5,7,12,0.0,0.042034468263976464,0,0,0,0.0,0
0,233901,5,5,2,19,0.0,0.042034468263976464,0,0,0,0.0,0
0,edge_162643_174298,5,0,0,-1,0.0,0.042034468263976464,0,0,0,0.0,0
0,edge_189625_266572,5,0,0,-1,0.0,0.042034468263976464,0,0,0,0.0,0
0,edge_75503_209900,5,0,0,-1,0.0,0.042034468263976464,1,4,5,0.2,0
0,edge_102805_209900,5,0,0,-1,0.0,0.042034468263976464,0,1,1,0.0,1
0,edge_30976_71219,5,0,0,-1,0.0,0.042034468263976464,0,0,0,0.0,0
0,281953,5,5,5,5,0.0,0.042034468263976464,0,0,0,0.0,0
0,377963,5,5,2,5,0.0,0.042034468263976464,0,0,0,0.0,0
0,edge_32254_154352,5,0,0,-1,0.0,0.042034468263976464,0,0,0,0.0,0
0,edge_42625_148712,5,0,0,-1,0.0,0.042034468263976464,0,0,0,0.0,0
0,edge_31607_233947,5,0,0,-1,0.0,0.042034468263976464,0,0,0,0.0,0
0,edge_185939_270435,5,0,0,-1,0.0,0.042034468263976464,0,0,0,0.0,0
0,edge_38256_387966,5,0,0,-1,0.0,0.042034468263976464,0,0,0,0.0,0
0,edge_327256_424142,5,0,0,-1,0.0,0.042034468263976464,0,0,0,0.0,0
0,120859,5,5,3,21,0.0,0.042034468263976464,0,0,0,0.0,0
0,edge_97061_205007,5,0,0,-1,0.0,0.042034468263976464,0,0,0,0.0,0
0,edge_97061_251290,5,0,0,-1,0.0,0.042034468263976464,0,0,0,0.0,0
0,edge_97061_128255,5,0,0,-1,0.0,0.042034468263976464,0,0,0,0.0,0
0,edge_232981_335480,5,0,0,-1,0.0,0.042034468263976464,0,0,0,0.0,0
0,edge_303148_406080,5,0,0,-1,0.0,0.042034468263976464,0,0,0,0.0,0
0,edge_19689_20283,5,0,0,-1,0.0,0.042034468263976464,0,0,0,0.0,0
0,edge_23429_172449,5,0,0,-1,0.0,0.042034468263976464,0,0,0,0.0,0
0,16241,5,6,6,5,0.0,0.042034468263976464,0,0,0,0.0,0
0,edge_15483_60389,5,0,0,-1,0.0,0.042034468263976464,0,0,0,0.0,0
0,103473,4,8,5,8,0.0,0.03362757461118117,0,0,0,0.0,0
0,293047,4,8,3,7,0.0,0.03362757461118117,0,0,0,0.0,0
0,13446,4,7,5,6,0.0,0.03362757461118117,0,0,0,0.0,0
0,305798,4,8,2,11,0.0,0.03362757461118117,0,0,0,0.0,0
0,40615,4,8,5,22,0.0,0.03362757461118117,0,0,0,0.0,0
0,370899,4,8,3,23,0.0,0.03362757461118117,0,0,0,0.0,0
0,125170,4,8,2,2,0.0,0.03362757461118117,2,3,5,0.4,0
0,116531,4,8,7,4,0.0,0.03362757461118117,0,0,0,0.0,0
0,151107,4,8,5,3,0.0,0.03362757461118117,0,0,0,0.0,0
0,87357,4,6,4,6,0.0,0.03362757461118117,0,0,0,0.0,0
0,36646,4,8,5,5,0.0,0.03362757461118117,0,1,1,0.0,1
0,223093,4,8,1,14,0.0,0.03362757461118117,0,0,0,0.0,0
0,239564,4,8,2,10,0.0,0.03362757461118117,0,0,0,0.0,0
0,87461,4,8,6,11,0.0,0.03362757461118117,0,0,0,0.0,0
0,299919,4,8,3,12,0.0,0.03362757461118117,0,0,0,0.0,0
0,309914,4,8,4,8,0.0,0.03362757461118117,0,0,0,0.0,0
0,35816,4,8,5,6,0.0,0.03362757461118117,0,0,0,0.0,0
0,345754,4,8,2,3,0.0,0.03362757461118117,0,0,0,0.0,0
0,259736,4,8,3,2,0.0,0.03362757461118117,0,0,0,0.0,0
0,163786,4,8,5,7,0.0,0.03362757461118117,0,0,0,0.0,0
0,84820,4,8,3,4,0.0,0.03362757461118117,0,0,0,0.0,0
0,86314,4,8,6,10,0.0,0.03362757461118117,0,0,0,0.0,0
0,180870,4,8,5,7,0.0,0.03362757461118117,0,0,0,0.0,0
0,231824,4,7,5,7,0.0,0.03362757461118117,0,0,0,0.0,0
0,231823,4,8,4,8,0.0,0.03362757461118117,0,0,0,0.0,0
0,6794,4,8,6,2,0.0,0.03362757461118117,0,0,0,0.0,0
0,122422,4,8,5,13,0.0,0.03362757461118117,0,0,0,0.0,0
0,405661,4,8,4,7,0.0,0.03362757461118117,0,0,0,0.0,0
0,77374,4,8,6,5,0.0,0.03362757461118117,0,0,0,0.0,0
0,54417,4,7,5,7,0.0,0.03362757461118117,0,0,0,0.0,0
0,60130,4,7,4,9,0.0,0.03362757461118117,0,0,0,0.0,0
0,39969,4,8,4,15,0.0,0.03362757461118117,0,0,0,0.0,0
0,86405,4,8,5,29,0.0,0.03362757461118117,0,0,0,0.0,0
0,73512,4,8,5,2,0.0,0.03362757461118117,0,2,2,0.0,1
0,4699,4,7,5,4,0.0,0.03362757461118117,0,0,0,0.0,0
0,107325,4,8,5,4,0.0,0.03362757461118117,0,1,1,0.0,1
0,30382,4,8,5,3,0.0,0.03362757461118117,0,0,0,0.0,0
0,23836,4,8,5,5,0.0,0.03362757461118117,0,0,0,0.0,0
0,316245,4,8,1,4,0.0,0.03362757461118117,0,0,0,0.0,0
0,143451,4,8,5,3,0.0,0.03362757461118117,0,2,2,0.0,1
0,52260,4,8,2,6,0.0,0.03362757461118117,0,0,0,0.0,0
0,215566,4,8,7,6,0.0,0.03362757461118117,0,0,0,0.0,0
0,326139,4,8,5,8,0.0,0.03362757461118117,0,0,0,0.0,0
0,30406,4,8,3,11,0.0,0.03362757461118117,0,0,0,0.0,0
0,95539,4,8,5,10,0.0,0.03362757461118117,0,0,0,0.0,0
0,44785,4,8,2,9,0.0,0.03362757461118117,0,0,0,0.0,0
0,306592,4,8,2,3,0.0,0.03362757461118117,0,0,0,0.0,0
0,345522,4,8,1,3,0.0,0.03362757461118117,0,1,1,0.0,1
0,116793,4,8,5,9,0.0,0.03362757461118117,0,0,0,0.0,0
0,115586,4,7,5,14,0.0,0.03362757461118117,0,0,0,0.0,0
0,2836,4,8,5,4,0.0,0.03362757461118117,0,1,1,0.0,1
0,83939,4,8,3,4,0.0,0.03362757461118117,0,0,0,0.0,0
0,102764,4,8,4,4,0.0,0.03362757461118117,0,0,0,0.0,0
0,30626,4,8,5,6,0.0,0.03362757461118117,0,0,0,0.0,0
0,24021,4,8,6,3,0.0,0.03362757461118117,0,0,0,0.0,0
0,200304,4,8,3,11,0.0,0.03362757461118117,0,0,0,0.0,0
0,49866,4,8,4,4,0.0,0.03362757461118117,0,0,0,0.0,0
0,19120,4,8,5,10,0.0,0.03362757461118117,0,0,0,0.0,0
0,265086,4,8,4,3,0.0,0.03362757461118117,0,0,0,0.0,0
0,425505,4,8,1,3,0.0,0.03362757461118117,0,0,0,0.0,0
0,150455,4,8,3,15,0.0,0.03362757461118117,0,0,0,0.0,0
0,349585,4,8,2,13,0.0,0.03362757461118117,0,0,0,0.0,0
0,56619,4,7,6,11,0.0,0.03362757461118117,0,0,0,0.0,0
0,8881,4,8,7,4,0.0,0.03362757461118117,0,0,0,0.0,0
0,300561,4,8,3,7,0.0,0.03362757461118117,0,0,0,0.0,0
0,199846,4,8,3,12,0.0,0.03362757461118117,0,0,0,0.0,0
0,15348,4,7,5,9,0.0,0.03362757461118117,0,0,0,0.0,0
0,106256,4,8,4,3,0.0,0.03362757461118117,0,0,0,0.0,0
0,83588,4,7,5,4,0.0,0.03362757461118117,0,0,0,0.0,0
0,155429,4,8,2,5,0.0,0.03362757461118117,0,0,0,0.0,0
0,72302,4,8,3,11,0.0,0.03362757461118117,0,0,0,0.0,0
0,95058,4,8,5,13,0.0,0.03362757461118117,0,0,0,0.0,0
0,129959,4,9,5,12,0.0,0.03362757461118117,0,0,0,0.0,0
0,73056,4,6,3,7,0.0,0.03362757461118117,0,0,0,0.0,0
0,77903,4,6,4,13,0.0,0.03362757461118117,0,0,0,0.0,0
0,71798,4,8,5,17,0.0,0.03362757461118117,0,0,0,0.0,0
0,108089,4,8,6,2,0.0,0.03362757461118117,0,0,0,0.0,0
0,405147,4,8,3,16,0.0,0.03362757461118117,0,0,0,0.0,0
0,48802,4,8,4,3,0.0,0.03362757461118117,4,1,5,0.8,0
0,249010,4,8,2,18,0.0,0.03362757461118117,0,0,0,0.0,0
0,40864,4,6,5,11,0.0,0.03362757461118117,0,0,0,0.0,0
0,6939,4,8,5,12,0.0,0.03362757461118117,0,0,0,0.0,0
0,234716,4,8,6,18,0.0,0.03362757461118117,0,0,0,0.0,0
0,203494,4,5,1,20,0.0,0.03362757461118117,0,0,0,0.0,0
0,53291,4,7,3,6,0.0,0.03362757461118117,0,0,0,0.0,0
0,53289,4,6,2,6,0.0,0.03362757461118117,0,0,0,0.0,0
0,30976,4,8,4,7,0.0,0.03362757461118117,0,0,0,0.0,0
0,155227,4,8,3,6,0.0,0.03362757461118117,0,0,0,0.0,0
0,17108,4,8,6,9,0.0,0.03362757461118117,0,0,0,0.0,0
0,23675,4,6,2,16,0.0,0.03362757461118117,0,0,0,0.0,0
0,39271,4,6,5,6,0.0,0.03362757461118117,2,1,3,0.6666666666666666,0
0,143464,4,8,4,4,0.0,0.03362757461118117,0,0,0,0.0,0
0,214766,4,8,3,4,0.0,0.03362757461118117,0,1,1,0.0,1
0,23946,4,8,3,7,0.0,0.03362757461118117,0,0,0,0.0,0
0,154352,4,8,1,8,0.0,0.03362757461118117,0,0,0,0.0,0
0,80574,4,8,5,5,0.0,0.03362757461118117,0,0,0,0.0,0
0,93111,4,8,5,6,0.0,0.03362757461118117,0,0,0,0.0,0
0,91100,4,8,5,7,0.0,0.03362757461118117,0,0,0,0.0,0
0,84692,4,7,5,12,0.0,0.03362757461118117,0,0,0,0.0,0
0,314598,4,8,5,11,0.0,0.03362757461118117,0,0,0,0.0,0
0,142150,4,7,5,10,0.0,0.03362757461118117,0,0,0,0.0,0
0,205177,4,8,3,6,0.0,0.03362757461118117,0,0,0,0.0,0
0,edge_118961_139649,4,0,0,-1,0.0,0.03362757461118117,0,0,0,0.0,0
0,67191,4,8,5,4,0.0,0.03362757461118117,0,0,0,0.0,0
0,133516,4,8,5,8,0.0,0.03362757461118117,0,0,0,0.0,0
0,103133,4,7,5,2,0.0,0.03362757461118117,0,0,0,0.0,0
0,57384,4,6,4,5,0.0,0.03362757461118117,0,0,0,0.0,0
0,270435,4,8,1,4,0.0,0.03362757461118117,0,0,0,0.0,0
0,105234,4,7,6,3,0.0,0.03362757461118117,0,0,0,0.0,0
0,387966,4,7,2,4,0.0,0.03362757461118117,0,0,0,0.0,0
0,26789,4,8,6,10,0.0,0.03362757461118117,0,0,0,0.0,0
0,257162,4,8,4,16,0.0,0.03362757461118117,0,0,0,0.0,0
0,edge_29935_32503,4,0,0,-1,0.0,0.03362757461118117,0,0,0,0.0,0
0,257163,4,7,4,16,0.0,0.03362757461118117,0,0,0,0.0,0
0,66904,4,8,4,9,0.0,0.03362757461118117,0,0,0,0.0,0
0,24871,4,6,5,6,0.0,0.03362757461118117,0,0,0,0.0,0
0,286307,4,8,6,13,0.0,0.03362757461118117,0,0,0,0.0,0
0,100282,4,8,4,10,0.0,0.03362757461118117,0,0,0,0.0,0
0,275402,4,7,6,4,0.0,0.03362757461118117,0,0,0,0.0,0
0,15556,4,8,5,5,0.0,0.03362757461118117,0,0,0,0.0,0
0,206580,4,7,6,5,0.0,0.03362757461118117,0,0,0,0.0,0
0,277170,4,7,5,15,0.0,0.03362757461118117,0,0,0,0.0,0
0,86112,4,8,3,11,0.0,0.03362757461118117,0,0,0,0.0,0
0,39492,4,8,5,10,0.0,0.03362757461118117,0,0,0,0.0,0
0,215317,4,8,6,6,0.0,0.03362757461118117,0,0,0,0.0,0
0,165922,4,7,4,8,0.0,0.03362757461118117,0,0,0,0.0,0
0,328959,4,8,2,7,0.0,0.03362757461118117,0,0,0,0.0,0
0,292286,4,8,3,5,0.0,0.03362757461118117,0,0,0,0.0,0
0,75322,4,8,2,2,0.0,0.03362757461118117,0,2,2,0.0,1
0,83754,4,8,5,15,0.0,0.03362757461118117,0,0,0,0.0,0
0,117551,4,8,4,3,0.0,0.03362757461118117,0,1,1,0.0,1
0,104933,4,8,4,5,0.0,0.03362757461118117,0,0,0,0.0,0
0,332470,4,6,2,7,0.0,0.03362757461118117,0,0,0,0.0,0
0,87289,4,8,6,8,0.0,0.03362757461118117,0,0,0,0.0,0
0,62579,4,8,3,14,0.0,0.03362757461118117,0,0,0,0.0,0
0,14345,4,7,5,5,0.0,0.03362757461118117,0,0,0,0.0,0
0,31553,4,8,4,18,0.0,0.03362757461118117,0,0,0,0.0,0
0,edge_379124_379126,4,0,0,-1,0.0,0.03362757461118117,0,0,0,0.0,0
0,186522,4,6,4,28,0.0,0.03362757461118117,0,0,0,0.0,0
0,188710,4,8,4,32,0.0,0.03362757461118117,0,0,0,0.0,0
0,97183,4,7,5,50,0.0,0.03362757461118117,0,0,0,0.0,0
0,65360,4,8,5,3,0.0,0.03362757461118117,0,1,1,0.0,1
0,76526,4,7,6,7,0.0,0.03362757461118117,0,0,0,0.0,0
0,194246,4,7,5,12,0.0,0.03362757461118117,0,0,0,0.0,0
0,57012,4,8,6,2,0.0,0.03362757461118117,1,1,2,0.5,0
0,edge_90483_411602,4,0,0,-1,0.0,0.03362757461118117,0,0,0,0.0,0
0,edge_293046_293047,4,0,0,-1,0.0,0.03362757461118117,0,0,0,0.0,0
0,edge_124002_271951,4,0,0,-1,0.0,0.03362757461118117,0,3,3,0.0,1
0,edge_22862_173667,4,0,0,-1,0.0,0.03362757461118117,0,0,0,0.0,0
0,342183,4,4,3,11,0.0,0.03362757461118117,0,0,0,0.0,0
0,edge_39158_66969,4,0,0,-1,0.0,0.03362757461118117,0,0,0,0.0,0
0,edge_68686_281367,4,0,0,-1,0.0,0.03362757461118117,0,0,0,0.0,0
0,edge_150626_205600,4,0,0,-1,0.0,0.03362757461118117,0,0,0,0.0,0
0,edge_121621_151901,4,0,0,-1,0.0,0.03362757461118117,0,0,0,0.0,0
0,edge_33971_359000,4,0,0,-1,0.0,0.03362757461118117,0,1,1,0.0,1
0,edge_33971_102800,4,0,0,-1,0.0,0.03362757461118117,0,2,2,0.0,1
0,edge_142697_315206,4,0,0,-1,0.0,0.03362757461118117,0,0,0,0.0,0
0,edge_18168_79544,4,0,0,-1,0.0,0.03362757461118117,0,0,0,0.0,0
0,edge_118303_124002,4,0,0,-1,0.0,0.03362757461118117,1,1,2,0.5,0
0,edge_30178_286957,4,0,0,-1,0.0,0.03362757461118117,0,0,0,0.0,0
0,edge_75503_102805,4,0,0,-1,0.0,0.03362757461118117,3,3,6,0.5,0
0,edge_2_75503,4,0,0,-1,0.0,0.03362757461118117,0,2,2,0.0,1
0,edge_75503_84203,4,0,0,-1,0.0,0.03362757461118117,0,3,3,0.0,1
0,edge_65297_84203,4,0,0,-1,0.0,0.03362757461118117,1,2,3,0.3333333333333333,0
0,edge_53611_274042,4,0,0,-1,0.0,0.03362757461118117,0,1,1,0.0,1
0,edge_4519_123880,4,0,0,-1,0.0,0.03362757461118117,1,4,5,0.2,0
0,197617,4,5,4,4,0.0,0.03362757461118117,0,0,0,0.0,0
0,10505,4,5,3,6,0.0,0.03362757461118117,0,0,0,0.0,0
0,edge_2_66305,4,0,0,-1,0.0,0.03362757461118117,1,2,3,0.3333333333333333,0
0,edge_191531_424155,4,0,0,-1,0.0,0.03362757461118117,0,0,0,0.0,0
0,edge_408752_424155,4,0,0,-1,0.0,0.03362757461118117,0,0,0,0.0,0
0,edge_14652_101215,4,0,0,-1,0.0,0.03362757461118117,0,2,2,0.0,1
0,edge_334360_345294,4,0,0,-1,0.0,0.03362757461118117,0,0,0,0.0,0
0,edge_75503_287903,4,0,0,-1,0.0,0.03362757461118117,0,0,0,0.0,0
0,edge_80041_83939,4,0,0,-1,0.0,0.03362757461118117,0,0,0,0.0,0
0,edge_24021_31356,4,0,0,-1,0.0,0.03362757461118117,0,0,0,0.0,0
0,150305,4,4,4,3,0.0,0.03362757461118117,0,0,0,0.0,0
0,edge_34834_36855,4,0,0,-1,0.0,0.03362757461118117,0,0,0,0.0,0
0,edge_113057_125347,4,0,0,-1,0.0,0.03362757461118117,0,0,0,0.0,0
0,edge_95873_311094,4,0,0,-1,0.0,0.03362757461118117,0,0,0,0.0,0
0,edge_233900_254230,4,0,0,-1,0.0,0.03362757461118117,0,0,0,0.0,0
0,edge_233898_292483,4,0,0,-1,0.0,0.03362757461118117,0,0,0,0.0,0
0,edge_233898_233901,4,0,0,-1,0.0,0.03362757461118117,0,0,0,0.0,0
0,edge_233898_233899,4,0,0,-1,0.0,0.03362757461118117,0,0,0,0.0,0
0,edge_162643_166176,4,0,0,-1,0.0,0.03362757461118117,0,0,0,0.0,0
0,189627,4,5,5,8,0.0,0.03362757461118117,0,0,0,0.0,0
0,edge_75502_75503,4,0,0,-1,0.0,0.03362757461118117,2,2,4,0.5,0
0,edge_48802_203640,4,0,0,-1,0.0,0.03362757461118117,5,1,6,0.8333333333333334,0
0,edge_249010_253946,4,0,0,-1,0.0,0.03362757461118117,0,0,0,0.0,0
0,71219,4,4,1,8,0.0,0.03362757461118117,0,0,0,0.0,0
0,edge_36918_120055,4,0,0,-1,0.0,0.03362757461118117,0,0,0,0.0,0
0,edge_120055_175978,4,0,0,-1,0.0,0.03362757461118117,0,0,0,0.0,0
0,354263,4,4,3,4,0.0,0.03362757461118117,0,0,0,0.0,0
0,edge_46899_69836,4,0,0,-1,0.0,0.03362757461118117,0,0,0,0.0,0
0,edge_23946_23948,4,0,0,-1,0.0,0.03362757461118117,0,0,0,0.0,0
0,edge_98162_377963,4,0,0,-1,0.0,0.03362757461118117,0,0,0,0.0,0
0,edge_33605_113157,4,0,0,-1,0.0,0.03362757461118117,0,0,0,0.0,0
0,edge_93111_401921,4,0,0,-1,0.0,0.03362757461118117,0,0,0,0.0,0
0,edge_211447_252294,4,0,0,-1,0.0,0.03362757461118117,0,0,0,0.0,0
0,edge_94214_252294,4,0,0,-1,0.0,0.03362757461118117,0,0,0,0.0,0
0,edge_113907_238579,4,0,0,-1,0.0,0.03362757461118117,0,0,0,0.0,0
0,edge_49083_205177,4,0,0,-1,0.0,0.03362757461118117,0,0,0,0.0,0
0,edge_13358_226696,4,0,0,-1,0.0,0.03362757461118117,0,0,0,0.0,0
0,edge_161584_256258,4,0,0,-1,0.0,0.03362757461118117,0,1,1,0.0,1
0,edge_73871_98869,4,0,0,-1,0.0,0.03362757461118117,0,0,0,0.0,0
0,edge_31607_36943,4,0,0,-1,0.0,0.03362757461118117,0,0,0,0.0,0
0,edge_93781_332036,4,0,0,-1,0.0,0.03362757461118117,0,0,0,0.0,0
0,edge_92218_423418,4,0,0,-1,0.0,0.03362757461118117,1,1,2,0.5,0
0,edge_29934_32503,4,0,0,-1,0.0,0.03362757461118117,0,0,0,0.0,0
0,47989,4,5,4,11,0.0,0.03362757461118117,0,0,0,0.0,0
0,edge_33834_120859,4,0,0,-1,0.0,0.03362757461118117,0,0,0,0.0,0
0,edge_97061_128258,4,0,0,-1,0.0,0.03362757461118117,0,0,0,0.0,0
0,edge_233681_246183,4,0,0,-1,0.0,0.03362757461118117,0,0,0,0.0,0
0,edge_345786_425460,4,0,0,-1,0.0,0.03362757461118117,0,0,0,0.0,0
0,edge_302463_303148,4,0,0,-1,0.0,0.03362757461118117,0,0,0,0.0,0
0,edge_219735_241173,4,0,0,-1,0.0,0.03362757461118117,0,0,0,0.0,0
0,edge_23429_76525,4,0,0,-1,0.0,0.03362757461118117,0,0,0,0.0,0
0,20283,4,5,2,3,0.0,0.03362757461118117,0,0,0,0.0,0
0,edge_194246_198166,4,0,0,-1,0.0,0.03362757461118117,0,0,0,0.0,0
0,258006,3,6,3,6,0.0,0.025220680958385876,0,1,1,0.0,1
0,279324,3,6,1,9,0.0,0.025220680958385876,0,0,0,0.0,0
0,411602,3,6,1,8,0.0,0.025220680958385876,0,0,0,0.0,0
0,29886,3,6,3,8,0.0,0.025220680958385876,0,0,0,0.0,0
0,58098,3,6,3,9,0.0,0.025220680958385876,0,0,0,0.0,0
0,44728,3,6,4,17,0.0,0.025220680958385876,0,0,0,0.0,0
0,240272,3,6,2,2,0.0,0.025220680958385876,0,0,0,0.0,0
0,362961,3,6,2,4,0.0,0.025220680958385876,0,0,0,0.0,0
0,390357,3,6,3,4,0.0,0.025220680958385876,0,0,0,0.0,0
0,261602,3,6,4,9,0.0,0.025220680958385876,0,0,0,0.0,0
0,76898,3,5,4,10,0.0,0.025220680958385876,0,0,0,0.0,0
0,270461,3,6,4,12,0.0,0.025220680958385876,0,0,0,0.0,0
0,146324,3,5,4,5,0.0,0.025220680958385876,0,0,0,0.0,0
0,173667,3,6,2,5,0.0,0.025220680958385876,0,0,0,0.0,0
0,64379,3,6,4,3,0.0,0.025220680958385876,0,1,1,0.0,1
0,94493,3,6,4,3,0.0,0.025220680958385876,0,1,1,0.0,1
0,20778,3,6,3,10,0.0,0.025220680958385876,0,0,0,0.0,0
0,90018,3,6,3,19,0.0,0.025220680958385876,0,0,0,0.0,0
0,73871,3,6,5,2,0.0,0.025220680958385876,0,1,1,0.0,1
0,102960,3,6,4,12,0.0,0.025220680958385876,0,0,0,0.0,0
0,58721,3,6,3,3,0.0,0.025220680958385876,1,3,4,0.25,0
0,57951,3,6,3,4,0.0,0.025220680958385876,0,1,1,0.0,1
0,344154,3,6,3,7,0.0,0.025220680958385876,0,0,0,0.0,0
0,338949,3,6,3,7,0.0,0.025220680958385876,0,0,0,0.0,0
0,237872,3,5,4,9,0.0,0.025220680958385876,0,0,0,0.0,0
0,238952,3,6,4,18,0.0,0.025220680958385876,0,0,0,0.0,0
0,301504,3,6,2,20,0.0,0.025220680958385876,0,0,0,0.0,0
0,205600,3,6,1,21,0.0,0.025220680958385876,0,0,0,0.0,0
0,159094,3,5,4,14,0.0,0.025220680958385876,0,0,0,0.0,0
0,63980,3,6,3,13,0.0,0.025220680958385876,0,0,0,0.0,0
0,115482,3,6,4,12,0.0,0.025220680958385876,0,0,0,0.0,0
0,334468,3,6,4,8,0.0,0.025220680958385876,0,0,0,0.0,0
0,305552,3,6,3,12,0.0,0.025220680958385876,0,0,0,0.0,0
0,345967,3,6,2,16,0.0,0.025220680958385876,0,0,0,0.0,0
0,285179,3,6,3,4,0.0,0.025220680958385876,0,0,0,0.0,0
0,324845,3,6,4,5,0.0,0.025220680958385876,0,0,0,0.0,0
0,403740,3,6,3,5,0.0,0.025220680958385876,0,1,1,0.0,1
0,270299,3,6,2,3,0.0,0.025220680958385876,0,0,0,0.0,0
0,53044,3,6,3,2,0.0,0.025220680958385876,0,0,0,0.0,0
0,386338,3,6,2,8,0.0,0.025220680958385876,0,0,0,0.0,0
0,41778,3,6,3,6,0.0,0.025220680958385876,0,0,0,0.0,0
0,46957,3,5,4,11,0.0,0.025220680958385876,0,0,0,0.0,0
0,129404,3,4,4,6,0.0,0.025220680958385876,0,0,0,0.0,0
0,edge_129404_141364,3,0,0,-1,0.0,0.025220680958385876,0,0,0,0.0,0
0,215794,3,6,3,5,0.0,0.025220680958385876,0,0,0,0.0,0
0,43503,3,6,5,6,0.0,0.025220680958385876,0,0,0,0.0,0
0,75131,3,6,4,4,0.0,0.025220680958385876,0,0,0,0.0,0
0,59778,3,6,4,7,0.0,0.025220680958385876,0,0,0,0.0,0
0,30178,3,6,3,4,0.0,0.025220680958385876,0,0,0,0.0,0
0,169112,3,6,4,3,0.0,0.025220680958385876,0,0,0,0.0,0
0,34982,3,6,4,6,0.0,0.025220680958385876,0,0,0,0.0,0
0,132510,3,6,4,4,0.0,0.025220680958385876,0,0,0,0.0,0
0,100924,3,6,4,5,0.0,0.025220680958385876,0,0,0,0.0,0
0,77373,3,6,3,6,0.0,0.025220680958385876,0,0,0,0.0,0
0,105571,3,4,3,8,0.0,0.025220680958385876,0,0,0,0.0,0
0,83322,3,5,4,10,0.0,0.025220680958385876,0,0,0,0.0,0
0,69826,3,6,4,20,0.0,0.025220680958385876,0,0,0,0.0,0
0,39898,3,6,4,25,0.0,0.025220680958385876,0,0,0,0.0,0
0,24196,3,6,4,26,0.0,0.025220680958385876,0,0,0,0.0,0
0,292976,3,6,3,31,0.0,0.025220680958385876,0,0,0,0.0,0
0,135077,3,5,4,34,0.0,0.025220680958385876,0,0,0,0.0,0
0,71644,3,6,4,3,0.0,0.025220680958385876,0,0,0,0.0,0
0,193714,3,6,2,7,0.0,0.025220680958385876,0,0,0,0.0,0
0,edge_275761_357905,3,0,0,-1,0.0,0.025220680958385876,0,0,0,0.0,0
0,104786,3,6,4,5,0.0,0.025220680958385876,0,0,0,0.0,0
0,411845,3,6,3,13,0.0,0.025220680958385876,0,0,0,0.0,0
0,423664,3,6,3,13,0.0,0.025220680958385876,0,0,0,0.0,0
0,66305,3,5,5,2,0.0,0.025220680958385876,1,2,3,0.3333333333333333,0
0,81356,3,6,4,3,0.0,0.025220680958385876,0,1,1,0.0,1
0,318906,3,5,2,7,0.0,0.025220680958385876,0,0,0,0.0,0
0,edge_318906_338154,3,0,0,-1,0.0,0.025220680958385876,0,0,0,0.0,0
0,330288,3,6,2,7,0.0,0.025220680958385876,0,0,0,0.0,0
0,330287,3,6,2,7,0.0,0.025220680958385876,0,0,0,0.0,0
0,149152,3,5,3,13,0.0,0.025220680958385876,0,0,0,0.0,0
0,133406,3,6,4,10,0.0,0.025220680958385876,0,0,0,0.0,0
0,100588,3,6,5,7,0.0,0.025220680958385876,0,0,0,0.0,0
0,123299,3,6,1,10,0.0,0.025220680958385876,0,0,0,0.0,0
0,123871,3,6,3,2,0.0,0.025220680958385876,1,1,2,0.5,0
0,406312,3,6,3,3,0.0,0.025220680958385876,1,1,2,0.5,0
0,424155,3,6,2,14,0.0,0.025220680958385876,0,0,0,0.0,0
0,408751,3,6,1,15,0.0,0.025220680958385876,0,0,0,0.0,0
0,50308,3,5,5,3,0.0,0.025220680958385876,0,1,1,0.0,1
0,112871,3,6,4,7,0.0,0.025220680958385876,0,0,0,0.0,0
0,185977,3,6,5,7,0.0,0.025220680958385876,0,0,0,0.0,0
0,115133,3,5,4,10,0.0,0.025220680958385876,0,0,0,0.0,0
0,121117,3,6,5,12,0.0,0.025220680958385876,0,0,0,0.0,0
0,48525,3,6,6,13,0.0,0.025220680958385876,0,0,0,0.0,0
0,261762,3,6,4,13,0.0,0.025220680958385876,0,0,0,0.0,0
0,286317,3,5,5,13,0.0,0.025220680958385876,0,0,0,0.0,0
0,248121,3,6,3,18,0.0,0.025220680958385876,0,0,0,0.0,0
0,130026,3,6,4,20,0.0,0.025220680958385876,0,0,0,0.0,0
0,edge_254017_311243,3,0,0,-1,0.0,0.025220680958385876,0,0,0,0.0,0
0,254017,3,5,2,24,0.0,0.025220680958385876,0,0,0,0.0,0
0,139006,3,6,3,2,0.0,0.025220680958385876,0,0,0,0.0,0
0,45327,3,6,4,5,0.0,0.025220680958385876,0,0,0,0.0,0
0,43626,3,5,4,7,0.0,0.025220680958385876,0,0,0,0.0,0
0,32913,3,6,2,2,0.0,0.025220680958385876,0,0,0,0.0,0
0,69248,3,6,4,5,0.0,0.025220680958385876,0,0,0,0.0,0
0,268500,3,5,5,9,0.0,0.025220680958385876,0,0,0,0.0,0
0,185234,3,6,3,4,0.0,0.025220680958385876,0,0,0,0.0,0
0,edge_132604_373294,3,0,0,-1,0.0,0.025220680958385876,0,0,0,0.0,0
0,200576,3,6,3,5,0.0,0.025220680958385876,0,0,0,0.0,0
0,80643,3,6,3,9,0.0,0.025220680958385876,0,0,0,0.0,0
0,7171,3,5,4,9,0.0,0.025220680958385876,0,0,0,0.0,0
0,47834,3,6,2,9,0.0,0.025220680958385876,0,0,0,0.0,0
0,135336,3,8,3,4,0.0,0.025220680958385876,0,0,0,0.0,0
0,238039,3,5,4,6,0.0,0.025220680958385876,0,0,0,0.0,0
0,83003,3,6,4,10,0.0,0.025220680958385876,0,0,0,0.0,0
0,38231,3,6,4,12,0.0,0.025220680958385876,0,0,0,0.0,0
0,226781,3,5,4,14,0.0,0.025220680958385876,0,0,0,0.0,0
0,115471,3,5,5,14,0.0,0.025220680958385876,0,0,0,0.0,0
0,92374,3,6,3,15,0.0,0.025220680958385876,0,0,0,0.0,0
0,192593,3,6,4,12,0.0,0.025220680958385876,0,0,0,0.0,0
0,112890,3,6,5,12,0.0,0.025220680958385876,0,0,0,0.0,0
0,126808,3,5,4,14,0.0,0.025220680958385876,0,0,0,0.0,0
0,8086,3,6,4,2,0.0,0.025220680958385876,0,0,0,0.0,0
0,125347,3,6,2,13,0.0,0.025220680958385876,0,0,0,0.0,0
0,423025,3,6,2,13,0.0,0.025220680958385876,0,0,0,0.0,0
0,22371,3,6,3,5,0.0,0.025220680958385876,0,0,0,0.0,0
0,95873,3,5,4,14,0.0,0.025220680958385876,0,0,0,0.0,0
0,311094,3,6,1,15,0.0,0.025220680958385876,0,0,0,0.0,0
0,22285,3,6,4,4,0.0,0.025220680958385876,0,0,0,0.0,0
0,30141,3,6,4,5,0.0,0.025220680958385876,0,0,0,0.0,0
0,231856,3,6,2,7,0.0,0.025220680958385876,0,0,0,0.0,0
0,73058,3,6,3,8,0.0,0.025220680958385876,0,0,0,0.0,0
0,305036,3,6,2,17,0.0,0.025220680958385876,0,0,0,0.0,0
0,385508,3,3,1,19,0.0,0.025220680958385876,0,0,0,0.0,0
0,233899,3,6,3,19,0.0,0.025220680958385876,0,0,0,0.0,0
0,29116,3,6,2,6,0.0,0.025220680958385876,0,0,0,0.0,0
0,153668,3,6,4,4,0.0,0.025220680958385876,0,0,0,0.0,0
0,263496,3,6,4,10,0.0,0.025220680958385876,0,0,0,0.0,0
0,47583,3,6,3,15,0.0,0.025220680958385876,0,0,0,0.0,0
0,228674,3,6,3,4,0.0,0.025220680958385876,0,0,0,0.0,0
0,112456,3,6,4,3,0.0,0.025220680958385876,0,0,0,0.0,0
0,112132,3,5,4,7,0.0,0.025220680958385876,0,0,0,0.0,0
0,98455,3,6,2,19,0.0,0.025220680958385876,0,0,0,0.0,0
0,71362,3,6,5,18,0.0,0.025220680958385876,0,0,0,0.0,0
0,334876,3,5,4,15,0.0,0.025220680958385876,0,0,0,0.0,0
0,185387,3,6,4,13,0.0,0.025220680958385876,0,0,0,0.0,0
0,79842,3,6,4,12,0.0,0.025220680958385876,0,0,0,0.0,0
0,105975,3,6,3,17,0.0,0.025220680958385876,0,0,0,0.0,0
0,64156,3,5,4,9,0.0,0.025220680958385876,0,0,0,0.0,0
0,edge_53289_53291,3,0,0,-1,0.0,0.025220680958385876,0,0,0,0.0,0
0,9070,3,6,4,7,0.0,0.025220680958385876,0,0,0,0.0,0
0,275027,3,6,3,10,0.0,0.025220680958385876,0,0,0,0.0,0
0,367014,3,6,2,10,0.0,0.025220680958385876,0,0,0,0.0,0
0,9455,3,5,3,15,0.0,0.025220680958385876,0,0,0,0.0,0
0,edge_9455_23675,3,0,0,-1,0.0,0.025220680958385876,0,0,0,0.0,0
0,175978,3,6,2,5,0.0,0.025220680958385876,0,0,0,0.0,0
0,18885,3,4,5,5,0.0,0.025220680958385876,1,2,3,0.3333333333333333,0
0,67026,3,5,4,6,0.0,0.025220680958385876,0,0,0,0.0,0
0,379061,3,6,2,3,0.0,0.025220680958385876,2,1,3,0.6666666666666666,0
0,23947,3,6,3,7,0.0,0.025220680958385876,0,0,0,0.0,0
0,238804,3,6,2,7,0.0,0.025220680958385876,0,0,0,0.0,0
0,220179,3,6,5,8,0.0,0.025220680958385876,0,0,0,0.0,0
0,388838,3,4,3,9,0.0,0.025220680958385876,0,0,0,0.0,0
0,330666,3,6,2,9,0.0,0.025220680958385876,0,0,0,0.0,0
0,401921,3,6,1,7,0.0,0.025220680958385876,0,0,0,0.0,0
0,114324,3,5,3,8,0.0,0.025220680958385876,0,0,0,0.0,0
0,251521,3,6,2,9,0.0,0.025220680958385876,0,0,0,0.0,0
0,296396,3,6,4,9,0.0,0.025220680958385876,0,0,0,0.0,0
0,240500,3,6,3,10,0.0,0.025220680958385876,0,0,0,0.0,0
0,122488,3,6,4,15,0.0,0.025220680958385876,0,0,0,0.0,0
0,118459,3,5,4,16,0.0,0.025220680958385876,0,0,0,0.0,0
0,118457,3,5,3,17,0.0,0.025220680958385876,0,0,0,0.0,0
0,94213,3,6,2,13,0.0,0.025220680958385876,0,0,0,0.0,0
0,91285,3,6,5,12,0.0,0.025220680958385876,0,0,0,0.0,0
0,56482,3,5,6,13,0.0,0.025220680958385876,0,0,0,0.0,0
0,214629,3,6,4,12,0.0,0.025220680958385876,0,0,0,0.0,0
0,264977,3,6,5,11,0.0,0.025220680958385876,0,0,0,0.0,0
0,170375,3,6,3,4,0.0,0.025220680958385876,0,0,0,0.0,0
0,14794,3,6,5,5,0.0,0.025220680958385876,0,0,0,0.0,0
0,148712,3,6,2,5,0.0,0.025220680958385876,0,0,0,0.0,0
0,49830,3,6,4,4,0.0,0.025220680958385876,0,0,0,0.0,0
0,44473,3,6,3,3,0.0,0.025220680958385876,0,0,0,0.0,0
0,155849,3,6,3,9,0.0,0.025220680958385876,1,1,2,0.5,0
0,197432,3,6,4,9,0.0,0.025220680958385876,0,0,0,0.0,0
0,250050,3,6,4,13,0.0,0.025220680958385876,0,0,0,0.0,0
0,174558,3,8,5,23,0.0,0.025220680958385876,0,0,0,0.0,0
0,36943,3,6,4,3,0.0,0.025220680958385876,0,0,0,0.0,0
0,17940,3,7,4,4,0.0,0.025220680958385876,0,0,0,0.0,0
0,316081,3,6,2,2,0.0,0.025220680958385876,0,1,1,0.0,1
0,254237,3,6,2,6,0.0,0.025220680958385876,0,0,0,0.0,0
0,66243,3,6,3,2,0.0,0.025220680958385876,0,0,0,0.0,0
0,113209,3,5,3,6,0.0,0.025220680958385876,0,0,0,0.0,0
0,336593,3,6,3,2,0.0,0.025220680958385876,0,0,0,0.0,0
0,84345,3,6,4,7,0.0,0.025220680958385876,0,0,0,0.0,0
0,105503,3,6,3,3,0.0,0.025220680958385876,0,0,0,0.0,0
0,423418,3,6,1,3,0.0,0.025220680958385876,0,1,1,0.0,1
0,38256,3,5,3,4,0.0,0.025220680958385876,0,0,0,0.0,0
0,278154,3,6,3,4,0.0,0.025220680958385876,0,0,0,0.0,0
0,53240,3,5,4,2,0.0,0.025220680958385876,0,0,0,0.0,0
0,73194,3,6,4,5,0.0,0.025220680958385876,0,0,0,0.0,0
0,151201,3,6,3,6,0.0,0.025220680958385876,0,0,0,0.0,0
0,386159,3,6,2,8,0.0,0.025220680958385876,0,0,0,0.0,0
0,266855,3,4,3,9,0.0,0.025220680958385876,0,0,0,0.0,0
0,99959,3,6,3,13,0.0,0.025220680958385876,0,0,0,0.0,0
0,edge_32503_33615,3,0,0,-1,0.0,0.025220680958385876,0,0,0,0.0,0
0,29935,3,5,4,18,0.0,0.025220680958385876,0,0,0,0.0,0
0,199598,3,6,3,5,0.0,0.025220680958385876,0,0,0,0.0,0
0,100442,3,6,4,6,0.0,0.025220680958385876,0,0,0,0.0,0
0,402613,3,6,4,9,0.0,0.025220680958385876,0,0,0,0.0,0
0,52406,3,6,4,12,0.0,0.025220680958385876,0,0,0,0.0,0
0,126567,3,6,4,2,0.0,0.025220680958385876,0,1,1,0.0,1
0,68736,3,6,4,3,0.0,0.025220680958385876,0,1,1,0.0,1
0,74508,3,6,4,4,0.0,0.025220680958385876,0,1,1,0.0,1
0,37962,3,6,4,11,0.0,0.025220680958385876,0,0,0,0.0,0
0,91487,3,6,4,20,0.0,0.025220680958385876,0,0,0,0.0,0
0,44860,3,5,5,3,0.0,0.025220680958385876,0,0,0,0.0,0
0,edge_44860_232644,3,0,0,-1,0.0,0.025220680958385876,0,0,0,0.0,0
0,118303,3,6,4,2,0.0,0.025220680958385876,0,1,1,0.0,1
0,121615,3,6,3,2,0.0,0.025220680958385876,0,1,1,0.0,1
0,199772,3,4,4,6,0.0,0.025220680958385876,0,0,0,0.0,0
0,357915,3,6,3,8,0.0,0.025220680958385876,0,0,0,0.0,0
0,69996,3,6,3,3,0.0,0.025220680958385876,0,1,1,0.0,1
0,9475,3,6,4,4,0.0,0.025220680958385876,3,2,5,0.6,0
0,353247,3,6,3,18,0.0,0.025220680958385876,0,0,0,0.0,0
0,355979,3,6,3,18,0.0,0.025220680958385876,0,0,0,0.0,0
0,87225,3,6,5,2,0.0,0.025220680958385876,0,0,0,0.0,0
0,12110,3,5,7,7,0.0,0.025220680958385876,0,0,0,0.0,0
0,122520,3,6,4,7,0.0,0.025220680958385876,0,0,0,0.0,0
0,425353,3,6,2,10,0.0,0.025220680958385876,0,0,0,0.0,0
0,90768,3,6,5,5,0.0,0.025220680958385876,0,0,0,0.0,0
0,111206,3,5,2,9,0.0,0.025220680958385876,0,0,0,0.0,0
0,edge_97061_148135,3,0,0,-1,0.0,0.025220680958385876,0,0,0,0.0,0
0,128258,3,6,1,9,0.0,0.025220680958385876,0,0,0,0.0,0
0,5542,3,6,4,5,0.0,0.025220680958385876,0,0,0,0.0,0
0,110105,3,4,4,5,0.0,0.025220680958385876,0,0,0,0.0,0
0,247942,3,6,4,6,0.0,0.025220680958385876,0,0,0,0.0,0
0,109759,3,5,4,7,0.0,0.025220680958385876,0,0,0,0.0,0
0,319770,3,6,2,9,0.0,0.025220680958385876,0,0,0,0.0,0
0,364016,3,6,2,17,0.0,0.025220680958385876,0,0,0,0.0,0
0,335480,3,6,1,10,0.0,0.025220680958385876,0,0,0,0.0,0
0,224431,3,6,3,11,0.0,0.025220680958385876,0,0,0,0.0,0
0,367962,3,5,3,7,0.0,0.025220680958385876,0,0,0,0.0,0
0,8085,3,6,3,2,0.0,0.025220680958385876,0,0,0,0.0,0
0,293442,3,3,2,4,0.0,0.025220680958385876,0,0,0,0.0,0
0,11421,3,5,4,10,0.0,0.025220680958385876,0,0,0,0.0,0
0,100800,3,5,6,2,0.0,0.025220680958385876,0,3,3,0.0,1
0,377017,3,6,3,4,0.0,0.025220680958385876,3,2,5,0.6,0
0,126388,3,6,2,4,0.0,0.025220680958385876,0,0,0,0.0,0
0,31356,3,6,1,4,0.0,0.025220680958385876,0,0,0,0.0,0
0,139069,3,6,4,10,0.0,0.025220680958385876,0,0,0,0.0,0
0,326554,3,6,4,9,0.0,0.025220680958385876,0,0,0,0.0,0
0,137858,3,6,2,22,0.0,0.025220680958385876,0,0,0,0.0,0
0,369220,3,6,1,26,0.0,0.025220680958385876,0,0,0,0.0,0
0,75502,3,6,2,2,0.0,0.025220680958385876,0,2,2,0.0,1
0,76525,3,6,2,5,0.0,0.025220680958385876,0,0,0,0.0,0
0,48945,3,6,5,3,0.0,0.025220680958385876,0,0,0,0.0,0
0,35176,3,6,3,19,0.0,0.025220680958385876,0,0,0,0.0,0
0,332012,3,6,2,23,0.0,0.025220680958385876,0,0,0,0.0,0
0,333432,3,6,3,24,0.0,0.025220680958385876,0,0,0,0.0,0
0,379126,3,5,3,25,0.0,0.025220680958385876,0,0,0,0.0,0
0,379125,3,6,3,26,0.0,0.025220680958385876,0,0,0,0.0,0
0,183746,3,6,3,33,0.0,0.025220680958385876,0,0,0,0.0,0
0,132360,3,5,4,39,0.0,0.025220680958385876,0,0,0,0.0,0
0,18681,3,6,3,40,0.0,0.025220680958385876,0,0,0,0.0,0
0,52765,3,6,3,41,0.0,0.025220680958385876,0,0,0,0.0,0
0,39744,3,6,4,45,0.0,0.025220680958385876,0,0,0,0.0,0
0,260696,3,6,2,8,0.0,0.025220680958385876,0,0,0,0.0,0
0,384796,3,6,3,13,0.0,0.025220680958385876,0,0,0,0.0,0
0,384793,3,6,4,13,0.0,0.025220680958385876,0,0,0,0.0,0
0,166307,3,6,4,3,0.0,0.025220680958385876,0,0,0,0.0,0
0,85955,3,6,4,4,0.0,0.025220680958385876,0,0,0,0.0,0
0,edge_90483_410950,3,0,0,-1,0.0,0.025220680958385876,0,0,0,0.0,0
0,edge_35125_58098,3,0,0,-1,0.0,0.025220680958385876,0,0,0,0.0,0
0,edge_35125_305798,3,0,0,-1,0.0,0.025220680958385876,0,0,0,0.0,0
0,edge_40615_370899,3,0,0,-1,0.0,0.025220680958385876,0,0,0,0.0,0
0,edge_100800_120044,3,0,0,-1,0.0,0.025220680958385876,0,3,3,0.0,1
0,edge_1_66243,3,0,0,-1,0.0,0.025220680958385876,0,0,0,0.0,0
0,edge_362961_362962,3,0,0,-1,0.0,0.025220680958385876,0,0,0,0.0,0
0,edge_22861_22862,3,0,0,-1,0.0,0.025220680958385876,0,0,0,0.0,0
0,edge_35367_127467,3,0,0,-1,0.0,0.025220680958385876,0,0,0,0.0,0
0,edge_92218_101215,3,0,0,-1,0.0,0.025220680958385876,0,3,3,0.0,1
0,edge_15947_379674,3,0,0,-1,0.0,0.025220680958385876,0,0,0,0.0,0
0,edge_229544_243604,3,0,0,-1,0.0,0.025220680958385876,0,0,0,0.0,0
0,edge_243603_243604,3,0,0,-1,0.0,0.025220680958385876,0,0,0,0.0,0
0,edge_237872_239564,3,0,0,-1,0.0,0.025220680958385876,0,0,0,0.0,0
0,edge_206829_273266,3,0,0,-1,0.0,0.025220680958385876,0,0,0,0.0,0
0,edge_158850_281367,3,0,0,-1,0.0,0.025220680958385876,0,0,0,0.0,0
0,edge_68686_301504,3,0,0,-1,0.0,0.025220680958385876,0,0,0,0.0,0
0,edge_68686_395834,3,0,0,-1,0.0,0.025220680958385876,0,0,0,0.0,0
0,edge_68686_150626,3,0,0,-1,0.0,0.025220680958385876,0,0,0,0.0,0
0,edge_158850_374121,3,0,0,-1,0.0,0.025220680958385876,0,0,0,0.0,0
0,edge_299919_305552,3,0,0,-1,0.0,0.025220680958385876,0,0,0,0.0,0
0,edge_205122_345967,3,0,0,-1,0.0,0.025220680958385876,0,0,0,0.0,0
0,edge_33043_78702,3,0,0,-1,0.0,0.025220680958385876,0,1,1,0.0,1
0,edge_39963_285179,3,0,0,-1,0.0,0.025220680958385876,0,0,0,0.0,0
0,edge_44724_75503,3,0,0,-1,0.0,0.025220680958385876,0,2,2,0.0,1
0,edge_50034_345754,3,0,0,-1,0.0,0.025220680958385876,0,0,0,0.0,0
0,121919,3,3,5,4,0.0,0.025220680958385876,0,0,0,0.0,0
0,edge_33971_249995,3,0,0,-1,0.0,0.025220680958385876,0,0,0,0.0,0
0,edge_259736_270299,3,0,0,-1,0.0,0.025220680958385876,0,0,0,0.0,0
0,edge_53044_241354,3,0,0,-1,0.0,0.025220680958385876,0,0,0,0.0,0
0,edge_120039_241354,3,0,0,-1,0.0,0.025220680958385876,0,0,0,0.0,0
0,edge_161140_312789,3,0,0,-1,0.0,0.025220680958385876,0,0,0,0.0,0
0,edge_20301_84820,3,0,0,-1,0.0,0.025220680958385876,0,0,0,0.0,0
0,edge_79544_118900,3,0,0,-1,0.0,0.025220680958385876,0,0,0,0.0,0
0,edge_70304_70305,3,0,0,-1,0.0,0.025220680958385876,0,0,0,0.0,0
0,edge_43503_141364,3,0,0,-1,0.0,0.025220680958385876,0,0,0,0.0,0
0,edge_86133_410410,3,0,0,-1,0.0,0.025220680958385876,0,0,0,0.0,0
0,edge_410410_411197,3,0,0,-1,0.0,0.025220680958385876,0,0,0,0.0,0
0,edge_35367_410410,3,0,0,-1,0.0,0.025220680958385876,1,1,2,0.5,0
0,54885,3,3,5,4,0.0,0.025220680958385876,0,0,0,0.0,0
0,edge_246255_349868,3,0,0,-1,0.0,0.025220680958385876,0,0,0,0.0,0
0,edge_149670_291362,3,0,0,-1,0.0,0.025220680958385876,0,0,0,0.0,0
0,edge_34982_188654,3,0,0,-1,0.0,0.025220680958385876,0,0,0,0.0,0
0,edge_4519_73512,3,0,0,-1,0.0,0.025220680958385876,0,2,2,0.0,1
0,edge_287903_346600,3,0,0,-1,0.0,0.025220680958385876,0,0,0,0.0,0
0,edge_85083_346600,3,0,0,-1,0.0,0.025220680958385876,0,0,0,0.0,0
0,85083,3,4,4,3,0.0,0.025220680958385876,0,0,0,0.0,0
0,edge_85083_331468,3,0,0,-1,0.0,0.025220680958385876,0,0,0,0.0,0
0,edge_11993_193714,3,0,0,-1,0.0,0.025220680958385876,0,0,0,0.0,0
0,edge_35367_123880,3,0,0,-1,0.0,0.025220680958385876,0,1,1,0.0,1
0,357905,3,4,3,3,0.0,0.025220680958385876,0,0,0,0.0,0
0,edge_275760_275761,3,0,0,-1,0.0,0.025220680958385876,0,0,0,0.0,0
0,edge_104786_275761,3,0,0,-1,0.0,0.025220680958385876,0,0,0,0.0,0
0,edge_411845_423664,3,0,0,-1,0.0,0.025220680958385876,0,0,0,0.0,0
0,edge_93422_120044,3,0,0,-1,0.0,0.025220680958385876,0,1,1,0.0,1
0,edge_19689_120044,3,0,0,-1,0.0,0.025220680958385876,0,2,2,0.0,1
0,edge_29930_164261,3,0,0,-1,0.0,0.025220680958385876,0,0,0,0.0,0
0,edge_41345_123505,3,0,0,-1,0.0,0.025220680958385876,0,1,1,0.0,1
0,edge_330287_330288,3,0,0,-1,0.0,0.025220680958385876,0,0,0,0.0,0
0,edge_30406_240352,3,0,0,-1,0.0,0.025220680958385876,0,0,0,0.0,0
0,edge_60491_240352,3,0,0,-1,0.0,0.025220680958385876,0,0,0,0.0,0
0,119273,3,3,6,9,0.0,0.025220680958385876,0,0,0,0.0,0
0,edge_31014_44785,3,0,0,-1,0.0,0.025220680958385876,0,0,0,0.0,0
0,edge_114629_123299,3,0,0,-1,0.0,0.025220680958385876,0,0,0,0.0,0
0,edge_120044_123871,3,0,0,-1,0.0,0.025220680958385876,1,1,2,0.5,0
0,edge_270659_270660,3,0,0,-1,0.0,0.025220680958385876,0,0,0,0.0,0
0,edge_120044_379551,3,0,0,-1,0.0,0.025220680958385876,0,1,1,0.0,1
0,edge_180922_379551,3,0,0,-1,0.0,0.025220680958385876,0,1,1,0.0,1
0,edge_124141_344501,3,0,0,-1,0.0,0.025220680958385876,0,0,0,0.0,0
0,edge_191531_200378,3,0,0,-1,0.0,0.025220680958385876,0,0,0,0.0,0
0,edge_50308_334360,3,0,0,-1,0.0,0.025220680958385876,1,1,2,0.5,0
0,edge_7864_42329,3,0,0,-1,0.0,0.025220680958385876,0,0,0,0.0,0
0,edge_21209_164448,3,0,0,-1,0.0,0.025220680958385876,0,0,0,0.0,0
0,edge_182241_250065,3,0,0,-1,0.0,0.025220680958385876,0,0,0,0.0,0
0,edge_248122_250065,3,0,0,-1,0.0,0.025220680958385876,0,0,0,0.0,0
0,edge_248121_250065,3,0,0,-1,0.0,0.025220680958385876,0,0,0,0.0,0
0,edge_75503_139006,3,0,0,-1,0.0,0.025220680958385876,0,0,0,0.0,0
0,223135,3,3,2,3,0.0,0.025220680958385876,0,0,0,0.0,0
0,edge_33971_241354,3,0,0,-1,0.0,0.025220680958385876,1,1,2,0.5,0
0,edge_32913_53885,3,0,0,-1,0.0,0.025220680958385876,0,0,0,0.0,0
0,edge_9304_202795,3,0,0,-1,0.0,0.025220680958385876,0,0,0,0.0,0
0,edge_2815_132604,3,0,0,-1,0.0,0.025220680958385876,0,0,0,0.0,0
0,edge_91552_200576,3,0,0,-1,0.0,0.025220680958385876,0,0,0,0.0,0
0,edge_7171_47834,3,0,0,-1,0.0,0.025220680958385876,0,0,0,0.0,0
0,edge_143461_282934,3,0,0,-1,0.0,0.025220680958385876,0,0,0,0.0,0
0,edge_150455_281499,3,0,0,-1,0.0,0.025220680958385876,0,0,0,0.0,0
0,edge_150454_150455,3,0,0,-1,0.0,0.025220680958385876,0,0,0,0.0,0
0,edge_192593_349585,3,0,0,-1,0.0,0.025220680958385876,0,0,0,0.0,0
0,edge_976_34834,3,0,0,-1,0.0,0.025220680958385876,0,0,0,0.0,0
0,edge_976_257027,3,0,0,-1,0.0,0.025220680958385876,0,0,0,0.0,0
0,edge_976_151631,3,0,0,-1,0.0,0.025220680958385876,0,0,0,0.0,0
0,edge_13675_13676,3,0,0,-1,0.0,0.025220680958385876,0,0,0,0.0,0
0,edge_76561_133847,3,0,0,-1,0.0,0.025220680958385876,0,0,0,0.0,0
0,edge_199846_199847,3,0,0,-1,0.0,0.025220680958385876,0,0,0,0.0,0
0,edge_27683_423025,3,0,0,-1,0.0,0.025220680958385876,0,0,0,0.0,0
0,edge_83588_155429,3,0,0,-1,0.0,0.025220680958385876,0,0,0,0.0,0
0,edge_72302_101169,3,0,0,-1,0.0,0.025220680958385876,0,0,0,0.0,0
0,edge_71074_231856,3,0,0,-1,0.0,0.025220680958385876,0,0,0,0.0,0
0,edge_73058_376669,3,0,0,-1,0.0,0.025220680958385876,0,0,0,0.0,0
0,264195,3,3,4,16,0.0,0.025220680958385876,0,0,0,0.0,0
0,edge_305036_316074,3,0,0,-1,0.0,0.025220680958385876,0,0,0,0.0,0
0,edge_71798_233900,3,0,0,-1,0.0,0.025220680958385876,0,0,0,0.0,0
0,edge_233900_233901,3,0,0,-1,0.0,0.025220680958385876,0,0,0,0.0,0
0,edge_233898_310564,3,0,0,-1,0.0,0.025220680958385876,0,0,0,0.0,0
0,edge_97862_162643,3,0,0,-1,0.0,0.025220680958385876,0,0,0,0.0,0
0,edge_166176_174298,3,0,0,-1,0.0,0.025220680958385876,0,0,0,0.0,0
0,edge_123068_162643,3,0,0,-1,0.0,0.025220680958385876,0,0,0,0.0,0
0,edge_97862_166176,3,0,0,-1,0.0,0.025220680958385876,0,0,0,0.0,0
0,edge_108089_144901,3,0,0,-1,0.0,0.025220680958385876,0,0,0,0.0,0
0,edge_144901_301178,3,0,0,-1,0.0,0.025220680958385876,0,0,0,0.0,0
0,edge_234752_405147,3,0,0,-1,0.0,0.025220680958385876,0,0,0,0.0,0
0,380743,3,3,3,4,0.0,0.025220680958385876,0,0,0,0.0,0
0,edge_53290_380743,3,0,0,-1,0.0,0.025220680958385876,0,0,0,0.0,0
0,edge_53290_53291,3,0,0,-1,0.0,0.025220680958385876,0,0,0,0.0,0
0,edge_53289_53290,3,0,0,-1,0.0,0.025220680958385876,0,0,0,0.0,0
0,edge_9070_29180,3,0,0,-1,0.0,0.025220680958385876,0,0,0,0.0,0
0,edge_275027_367014,3,0,0,-1,0.0,0.025220680958385876,0,0,0,0.0,0
0,edge_47831_69836,3,0,0,-1,0.0,0.025220680958385876,0,0,0,0.0,0
0,edge_214766_379061,3,0,0,-1,0.0,0.025220680958385876,1,1,2,0.5,0
0,edge_23946_23947,3,0,0,-1,0.0,0.025220680958385876,0,0,0,0.0,0
0,edge_12745_45575,3,0,0,-1,0.0,0.025220680958385876,0,0,0,0.0,0
0,edge_220179_298489,3,0,0,-1,0.0,0.025220680958385876,0,0,0,0.0,0
0,edge_330666_386301,3,0,0,-1,0.0,0.025220680958385876,0,0,0,0.0,0
0,edge_114324_148026,3,0,0,-1,0.0,0.025220680958385876,0,0,0,0.0,0
0,edge_36201_130069,3,0,0,-1,0.0,0.025220680958385876,0,0,0,0.0,0
0,edge_56422_230651,3,0,0,-1,0.0,0.025220680958385876,0,0,0,0.0,0
0,edge_122488_211446,3,0,0,-1,0.0,0.025220680958385876,0,0,0,0.0,0
0,edge_94214_211446,3,0,0,-1,0.0,0.025220680958385876,0,0,0,0.0,0
0,edge_211446_211447,3,0,0,-1,0.0,0.025220680958385876,0,0,0,0.0,0
0,edge_94213_94214,3,0,0,-1,0.0,0.025220680958385876,0,0,0,0.0,0
0,159585,3,3,4,13,0.0,0.025220680958385876,0,0,0,0.0,0
0,edge_142150_290970,3,0,0,-1,0.0,0.025220680958385876,0,0,0,0.0,0
0,edge_276688_276689,3,0,0,-1,0.0,0.025220680958385876,0,0,0,0.0,0
0,edge_13358_220784,3,0,0,-1,0.0,0.025220680958385876,0,0,0,0.0,0
0,edge_13358_220785,3,0,0,-1,0.0,0.025220680958385876,0,0,0,0.0,0
0,edge_42625_86133,3,0,0,-1,0.0,0.025220680958385876,0,0,0,0.0,0
0,edge_118961_152752,3,0,0,-1,0.0,0.025220680958385876,0,0,0,0.0,0
0,edge_243469_271951,3,0,0,-1,0.0,0.025220680958385876,1,2,3,0.3333333333333333,0
0,edge_12225_52179,3,0,0,-1,0.0,0.025220680958385876,3,1,4,0.75,0
0,edge_147255_199365,3,0,0,-1,0.0,0.025220680958385876,0,1,1,0.0,1
0,edge_161584_199365,3,0,0,-1,0.0,0.025220680958385876,0,1,1,0.0,1
0,edge_33423_98869,3,0,0,-1,0.0,0.025220680958385876,0,0,0,0.0,0
0,76361,3,3,4,8,0.0,0.025220680958385876,0,0,0,0.0,0
0,edge_38847_76361,3,0,0,-1,0.0,0.025220680958385876,0,0,0,0.0,0
0,379865,3,3,4,21,0.0,0.025220680958385876,0,0,0,0.0,0
0,edge_23073_126488,3,0,0,-1,0.0,0.025220680958385876,0,0,0,0.0,0
0,edge_23073_316081,3,0,0,-1,0.0,0.025220680958385876,1,1,2,0.5,0
0,edge_32926_305820,3,0,0,-1,0.0,0.025220680958385876,0,0,0,0.0,0
0,edge_93781_359000,3,0,0,-1,0.0,0.025220680958385876,0,1,1,0.0,1
0,edge_332036_349846,3,0,0,-1,0.0,0.025220680958385876,0,0,0,0.0,0
0,edge_93781_350879,3,0,0,-1,0.0,0.025220680958385876,0,0,0,0.0,0
0,edge_185940_396754,3,0,0,-1,0.0,0.025220680958385876,0,0,0,0.0,0
0,edge_4116_283977,3,0,0,-1,0.0,0.025220680958385876,0,0,0,0.0,0
0,edge_278154_283977,3,0,0,-1,0.0,0.025220680958385876,0,0,0,0.0,0
0,edge_386159_410023,3,0,0,-1,0.0,0.025220680958385876,0,0,0,0.0,0
0,edge_34807_293862,3,0,0,-1,0.0,0.025220680958385876,0,0,0,0.0,0
0,edge_257162_257164,3,0,0,-1,0.0,0.025220680958385876,0,0,0,0.0,0
0,edge_29934_257162,3,0,0,-1,0.0,0.025220680958385876,0,0,0,0.0,0
0,33615,3,5,4,18,0.0,0.025220680958385876,0,0,0,0.0,0
0,edge_257162_257163,3,0,0,-1,0.0,0.025220680958385876,0,0,0,0.0,0
0,edge_73001_220270,3,0,0,-1,0.0,0.025220680958385876,0,0,0,0.0,0
0,edge_126567_425068,3,0,0,-1,0.0,0.025220680958385876,0,0,0,0.0,0
0,edge_316319_415852,3,0,0,-1,0.0,0.025220680958385876,0,0,0,0.0,0
0,edge_63347_259294,3,0,0,-1,0.0,0.025220680958385876,0,0,0,0.0,0
0,365923,3,3,2,4,0.0,0.025220680958385876,0,0,0,0.0,0
0,edge_84675_417206,3,0,0,-1,0.0,0.025220680958385876,0,0,0,0.0,0
0,edge_40876_78778,3,0,0,-1,0.0,0.025220680958385876,0,0,0,0.0,0
0,edge_13743_40876,3,0,0,-1,0.0,0.025220680958385876,0,0,0,0.0,0
0,edge_23751_78778,3,0,0,-1,0.0,0.025220680958385876,0,0,0,0.0,0
0,edge_78778_357915,3,0,0,-1,0.0,0.025220680958385876,0,0,0,0.0,0
0,edge_24871_47520,3,0,0,-1,0.0,0.025220680958385876,0,0,0,0.0,0
0,edge_83844_184535,3,0,0,-1,0.0,0.025220680958385876,0,0,0,0.0,0
0,edge_167171_353247,3,0,0,-1,0.0,0.025220680958385876,0,0,0,0.0,0
0,edge_327256_353247,3,0,0,-1,0.0,0.025220680958385876,0,0,0,0.0,0
0,edge_353247_355979,3,0,0,-1,0.0,0.025220680958385876,0,0,0,0.0,0
0,edge_33834_161990,3,0,0,-1,0.0,0.025220680958385876,0,0,0,0.0,0
0,edge_77716_425353,3,0,0,-1,0.0,0.025220680958385876,0,0,0,0.0,0
0,edge_2_16803,3,0,0,-1,0.0,0.025220680958385876,0,0,0,0.0,0
0,edge_97061_111206,3,0,0,-1,0.0,0.025220680958385876,0,0,0,0.0,0
0,edge_97061_128257,3,0,0,-1,0.0,0.025220680958385876,0,0,0,0.0,0
0,edge_211364_422185,3,0,0,-1,0.0,0.025220680958385876,0,0,0,0.0,0
0,edge_211364_352531,3,0,0,-1,0.0,0.025220680958385876,0,0,0,0.0,0
0,edge_275402_336767,3,0,0,-1,0.0,0.025220680958385876,0,0,0,0.0,0
0,edge_319770_390354,3,0,0,-1,0.0,0.025220680958385876,0,0,0,0.0,0
0,edge_277170_419730,3,0,0,-1,0.0,0.025220680958385876,0,0,0,0.0,0
0,edge_232981_292047,3,0,0,-1,0.0,0.025220680958385876,0,0,0,0.0,0
0,206831,3,3,4,10,0.0,0.025220680958385876,0,0,0,0.0,0
0,edge_153587_328959,3,0,0,-1,0.0,0.025220680958385876,0,0,0,0.0,0
0,edge_292286_396942,3,0,0,-1,0.0,0.025220680958385876,0,0,0,0.0,0
0,edge_345786_369047,3,0,0,-1,0.0,0.025220680958385876,0,0,0,0.0,0
0,edge_2_84203,3,0,0,-1,0.0,0.025220680958385876,0,2,2,0.0,1
0,edge_259385_303148,3,0,0,-1,0.0,0.025220680958385876,0,0,0,0.0,0
0,edge_24021_126388,3,0,0,-1,0.0,0.025220680958385876,0,0,0,0.0,0
0,edge_332469_332470,3,0,0,-1,0.0,0.025220680958385876,0,0,0,0.0,0
0,edge_62579_413091,3,0,0,-1,0.0,0.025220680958385876,0,0,0,0.0,0
0,58079,3,4,4,19,0.0,0.025220680958385876,0,0,0,0.0,0
0,edge_79874_137858,3,0,0,-1,0.0,0.025220680958385876,0,0,0,0.0,0
0,edge_9912_363914,3,0,0,-1,0.0,0.025220680958385876,0,0,0,0.0,0
0,edge_193000_404992,3,0,0,-1,0.0,0.025220680958385876,0,0,0,0.0,0
0,edge_236469_241173,3,0,0,-1,0.0,0.025220680958385876,0,0,0,0.0,0
0,edge_172448_172449,3,0,0,-1,0.0,0.025220680958385876,0,0,0,0.0,0
0,edge_29930_172449,3,0,0,-1,0.0,0.025220680958385876,0,0,0,0.0,0
0,edge_30188_80574,3,0,0,-1,0.0,0.025220680958385876,0,0,0,0.0,0
0,edge_49613_60389,3,0,0,-1,0.0,0.025220680958385876,0,0,0,0.0,0
0,edge_162238_424923,3,0,0,-1,0.0,0.025220680958385876,0,0,0,0.0,0
0,edge_31553_83428,3,0,0,-1,0.0,0.025220680958385876,0,0,0,0.0,0
0,edge_31553_35176,3,0,0,-1,0.0,0.025220680958385876,0,0,0,0.0,0
0,edge_6722_11625,3,0,0,-1,0.0,0.025220680958385876,0,0,0,0.0,0
0,edge_6722_171016,3,0,0,-1,0.0,0.025220680958385876,0,0,0,0.0,0
0,edge_220619_332012,3,0,0,-1,0.0,0.025220680958385876,0,0,0,0.0,0
0,edge_220619_333432,3,0,0,-1,0.0,0.025220680958385876,0,0,0,0.0,0
0,edge_188710_188711,3,0,0,-1,0.0,0.025220680958385876,0,0,0,0.0,0
0,edge_183746_188711,3,0,0,-1,0.0,0.025220680958385876,0,0,0,0.0,0
0,66409,3,3,4,47,0.0,0.025220680958385876,0,0,0,0.0,0
0,edge_97182_97184,3,0,0,-1,0.0,0.025220680958385876,0,0,0,0.0,0
0,edge_76526_325692,3,0,0,-1,0.0,0.025220680958385876,0,0,0,0.0,0
0,edge_198166_279751,3,0,0,-1,0.0,0.025220680958385876,0,0,0,0.0,0
0,edge_43663_312008,3,0,0,-1,0.0,0.025220680958385876,0,0,0,0.0,0
1,1,462,561,66,0,0.2813852813852814,4.062609919099542,115,1,116,0.9913793103448276,0
1,47489,60,67,24,1,0.36666666666666664,0.5276116778051354,2,2,4,0.5,0
1,33762,51,62,5,1,0.29411764705882354,0.4484699261343651,2,2,4,0.5,0
1,15432,51,57,9,1,0.4117647058823529,0.4484699261343651,0,1,1,0.0,1
1,84805,43,64,16,1,0.20930232558139536,0.3781217024270137,3,3,6,0.5,0
1,16408,43,74,31,1,0.11627906976744186,0.3781217024270137,1,4,5,0.2,0
1,21502,40,55,20,1,0.25,0.35174111853675694,2,3,5,0.4,0
1,111769,38,32,10,9,0.39473684210526316,0.3341540626099191,0,0,0,0.0,0
1,47016,37,33,7,4,0.4594594594594595,0.32536053464650017,0,0,0,0.0,0
1,149677,36,30,16,4,0.2777777777777778,0.31656700668308124,0,0,0,0.0,0
1,347518,32,52,6,10,0.1875,0.28139289482940555,0,0,0,0.0,0
1,750,31,40,15,2,0.3548387096774194,0.2725993668659866,0,1,1,0.0,1
1,276631,31,13,2,12,0.6451612903225806,0.2725993668659866,0,0,0,0.0,0
1,206006,31,36,8,4,0.41935483870967744,0.2725993668659866,0,0,0,0.0,0
1,81510,30,55,9,3,0.06666666666666667,0.2638058389025677,0,0,0,0.0,0
1,92739,30,23,6,1,0.3,0.2638058389025677,2,3,5,0.4,0
1,13811,29,31,15,1,0.3448275862068966,0.2550123109391488,3,2,5,0.6,0
1,162722,29,27,8,8,0.5172413793103449,0.2550123109391488,0,0,0,0.0,0
1,9335,29,30,14,1,0.20689655172413793,0.2550123109391488,1,2,3,0.3333333333333333,0
1,208023,28,38,6,4,0.2857142857142857,0.24621878297572986,0,0,0,0.0,0
1,245825,26,36,9,5,0.3076923076923077,0.228631727048892,0,0,0,0.0,0
1,14662,25,33,18,2,0.28,0.21983819908547308,1,2,3,0.3333333333333333,0
1,169616,25,50,3,3,0.0,0.21983819908547308,0,0,0,0.0,0
1,50105,25,20,13,2,0.28,0.21983819908547308,0,0,0,0.0,0
1,14433,25,13,12,7,0.52,0.21983819908547308,0,0,0,0.0,0
1,8085,24,33,14,1,0.2916666666666667,0.21104467112205416,0,4,4,0.0,1
1,103671,24,26,8,3,0.375,0.21104467112205416,0,0,0,0.0,0
1,46588,23,32,13,1,0.2608695652173913,0.20225114315863524,1,1,2,0.5,0
1,8086,23,28,15,1,0.34782608695652173,0.20225114315863524,1,2,3,0.3333333333333333,0
1,358311,23,36,5,9,0.21739130434782608,0.20225114315863524,0,0,0,0.0,0
1,10095,22,29,16,2,0.36363636363636365,0.19345761519521631,0,1,1,0.0,1
1,28673,22,29,13,2,0.3181818181818182,0.19345761519521631,0,1,1,0.0,1
1,84042,22,46,9,1,0.0,0.19345761519521631,0,0,0,0.0,0
1,182408,22,32,4,8,0.22727272727272727,0.19345761519521631,0,0,0,0.0,0
1,212933,22,19,4,6,0.13636363636363635,0.19345761519521631,0,0,0,0.0,0
1,110792,21,34,6,2,0.14285714285714285,0.1846640872317974,4,1,5,0.8,0
1,6229,21,22,9,4,0.5238095238095238,0.1846640872317974,0,0,0,0.0,0
1,108902,21,26,11,15,0.38095238095238093,0.1846640872317974,0,0,0,0.0,0
1,194924,21,31,11,1,0.19047619047619047,0.1846640872317974,1,2,3,0.3333333333333333,0
1,26747,20,25,13,8,0.35,0.17587055926837847,0,0,0,0.0,0
1,173256,20,19,4,1,0.5,0.17587055926837847,0,0,0,0.0,0
1,331420,20,32,7,5,0.15,0.17587055926837847,0,0,0,0.0,0
1,15760,20,23,14,5,0.35,0.17587055926837847,0,0,0,0.0,0
1,266144,20,16,3,3,0.6,0.17587055926837847,0,0,0,0.0,0
1,262054,20,22,9,2,0.2,0.17587055926837847,0,0,0,0.0,0
1,73212,20,32,14,3,0.15,0.17587055926837847,0,1,1,0.0,1
1,224863,20,15,8,2,0.4,0.17587055926837847,0,0,0,0.0,0
1,182409,20,16,3,9,0.2,0.17587055926837847,0,0,0,0.0,0
1,49218,19,24,11,4,0.3157894736842105,0.16707703130495954,0,0,0,0.0,0
1,188293,19,24,12,4,0.21052631578947367,0.16707703130495954,0,0,0,0.0,0
1,239085,19,38,4,17,0.0,0.16707703130495954,0,0,0,0.0,0
1,91970,19,29,11,12,0.15789473684210525,0.16707703130495954,0,0,0,0.0,0
1,130752,18,22,11,3,0.3888888888888889,0.15828350334154062,0,1,1,0.0,1
1,7433,18,21,9,3,0.3888888888888889,0.15828350334154062,0,0,0,0.0,0
1,63580,18,20,8,4,0.3888888888888889,0.15828350334154062,0,0,0,0.0,0
1,95029,18,20,8,2,0.3888888888888889,0.15828350334154062,0,1,1,0.0,1
1,120468,18,31,9,5,0.0,0.15828350334154062,0,0,0,0.0,0
1,84634,18,22,4,3,0.3888888888888889,0.15828350334154062,0,0,0,0.0,0
1,172174,18,24,10,9,0.2777777777777778,0.15828350334154062,0,0,0,0.0,0
1,29998,18,20,3,1,0.4444444444444444,0.15828350334154062,0,1,1,0.0,1
1,43418,18,23,12,4,0.2777777777777778,0.15828350334154062,0,0,0,0.0,0
1,edge_47016_164706,17,0,0,-1,0.0,0.1494899753781217,0,0,0,0.0,0
1,73968,17,22,6,7,0.29411764705882354,0.1494899753781217,0,0,0,0.0,0
1,5915,17,26,4,1,0.23529411764705882,0.1494899753781217,0,1,1,0.0,1
1,272338,17,26,6,5,0.17647058823529413,0.1494899753781217,0,0,0,0.0,0
1,48537,17,14,7,4,0.5882352941176471,0.1494899753781217,0,0,0,0.0,0
1,40548,17,22,4,1,0.4117647058823529,0.1494899753781217,2,1,3,0.6666666666666666,0
1,155277,17,18,5,2,0.47058823529411764,0.1494899753781217,0,0,0,0.0,0
1,124430,17,22,9,3,0.35294117647058826,0.1494899753781217,0,0,0,0.0,0
1,edge_1_33762,17,0,0,-1,0.0,0.1494899753781217,2,2,4,0.5,0
1,113245,17,16,10,3,0.11764705882352941,0.1494899753781217,0,0,0,0.0,0
1,edge_169616_178893,17,0,0,-1,0.0,0.1494899753781217,0,0,0,0.0,0
1,91589,16,10,1,2,0.375,0.14069644741470277,1,1,2,0.5,0
1,202246,16,22,3,3,0.3125,0.14069644741470277,0,0,0,0.0,0
1,79071,16,20,12,3,0.25,0.14069644741470277,0,1,1,0.0,1
1,216896,16,18,7,3,0.4375,0.14069644741470277,0,0,0,0.0,0
1,208052,16,24,4,3,0.25,0.14069644741470277,0,0,0,0.0,0
1,126452,16,20,8,2,0.375,0.14069644741470277,0,0,0,0.0,0
1,edge_1_229958,16,0,0,-1,0.0,0.14069644741470277,8,2,10,0.8,0
1,edge_1_44446,16,0,0,-1,0.4375,0.14069644741470277,1,1,2,0.5,0
1,296417,15,22,5,8,0.26666666666666666,0.13190291945128385,0,0,0,0.0,0
1,288900,15,20,7,7,0.26666666666666666,0.13190291945128385,0,0,0,0.0,0
1,156000,15,19,9,2,0.3333333333333333,0.13190291945128385,0,2,2,0.0,1
1,270144,15,22,8,8,0.26666666666666666,0.13190291945128385,0,0,0,0.0,0
1,31096,15,21,9,1,0.2,0.13190291945128385,0,1,1,0.0,1
1,28674,15,18,9,7,0.4,0.13190291945128385,0,0,0,0.0,0
1,edge_1_92739,15,0,0,-1,0.0,0.13190291945128385,2,3,5,0.4,0
1,edge_182409_229475,15,0,0,-1,0.4,0.13190291945128385,0,0,0,0.0,0
1,edge_13811_91589,14,0,0,-1,0.0,0.12310939148786493,3,1,4,0.75,0
1,404918,14,14,2,3,0.5,0.12310939148786493,0,0,0,0.0,0
1,339620,14,8,3,3,0.7142857142857143,0.12310939148786493,0,0,0,0.0,0
1,edge_236811_276631,14,0,0,-1,0.35714285714285715,0.12310939148786493,0,0,0,0.0,0
1,86507,14,23,10,3,0.14285714285714285,0.12310939148786493,0,1,1,0.0,1
1,147032,14,25,8,5,0.07142857142857142,0.12310939148786493,0,0,0,0.0,0
1,38718,14,22,16,5,0.14285714285714285,0.12310939148786493,0,0,0,0.0,0
1,edge_28072_33762,14,0,0,-1,0.0,0.12310939148786493,2,2,4,0.5,0
1,71644,14,19,11,2,0.21428571428571427,0.12310939148786493,0,0,0,0.0,0
1,19885,14,23,16,2,0.14285714285714285,0.12310939148786493,2,1,3,0.6666666666666666,0
1,266285,14,26,7,3,0.07142857142857142,0.12310939148786493,0,0,0,0.0,0
1,36151,14,18,4,5,0.35714285714285715,0.12310939148786493,0,0,0,0.0,0
1,36156,14,20,8,5,0.21428571428571427,0.12310939148786493,0,0,0,0.0,0
1,330396,14,18,4,10,0.35714285714285715,0.12310939148786493,0,0,0,0.0,0
1,71887,14,16,4,4,0.42857142857142855,0.12310939148786493,0,0,0,0.0,0
1,edge_111342_169616,14,0,0,-1,0.0,0.12310939148786493,0,0,0,0.0,0
1,edge_182264_239085,14,0,0,-1,0.2857142857142857,0.12310939148786493,0,0,0,0.0,0
1,36918,13,19,11,1,0.23076923076923078,0.114315863524446,2,1,3,0.6666666666666666,0
1,edge_1_47489,13,0,0,-1,0.0,0.114315863524446,0,1,1,0.0,1
1,62594,13,18,9,11,0.3076923076923077,0.114315863524446,0,0,0,0.0,0
1,9456,13,13,6,2,0.46153846153846156,0.114315863524446,0,0,0,0.0,0
1,36909,13,17,8,2,0.23076923076923078,0.114315863524446,0,1,1,0.0,1
1,24801,13,12,6,5,0.5384615384615384,0.114315863524446,0,0,0,0.0,0
1,71156,13,14,11,3,0.38461538461538464,0.114315863524446,0,0,0,0.0,0
1,125511,13,11,4,2,0.46153846153846156,0.114315863524446,1,1,2,0.5,0
1,298366,13,9,2,2,0.6153846153846154,0.114315863524446,0,0,0,0.0,0
1,320038,13,10,4,6,0.6153846153846154,0.114315863524446,0,0,0,0.0,0
1,153484,13,18,3,2,0.3076923076923077,0.114315863524446,0,1,1,0.0,1
1,edge_208023_208025,13,0,0,-1,0.38461538461538464,0.114315863524446,0,0,0,0.0,0
1,edge_1_83059,13,0,0,-1,0.3076923076923077,0.114315863524446,0,0,0,0.0,0
1,edge_245825_387926,13,0,0,-1,0.0,0.114315863524446,0,0,0,0.0,0
1,edge_4818_314471,13,0,0,-1,0.3076923076923077,0.114315863524446,0,1,1,0.0,1
1,edge_169616_281854,13,0,0,-1,0.46153846153846156,0.114315863524446,0,0,0,0.0,0
1,53611,12,17,12,2,0.16666666666666666,0.10552233556102708,0,0,0,0.0,0
1,22970,12,17,11,1,0.25,0.10552233556102708,0,0,0,0.0,0
1,310870,12,16,3,3,0.3333333333333333,0.10552233556102708,0,0,0,0.0,0
1,85381,12,12,4,5,0.5,0.10552233556102708,0,0,0,0.0,0
1,189991,12,14,8,6,0.4166666666666667,0.10552233556102708,0,0,0,0.0,0
1,55992,12,16,4,9,0.3333333333333333,0.10552233556102708,0,0,0,0.0,0
1,12238,12,17,8,1,0.25,0.10552233556102708,3,2,5,0.6,0
1,25079,12,15,9,4,0.3333333333333333,0.10552233556102708,0,0,0,0.0,0
1,33126,12,20,14,1,0.08333333333333333,0.10552233556102708,0,1,1,0.0,1
1,314471,12,24,2,2,0.0,0.10552233556102708,0,1,1,0.0,1
1,73315,12,19,9,2,0.16666666666666666,0.10552233556102708,0,0,0,0.0,0
1,39624,12,18,5,2,0.25,0.10552233556102708,0,0,0,0.0,0
1,17927,12,18,5,4,0.25,0.10552233556102708,0,0,0,0.0,0
1,17967,12,16,8,3,0.3333333333333333,0.10552233556102708,0,0,0,0.0,0
1,136520,12,15,8,11,0.3333333333333333,0.10552233556102708,0,0,0,0.0,0
1,16887,12,18,8,4,0.16666666666666666,0.10552233556102708,0,1,1,0.0,1
1,16888,12,19,3,5,0.16666666666666666,0.10552233556102708,0,0,0,0.0,0
1,327679,12,20,4,3,0.16666666666666666,0.10552233556102708,0,0,0,0.0,0
1,49144,12,13,9,4,0.3333333333333333,0.10552233556102708,0,0,0,0.0,0
1,154921,12,16,4,3,0.3333333333333333,0.10552233556102708,0,0,0,0.0,0
1,51059,12,13,6,19,0.4166666666666667,0.10552233556102708,0,0,0,0.0,0
1,edge_1_84805,12,0,0,-1,0.0,0.10552233556102708,1,3,4,0.25,0
1,8005,12,9,7,3,0.3333333333333333,0.10552233556102708,0,0,0,0.0,0
1,edge_209769_212933,12,0,0,-1,0.4166666666666667,0.10552233556102708,0,0,0,0.0,0
1,edge_216830_216831,12,0,0,-1,0.0,0.10552233556102708,0,0,0,0.0,0
1,407565,12,12,2,7,0.0,0.10552233556102708,0,0,0,0.0,0
1,161169,12,9,8,3,0.25,0.10552233556102708,0,0,0,0.0,0
1,222593,11,17,9,5,0.09090909090909091,0.09672880759760816,0,0,0,0.0,0
1,207646,11,12,5,5,0.2727272727272727,0.09672880759760816,0,0,0,0.0,0
1,48481,11,16,12,3,0.18181818181818182,0.09672880759760816,0,1,1,0.0,1
1,46052,11,15,9,5,0.18181818181818182,0.09672880759760816,0,0,0,0.0,0
1,208403,11,18,9,2,0.18181818181818182,0.09672880759760816,0,0,0,0.0,0
1,179100,11,14,8,1,0.36363636363636365,0.09672880759760816,0,1,1,0.0,1
1,93651,11,16,5,6,0.2727272727272727,0.09672880759760816,0,0,0,0.0,0
1,393842,11,21,6,6,0.0,0.09672880759760816,0,0,0,0.0,0
1,21820,11,18,7,10,0.2727272727272727,0.09672880759760816,0,0,0,0.0,0
1,289980,11,8,3,4,0.6363636363636364,0.09672880759760816,0,1,1,0.0,1
1,152010,11,16,5,8,0.2727272727272727,0.09672880759760816,0,0,0,0.0,0
1,6926,11,10,5,10,0.5454545454545454,0.09672880759760816,0,0,0,0.0,0
1,134062,11,12,8,5,0.45454545454545453,0.09672880759760816,0,0,0,0.0,0
1,114921,11,18,10,16,0.0,0.09672880759760816,0,0,0,0.0,0
1,32691,11,14,7,5,0.36363636363636365,0.09672880759760816,0,0,0,0.0,0
1,124022,11,12,3,8,0.45454545454545453,0.09672880759760816,0,0,0,0.0,0
1,edge_1_66243,11,0,0,-1,0.0,0.09672880759760816,1,1,2,0.5,0
1,edge_185773_407565,11,0,0,-1,0.45454545454545453,0.09672880759760816,0,0,0,0.0,0
1,edge_15432_57651,11,0,0,-1,0.36363636363636365,0.09672880759760816,0,0,0,0.0,0
1,edge_15432_29998,11,0,0,-1,0.0,0.09672880759760816,0,1,1,0.0,1
1,98162,10,8,4,5,0.5,0.08793527963418923,0,0,0,0.0,0
1,404917,10,12,2,3,0.5,0.08793527963418923,0,0,0,0.0,0
1,99251,10,11,6,9,0.3,0.08793527963418923,0,0,0,0.0,0
1,164706,10,10,1,5,0.0,0.08793527963418923,0,0,0,0.0,0
1,229958,10,12,1,1,0.4,0.08793527963418923,3,2,5,0.6,0
1,288905,10,16,9,7,0.2,0.08793527963418923,0,0,0,0.0,0
1,76922,10,16,5,4,0.2,0.08793527963418923,0,0,0,0.0,0
1,29820,10,8,4,6,0.6,0.08793527963418923,0,0,0,0.0,0
1,192004,10,14,6,4,0.2,0.08793527963418923,0,0,0,0.0,0
1,92022,10,12,6,5,0.5,0.08793527963418923,0,0,0,0.0,0
1,15004,10,16,11,1,0.2,0.08793527963418923,0,2,2,0.0,1
1,103133,10,16,8,1,0.1,0.08793527963418923,0,0,0,0.0,0
1,111342,10,20,3,2,0.0,0.08793527963418923,0,0,0,0.0,0
1,319786,10,12,6,6,0.3,0.08793527963418923,0,0,0,0.0,0
1,288077,10,14,6,10,0.3,0.08793527963418923,0,0,0,0.0,0
1,19134,10,10,7,2,0.5,0.08793527963418923,0,0,0,0.0,0
1,58212,10,14,4,1,0.2,0.08793527963418923,3,1,4,0.75,0
1,53554,10,15,7,2,0.2,0.08793527963418923,1,1,2,0.5,0
1,183006,10,10,4,13,0.3,0.08793527963418923,0,0,0,0.0,0
1,45753,10,17,9,20,0.1,0.08793527963418923,0,0,0,0.0,0
1,178893,10,20,1,4,0.0,0.08793527963418923,0,0,0,0.0,0
1,41746,10,10,2,3,0.5,0.08793527963418923,0,1,1,0.0,1
1,307236,10,20,4,3,0.0,0.08793527963418923,0,0,0,0.0,0
1,3881,10,9,7,2,0.5,0.08793527963418923,0,0,0,0.0,0
1,268584,10,20,4,8,0.0,0.08793527963418923,0,0,0,0.0,0
1,23737,10,10,7,2,0.5,0.08793527963418923,0,0,0,0.0,0
1,282072,10,8,4,16,0.5,0.08793527963418923,0,0,0,0.0,0
1,294804,10,16,4,17,0.2,0.08793527963418923,0,0,0,0.0,0
1,64530,10,20,9,3,0.0,0.08793527963418923,0,0,0,0.0,0
1,244540,10,14,4,3,0.2,0.08793527963418923,0,0,0,0.0,0
1,104070,10,13,8,2,0.3,0.08793527963418923,0,0,0,0.0,0
1,6567,10,16,9,6,0.2,0.08793527963418923,0,0,0,0.0,0
1,128705,10,8,4,11,0.6,0.08793527963418923,0,0,0,0.0,0
1,edge_21502_92739,10,0,0,-1,0.0,0.08793527963418923,1,3,4,0.25,0
1,edge_1_40548,10,0,0,-1,0.0,0.08793527963418923,2,1,3,0.6666666666666666,0
1,edge_1_86291,10,0,0,-1,0.3,0.08793527963418923,0,1,1,0.0,1
1,edge_1_7741,10,0,0,-1,0.3,0.08793527963418923,2,3,5,0.4,0
1,edge_212933_212934,10,0,0,-1,0.0,0.08793527963418923,0,0,0,0.0,0
1,edge_33762_77551,10,0,0,-1,0.3,0.08793527963418923,0,0,0,0.0,0
1,edge_1_81806,10,0,0,-1,0.4,0.08793527963418923,1,1,2,0.5,0
1,edge_110792_284704,10,0,0,-1,0.0,0.08793527963418923,1,1,2,0.5,0
1,edge_182408_229476,10,0,0,-1,0.3,0.08793527963418923,0,0,0,0.0,0
1,edge_81510_347780,10,0,0,-1,0.2,0.08793527963418923,0,0,0,0.0,0
1,edge_367752_407565,10,0,0,-1,0.0,0.08793527963418923,0,0,0,0.0,0
1,21759,10,7,8,15,0.4,0.08793527963418923,0,0,0,0.0,0
1,48029,10,8,8,4,0.2,0.08793527963418923,0,0,0,0.0,0
1,6580,9,14,8,3,0.2222222222222222,0.07914175167077031,0,0,0,0.0,0
1,164373,9,18,5,1,0.0,0.07914175167077031,1,1,2,0.5,0
1,12021,9,13,7,2,0.2222222222222222,0.07914175167077031,0,0,0,0.0,0
1,56206,9,15,6,2,0.1111111111111111,0.07914175167077031,1,2,3,0.3333333333333333,0
1,212934,9,10,3,6,0.3333333333333333,0.07914175167077031,0,0,0,0.0,0
1,73418,9,14,9,2,0.2222222222222222,0.07914175167077031,0,1,1,0.0,1
1,96500,9,6,5,4,0.5555555555555556,0.07914175167077031,0,0,0,0.0,0
1,189376,9,15,7,5,0.0,0.07914175167077031,0,0,0,0.0,0
1,94892,9,6,1,2,0.6666666666666666,0.07914175167077031,0,0,0,0.0,0
1,75293,9,11,5,6,0.3333333333333333,0.07914175167077031,0,0,0,0.0,0
1,410885,9,17,5,5,0.0,0.07914175167077031,0,0,0,0.0,0
1,183977,9,15,7,6,0.1111111111111111,0.07914175167077031,0,0,0,0.0,0
1,319783,9,8,3,7,0.3333333333333333,0.07914175167077031,0,0,0,0.0,0
1,319785,9,11,4,7,0.2222222222222222,0.07914175167077031,0,0,0,0.0,0
1,92741,9,14,4,2,0.2222222222222222,0.07914175167077031,0,0,0,0.0,0
1,259020,9,14,6,3,0.2222222222222222,0.07914175167077031,0,0,0,0.0,0
1,367752,9,18,4,6,0.0,0.07914175167077031,0,0,0,0.0,0
1,34418,9,12,9,5,0.2222222222222222,0.07914175167077031,0,0,0,0.0,0
1,20320,9,13,8,12,0.2222222222222222,0.07914175167077031,0,0,0,0.0,0
1,82290,9,8,4,3,0.4444444444444444,0.07914175167077031,0,1,1,0.0,1
1,363841,9,10,2,4,0.4444444444444444,0.07914175167077031,0,2,2,0.0,1
1,6484,9,7,6,2,0.5555555555555556,0.07914175167077031,0,0,0,0.0,0
1,14703,9,15,7,3,0.1111111111111111,0.07914175167077031,0,0,0,0.0,0
1,50323,9,15,8,3,0.1111111111111111,0.07914175167077031,0,0,0,0.0,0
1,268017,9,13,7,6,0.1111111111111111,0.07914175167077031,0,0,0,0.0,0
1,38749,9,12,6,9,0.2222222222222222,0.07914175167077031,0,0,0,0.0,0
1,387754,9,12,3,17,0.3333333333333333,0.07914175167077031,0,0,0,0.0,0
1,91229,9,14,5,2,0.2222222222222222,0.07914175167077031,0,0,0,0.0,0
1,edge_1_113230,9,0,0,-1,0.3333333333333333,0.07914175167077031,1,1,2,0.5,0
1,edge_1_10971,9,0,0,-1,0.3333333333333333,0.07914175167077031,3,2,5,0.6,0
1,edge_1_321570,9,0,0,-1,0.0,0.07914175167077031,4,2,6,0.6666666666666666,0
1,edge_1_16408,9,0,0,-1,0.0,0.07914175167077031,0,0,0,0.0,0
1,edge_1_9335,9,0,0,-1,0.0,0.07914175167077031,1,2,3,0.3333333333333333,0
1,410325,9,6,3,6,0.3333333333333333,0.07914175167077031,0,0,0,0.0,0
1,edge_110792_401027,9,0,0,-1,0.0,0.07914175167077031,3,1,4,0.75,0
1,edge_208052_279223,9,0,0,-1,0.4444444444444444,0.07914175167077031,0,0,0,0.0,0
1,edge_330398_347518,9,0,0,-1,0.3333333333333333,0.07914175167077031,0,0,0,0.0,0
1,205753,9,6,4,12,0.5555555555555556,0.07914175167077031,0,0,0,0.0,0
1,98161,8,6,3,6,0.625,0.07034822370735139,0,0,0,0.0,0
1,123505,8,9,6,3,0.375,0.07034822370735139,1,1,2,0.5,0
1,272396,8,14,6,6,0.125,0.07034822370735139,0,0,0,0.0,0
1,7852,8,11,7,1,0.25,0.07034822370735139,2,3,5,0.4,0
1,120469,8,13,3,6,0.0,0.07034822370735139,0,0,0,0.0,0
1,131722,8,13,7,9,0.125,0.07034822370735139,0,0,0,0.0,0
1,322684,8,9,6,5,0.25,0.07034822370735139,0,0,0,0.0,0
1,edge_146279_188293,8,0,0,-1,0.5,0.07034822370735139,0,0,0,0.0,0
1,77004,8,10,5,5,0.375,0.07034822370735139,0,0,0,0.0,0
1,9439,8,10,6,5,0.375,0.07034822370735139,0,0,0,0.0,0
1,387926,8,16,1,6,0.0,0.07034822370735139,0,0,0,0.0,0
1,26192,8,8,5,2,0.375,0.07034822370735139,0,0,0,0.0,0
1,28779,8,11,8,4,0.25,0.07034822370735139,0,0,0,0.0,0
1,320660,8,11,7,4,0.25,0.07034822370735139,0,0,0,0.0,0
1,96189,8,16,2,5,0.0,0.07034822370735139,2,1,3,0.6666666666666666,0
1,75218,8,10,5,4,0.375,0.07034822370735139,0,0,0,0.0,0
1,216830,8,16,2,4,0.0,0.07034822370735139,0,0,0,0.0,0
1,58164,8,10,6,1,0.375,0.07034822370735139,0,1,1,0.0,1
1,31776,8,13,8,8,0.125,0.07034822370735139,0,0,0,0.0,0
1,320040,8,9,5,6,0.375,0.07034822370735139,0,0,0,0.0,0
1,105488,8,8,4,4,0.5,0.07034822370735139,0,0,0,0.0,0
1,58124,8,12,7,10,0.25,0.07034822370735139,0,0,0,0.0,0
1,19850,8,8,5,10,0.5,0.07034822370735139,0,0,0,0.0,0
1,177387,8,11,7,5,0.25,0.07034822370735139,0,0,0,0.0,0
1,337647,8,16,4,11,0.0,0.07034822370735139,0,0,0,0.0,0
1,138567,8,6,3,12,0.5,0.07034822370735139,0,0,0,0.0,0
1,137575,8,10,6,16,0.25,0.07034822370735139,0,0,0,0.0,0
1,311184,8,4,3,2,0.625,0.07034822370735139,0,0,0,0.0,0
1,417916,8,12,3,5,0.25,0.07034822370735139,0,0,0,0.0,0
1,333663,8,14,6,4,0.125,0.07034822370735139,0,0,0,0.0,0
1,141127,8,7,4,10,0.375,0.07034822370735139,0,0,0,0.0,0
1,372575,8,10,2,12,0.375,0.07034822370735139,0,0,0,0.0,0
1,43400,8,10,6,3,0.375,0.07034822370735139,0,0,0,0.0,0
1,edge_1_110696,8,0,0,-1,0.0,0.07034822370735139,2,2,4,0.5,0
1,edge_1_8085,8,0,0,-1,0.0,0.07034822370735139,0,4,4,0.0,1
1,edge_1_173256,8,0,0,-1,0.0,0.07034822370735139,0,0,0,0.0,0
1,edge_1_63386,8,0,0,-1,0.375,0.07034822370735139,0,2,2,0.0,1
1,edge_1_193261,8,0,0,-1,0.0,0.07034822370735139,1,2,3,0.3333333333333333,0
1,edge_1_84042,8,0,0,-1,0.0,0.07034822370735139,0,0,0,0.0,0
1,edge_1_15432,8,0,0,-1,0.0,0.07034822370735139,0,0,0,0.0,0
1,218773,8,6,3,4,0.375,0.07034822370735139,0,0,0,0.0,0
1,edge_1_36918,8,0,0,-1,0.0,0.07034822370735139,3,1,4,0.75,0
1,289025,8,8,5,4,0.125,0.07034822370735139,0,0,0,0.0,0
1,edge_147031_147032,8,0,0,-1,0.5,0.07034822370735139,0,0,0,0.0,0
1,edge_33762_83059,8,0,0,-1,0.375,0.07034822370735139,0,0,0,0.0,0
1,edge_120468_342255,8,0,0,-1,0.5,0.07034822370735139,0,0,0,0.0,0
1,edge_1_162643,8,0,0,-1,0.25,0.07034822370735139,3,1,4,0.75,0
1,edge_1_5915,8,0,0,-1,0.0,0.07034822370735139,1,1,2,0.5,0
1,edge_77004_92434,8,0,0,-1,0.0,0.07034822370735139,0,0,0,0.0,0
1,394823,8,10,5,6,0.125,0.07034822370735139,0,0,0,0.0,0
1,edge_182408_229475,8,0,0,-1,0.375,0.07034822370735139,0,0,0,0.0,0
1,edge_96189_283055,8,0,0,-1,0.0,0.07034822370735139,0,0,0,0.0,0
1,edge_17927_342751,8,0,0,-1,0.5,0.07034822370735139,0,0,0,0.0,0
1,edge_330397_358311,8,0,0,-1,0.25,0.07034822370735139,0,0,0,0.0,0
1,162505,8,8,8,18,0.0,0.07034822370735139,0,0,0,0.0,0
1,edge_9527_16888,8,0,0,-1,0.375,0.07034822370735139,0,0,0,0.0,0
1,342249,7,8,4,4,0.42857142857142855,0.061554695743932464,0,0,0,0.0,0
1,32476,7,10,4,2,0.2857142857142857,0.061554695743932464,0,0,0,0.0,0
1,9126,7,7,6,4,0.2857142857142857,0.061554695743932464,0,0,0,0.0,0
1,215452,7,12,4,6,0.14285714285714285,0.061554695743932464,0,0,0,0.0,0
1,87027,7,12,7,2,0.14285714285714285,0.061554695743932464,0,1,1,0.0,1
1,311172,7,10,3,3,0.2857142857142857,0.061554695743932464,0,0,0,0.0,0
1,196271,7,10,3,3,0.2857142857142857,0.061554695743932464,0,1,1,0.0,1
1,18823,7,8,6,6,0.2857142857142857,0.061554695743932464,0,0,0,0.0,0
1,74728,7,12,5,5,0.14285714285714285,0.061554695743932464,0,0,0,0.0,0
1,92434,7,14,1,6,0.0,0.061554695743932464,0,0,0,0.0,0
1,83002,7,12,6,8,0.0,0.061554695743932464,0,0,0,0.0,0
1,44843,7,10,5,4,0.2857142857142857,0.061554695743932464,0,0,0,0.0,0
1,142812,7,8,5,7,0.42857142857142855,0.061554695743932464,0,0,0,0.0,0
1,14308,7,7,5,4,0.42857142857142855,0.061554695743932464,0,0,0,0.0,0
1,132642,7,8,3,6,0.42857142857142855,0.061554695743932464,0,0,0,0.0,0
1,264140,7,11,6,5,0.14285714285714285,0.061554695743932464,0,0,0,0.0,0
1,1936,7,12,4,4,0.14285714285714285,0.061554695743932464,5,1,6,0.8333333333333334,0
1,365517,7,8,2,5,0.42857142857142855,0.061554695743932464,0,0,0,0.0,0
1,216831,7,14,1,5,0.0,0.061554695743932464,0,0,0,0.0,0
1,113839,7,14,3,2,0.0,0.061554695743932464,0,0,0,0.0,0
1,379887,7,13,4,3,0.0,0.061554695743932464,0,0,0,0.0,0
1,246740,7,11,4,3,0.14285714285714285,0.061554695743932464,0,0,0,0.0,0
1,101630,7,5,4,2,0.42857142857142855,0.061554695743932464,0,1,1,0.0,1
1,94137,7,14,9,4,0.0,0.061554695743932464,0,0,0,0.0,0
1,229870,7,8,2,2,0.42857142857142855,0.061554695743932464,0,0,0,0.0,0
1,106996,7,10,6,17,0.2857142857142857,0.061554695743932464,0,0,0,0.0,0
1,2042,7,14,6,4,0.0,0.061554695743932464,0,0,0,0.0,0
1,117553,7,10,2,4,0.2857142857142857,0.061554695743932464,0,0,0,0.0,0
1,21486,7,8,2,8,0.42857142857142855,0.061554695743932464,0,0,0,0.0,0
1,31117,7,12,6,11,0.14285714285714285,0.061554695743932464,0,0,0,0.0,0
1,51162,7,8,5,4,0.2857142857142857,0.061554695743932464,0,0,0,0.0,0
1,edge_1_164373,7,0,0,-1,0.0,0.061554695743932464,1,1,2,0.5,0
1,edge_404917_404918,7,0,0,-1,0.0,0.061554695743932464,0,0,0,0.0,0
1,edge_1_16259,7,0,0,-1,0.2857142857142857,0.061554695743932464,0,1,1,0.0,1
1,edge_86321_202246,7,0,0,-1,0.42857142857142855,0.061554695743932464,0,0,0,0.0,0
1,405305,7,6,5,7,0.2857142857142857,0.061554695743932464,0,0,0,0.0,0
1,18495,7,7,6,3,0.14285714285714285,0.061554695743932464,0,0,0,0.0,0
1,edge_33762_64961,7,0,0,-1,0.0,0.061554695743932464,0,0,0,0.0,0
1,12277,7,6,7,3,0.2857142857142857,0.061554695743932464,0,0,0,0.0,0
1,edge_76922_208023,7,0,0,-1,0.0,0.061554695743932464,0,0,0,0.0,0
1,edge_1_194924,7,0,0,-1,0.0,0.061554695743932464,1,2,3,0.3333333333333333,0
1,edge_84042_94892,7,0,0,-1,0.0,0.061554695743932464,0,0,0,0.0,0
1,76285,7,7,5,2,0.0,0.061554695743932464,0,1,1,0.0,1
1,edge_75293_331420,7,0,0,-1,0.0,0.061554695743932464,0,0,0,0.0,0
1,104837,7,8,4,6,0.14285714285714285,0.061554695743932464,0,0,0,0.0,0
1,edge_1_95874,7,0,0,-1,0.2857142857142857,0.061554695743932464,0,0,0,0.0,0
1,151971,7,5,6,2,0.2857142857142857,0.061554695743932464,0,0,0,0.0,0
1,248963,7,6,5,5,0.14285714285714285,0.061554695743932464,0,0,0,0.0,0
1,edge_5915_55608,7,0,0,-1,0.42857142857142855,0.061554695743932464,0,0,0,0.0,0
1,edge_220362_245825,7,0,0,-1,0.42857142857142855,0.061554695743932464,0,0,0,0.0,0
1,edge_256651_272338,7,0,0,-1,0.42857142857142855,0.061554695743932464,0,0,0,0.0,0
1,edge_40096_93651,7,0,0,-1,0.2857142857142857,0.061554695743932464,0,0,0,0.0,0
1,edge_1936_96189,7,0,0,-1,0.0,0.061554695743932464,5,1,6,0.8333333333333334,0
1,edge_73315_84634,7,0,0,-1,0.0,0.061554695743932464,0,0,0,0.0,0
1,edge_1_92740,7,0,0,-1,0.42857142857142855,0.061554695743932464,0,1,1,0.0,1
1,edge_68885_81510,7,0,0,-1,0.2857142857142857,0.061554695743932464,0,0,0,0.0,0
1,138885,7,8,7,7,0.0,0.061554695743932464,0,0,0,0.0,0
1,edge_330396_347518,7,0,0,-1,0.0,0.061554695743932464,0,0,0,0.0,0
1,edge_347518_358311,7,0,0,-1,0.0,0.061554695743932464,0,0,0,0.0,0
1,edge_270144_358311,7,0,0,-1,0.0,0.061554695743932464,0,0,0,0.0,0
1,edge_330398_358311,7,0,0,-1,0.42857142857142855,0.061554695743932464,0,0,0,0.0,0
1,edge_92622_298366,7,0,0,-1,0.42857142857142855,0.061554695743932464,0,0,0,0.0,0
1,edge_84805_153484,7,0,0,-1,0.0,0.061554695743932464,0,1,1,0.0,1
1,edge_83897_153484,7,0,0,-1,0.42857142857142855,0.061554695743932464,0,0,0,0.0,0
1,192961,7,3,3,4,0.5714285714285714,0.061554695743932464,0,0,0,0.0,0
1,edge_7979_15432,7,0,0,-1,0.2857142857142857,0.061554695743932464,0,0,0,0.0,0
1,edge_155277_275064,7,0,0,-1,0.42857142857142855,0.061554695743932464,0,0,0,0.0,0
1,edge_1_35156,7,0,0,-1,0.2857142857142857,0.061554695743932464,1,3,4,0.25,0
1,221933,7,7,5,8,0.0,0.061554695743932464,0,0,0,0.0,0
1,21297,7,4,5,9,0.42857142857142855,0.061554695743932464,0,0,0,0.0,0
1,162477,6,7,4,4,0.3333333333333333,0.05276116778051354,0,0,0,0.0,0
1,58598,6,10,5,6,0.16666666666666666,0.05276116778051354,0,0,0,0.0,0
1,76126,6,2,2,7,0.8333333333333334,0.05276116778051354,0,0,0,0.0,0
1,328328,6,12,3,5,0.0,0.05276116778051354,0,0,0,0.0,0
1,405304,6,10,6,7,0.16666666666666666,0.05276116778051354,0,0,0,0.0,0
1,66243,6,8,1,1,0.3333333333333333,0.05276116778051354,0,1,1,0.0,1
1,173255,6,11,6,1,0.16666666666666666,0.05276116778051354,0,1,1,0.0,1
1,12110,6,7,5,5,0.3333333333333333,0.05276116778051354,0,0,0,0.0,0
1,228445,6,10,6,8,0.16666666666666666,0.05276116778051354,0,0,0,0.0,0
1,24297,6,10,5,5,0.16666666666666666,0.05276116778051354,0,0,0,0.0,0
1,28292,6,10,3,3,0.16666666666666666,0.05276116778051354,0,0,0,0.0,0
1,246574,6,9,3,5,0.16666666666666666,0.05276116778051354,0,0,0,0.0,0
1,384525,6,9,2,2,0.0,0.05276116778051354,0,0,0,0.0,0
1,248344,6,12,5,1,0.0,0.05276116778051354,0,1,1,0.0,1
1,132522,6,8,5,5,0.3333333333333333,0.05276116778051354,0,0,0,0.0,0
1,232005,6,10,3,8,0.16666666666666666,0.05276116778051354,0,0,0,0.0,0
1,129276,6,9,5,8,0.0,0.05276116778051354,0,0,0,0.0,0
1,116341,6,6,4,9,0.5,0.05276116778051354,0,0,0,0.0,0
1,187433,6,7,5,4,0.3333333333333333,0.05276116778051354,0,0,0,0.0,0
1,33841,6,6,5,4,0.5,0.05276116778051354,0,0,0,0.0,0
1,233059,6,12,5,4,0.0,0.05276116778051354,0,0,0,0.0,0
1,76312,6,10,5,2,0.16666666666666666,0.05276116778051354,0,0,0,0.0,0
1,103750,6,12,3,9,0.0,0.05276116778051354,0,0,0,0.0,0
1,29703,6,10,5,10,0.16666666666666666,0.05276116778051354,0,0,0,0.0,0
1,333791,6,8,1,3,0.3333333333333333,0.05276116778051354,0,0,0,0.0,0
1,188525,6,7,6,8,0.3333333333333333,0.05276116778051354,0,0,0,0.0,0
1,31446,6,8,6,3,0.3333333333333333,0.05276116778051354,0,0,0,0.0,0
1,420030,6,14,3,5,0.0,0.05276116778051354,0,0,0,0.0,0
1,172620,6,6,4,3,0.5,0.05276116778051354,0,0,0,0.0,0
1,edge_80093_103671,6,0,0,-1,0.3333333333333333,0.05276116778051354,0,0,0,0.0,0
1,194098,6,6,1,2,0.5,0.05276116778051354,0,0,0,0.0,0
1,234213,6,12,4,17,0.0,0.05276116778051354,0,0,0,0.0,0
1,212528,6,6,2,2,0.5,0.05276116778051354,0,0,0,0.0,0
1,10745,6,10,6,3,0.16666666666666666,0.05276116778051354,0,0,0,0.0,0
1,edge_111769_198447,6,0,0,-1,0.3333333333333333,0.05276116778051354,0,0,0,0.0,0
1,86698,6,10,5,3,0.16666666666666666,0.05276116778051354,0,0,0,0.0,0
1,171307,6,8,3,4,0.3333333333333333,0.05276116778051354,0,0,0,0.0,0
1,17501,6,8,5,10,0.3333333333333333,0.05276116778051354,0,0,0,0.0,0
1,2962,6,11,7,11,0.0,0.05276116778051354,0,0,0,0.0,0
1,377009,6,12,5,4,0.0,0.05276116778051354,0,0,0,0.0,0
1,175465,6,6,3,4,0.5,0.05276116778051354,0,0,0,0.0,0
1,166031,6,12,2,2,0.0,0.05276116778051354,0,1,1,0.0,1
1,199572,6,8,4,4,0.3333333333333333,0.05276116778051354,0,0,0,0.0,0
1,17808,6,10,6,6,0.16666666666666666,0.05276116778051354,0,0,0,0.0,0
1,168955,6,11,3,3,0.0,0.05276116778051354,0,0,0,0.0,0
1,135097,6,8,1,7,0.3333333333333333,0.05276116778051354,0,0,0,0.0,0
1,edge_1_67191,6,0,0,-1,0.3333333333333333,0.05276116778051354,0,1,1,0.0,1
1,193261,6,6,2,1,0.0,0.05276116778051354,0,2,2,0.0,1
1,edge_162643_193261,6,0,0,-1,0.3333333333333333,0.05276116778051354,0,1,1,0.0,1
1,edge_6055_202246,6,0,0,-1,0.5,0.05276116778051354,0,0,0,0.0,0
1,edge_47016_117422,6,0,0,-1,0.0,0.05276116778051354,0,0,0,0.0,0
1,edge_1_46588,6,0,0,-1,0.0,0.05276116778051354,1,1,2,0.5,0
1,edge_36909_310870,6,0,0,-1,0.0,0.05276116778051354,0,0,0,0.0,0
1,edge_149677_331420,6,0,0,-1,0.0,0.05276116778051354,0,0,0,0.0,0
1,edge_1_49063,6,0,0,-1,0.0,0.05276116778051354,0,2,2,0.0,1
1,edge_1_58212,6,0,0,-1,0.0,0.05276116778051354,3,1,4,0.75,0
1,edge_1_12238,6,0,0,-1,0.0,0.05276116778051354,3,2,5,0.6,0
1,edge_47489_384525,6,0,0,-1,0.0,0.05276116778051354,0,0,0,0.0,0
1,edge_17771_73968,6,0,0,-1,0.3333333333333333,0.05276116778051354,0,0,0,0.0,0
1,edge_103133_111342,6,0,0,-1,0.0,0.05276116778051354,0,0,0,0.0,0
1,edge_92739_173256,6,0,0,-1,0.0,0.05276116778051354,0,0,0,0.0,0
1,edge_29703_103750,6,0,0,-1,0.0,0.05276116778051354,0,0,0,0.0,0
1,edge_5915_9912,6,0,0,-1,0.0,0.05276116778051354,0,0,0,0.0,0
1,edge_319785_346430,6,0,0,-1,0.5,0.05276116778051354,0,0,0,0.0,0
1,edge_26192_84042,6,0,0,-1,0.0,0.05276116778051354,0,0,0,0.0,0
1,edge_76441_272338,6,0,0,-1,0.3333333333333333,0.05276116778051354,0,0,0,0.0,0
1,77067,6,2,3,2,0.6666666666666666,0.05276116778051354,0,0,0,0.0,0
1,171051,6,5,3,2,0.16666666666666666,0.05276116778051354,1,1,2,0.5,0
1,edge_173931_393842,6,0,0,-1,0.5,0.05276116778051354,0,0,0,0.0,0
1,edge_182409_229476,6,0,0,-1,0.16666666666666666,0.05276116778051354,0,0,0,0.0,0
1,edge_225731_420030,6,0,0,-1,0.5,0.05276116778051354,0,0,0,0.0,0
1,edge_68885_125511,6,0,0,-1,0.5,0.05276116778051354,1,1,2,0.5,0
1,edge_6765_208052,6,0,0,-1,0.3333333333333333,0.05276116778051354,0,0,0,0.0,0
1,edge_81510_129568,6,0,0,-1,0.5,0.05276116778051354,0,0,0,0.0,0
1,edge_81510_129569,6,0,0,-1,0.0,0.05276116778051354,0,0,0,0.0,0
1,edge_36151_36156,6,0,0,-1,0.0,0.05276116778051354,0,0,0,0.0,0
1,edge_172174_182767,6,0,0,-1,0.3333333333333333,0.05276116778051354,0,0,0,0.0,0
1,edge_108902_315284,6,0,0,-1,0.0,0.05276116778051354,0,0,0,0.0,0
1,edge_8734_307236,6,0,0,-1,0.3333333333333333,0.05276116778051354,0,0,0,0.0,0
1,201467,6,7,3,10,0.0,0.05276116778051354,0,0,0,0.0,0
1,edge_198447_201467,6,0,0,-1,0.5,0.05276116778051354,0,0,0,0.0,0
1,edge_1_29998,6,0,0,-1,0.0,0.05276116778051354,0,1,1,0.0,1
1,edge_262054_327679,6,0,0,-1,0.0,0.05276116778051354,0,0,0,0.0,0
1,60369,6,3,4,3,0.5,0.05276116778051354,0,0,0,0.0,0
1,edge_31678_379887,6,0,0,-1,0.3333333333333333,0.05276116778051354,0,0,0,0.0,0
1,148295,6,4,6,7,0.3333333333333333,0.05276116778051354,0,0,0,0.0,0
1,edge_254408_294804,6,0,0,-1,0.16666666666666666,0.05276116778051354,0,0,0,0.0,0
1,72823,6,4,5,2,0.3333333333333333,0.05276116778051354,1,1,2,0.5,0
1,edge_91970_372575,6,0,0,-1,0.0,0.05276116778051354,0,0,0,0.0,0
1,329865,6,4,3,24,0.5,0.05276116778051354,0,0,0,0.0,0
1,edge_135096_144983,6,0,0,-1,0.0,0.05276116778051354,0,0,0,0.0,0
1,edge_407307_419292,6,0,0,-1,0.5,0.05276116778051354,0,0,0,0.0,0
1,404916,5,10,4,2,0.0,0.04396763981709462,0,0,0,0.0,0
1,404915,5,6,2,2,0.4,0.04396763981709462,0,0,0,0.0,0
1,edge_21502_173256,5,0,0,-1,0.0,0.04396763981709462,0,0,0,0.0,0
1,42410,5,10,6,7,0.0,0.04396763981709462,0,0,0,0.0,0
1,275629,5,9,4,10,0.0,0.04396763981709462,0,0,0,0.0,0
1,152006,5,8,3,6,0.2,0.04396763981709462,0,0,0,0.0,0
1,321570,5,12,3,1,0.0,0.04396763981709462,2,2,4,0.5,0
1,62600,5,5,3,3,0.4,0.04396763981709462,0,0,0,0.0,0
1,356980,5,8,5,6,0.2,0.04396763981709462,0,0,0,0.0,0
1,87125,5,5,4,3,0.4,0.04396763981709462,0,0,0,0.0,0
1,35274,5,6,3,4,0.4,0.04396763981709462,0,0,0,0.0,0
1,37171,5,7,5,3,0.2,0.04396763981709462,0,0,0,0.0,0
1,11782,5,8,6,2,0.0,0.04396763981709462,0,0,0,0.0,0
1,364545,5,6,5,3,0.2,0.04396763981709462,0,1,1,0.0,1
1,20388,5,9,8,4,0.0,0.04396763981709462,0,0,0,0.0,0
1,188282,5,6,2,4,0.4,0.04396763981709462,0,0,0,0.0,0
1,110662,5,5,4,5,0.4,0.04396763981709462,0,0,0,0.0,0
1,79953,5,5,4,3,0.4,0.04396763981709462,0,0,0,0.0,0
1,182592,5,4,2,2,0.6,0.04396763981709462,0,0,0,0.0,0
1,401027,5,10,1,3,0.0,0.04396763981709462,1,1,2,0.5,0
1,87225,5,5,4,3,0.2,0.04396763981709462,0,0,0,0.0,0
1,269746,5,10,4,3,0.0,0.04396763981709462,0,0,0,0.0,0
1,142697,5,8,4,4,0.2,0.04396763981709462,0,0,0,0.0,0
1,128615,5,10,4,5,0.0,0.04396763981709462,0,0,0,0.0,0
1,215891,5,8,2,10,0.2,0.04396763981709462,0,0,0,0.0,0
1,edge_224863_384525,5,0,0,-1,0.0,0.04396763981709462,0,0,0,0.0,0
1,410139,5,6,1,3,0.4,0.04396763981709462,0,0,0,0.0,0
1,164140,5,10,3,3,0.0,0.04396763981709462,0,0,0,0.0,0
1,212609,5,4,3,6,0.4,0.04396763981709462,0,0,0,0.0,0
1,edge_319783_319785,5,0,0,-1,0.0,0.04396763981709462,0,0,0,0.0,0
1,16974,5,7,5,2,0.0,0.04396763981709462,0,0,0,0.0,0
1,177972,5,10,4,2,0.0,0.04396763981709462,0,0,0,0.0,0
1,284704,5,10,1,3,0.0,0.04396763981709462,0,1,1,0.0,1
1,85557,5,9,6,4,0.0,0.04396763981709462,0,0,0,0.0,0
1,31447,5,6,3,3,0.4,0.04396763981709462,0,0,0,0.0,0
1,339181,5,6,4,3,0.4,0.04396763981709462,0,0,0,0.0,0
1,4566,5,8,6,3,0.2,0.04396763981709462,1,1,2,0.5,0
1,39625,5,10,4,2,0.0,0.04396763981709462,0,0,0,0.0,0
1,375540,5,5,2,9,0.0,0.04396763981709462,0,0,0,0.0,0
1,17797,5,5,4,9,0.4,0.04396763981709462,0,0,0,0.0,0
1,172500,5,6,4,5,0.4,0.04396763981709462,0,0,0,0.0,0
1,147060,5,10,5,2,0.0,0.04396763981709462,0,0,0,0.0,0
1,181039,5,8,5,10,0.2,0.04396763981709462,0,0,0,0.0,0
1,187690,5,8,5,19,0.2,0.04396763981709462,0,0,0,0.0,0
1,8710,5,8,5,2,0.2,0.04396763981709462,1,1,2,0.5,0
1,150072,5,8,4,2,0.2,0.04396763981709462,0,0,0,0.0,0
1,315284,5,10,1,16,0.0,0.04396763981709462,0,0,0,0.0,0
1,231770,5,10,5,2,0.0,0.04396763981709462,0,0,0,0.0,0
1,50895,5,5,4,5,0.4,0.04396763981709462,0,0,0,0.0,0
1,160062,5,10,4,3,0.0,0.04396763981709462,0,0,0,0.0,0
1,6927,5,6,2,11,0.4,0.04396763981709462,0,0,0,0.0,0
1,edge_52148_262054,5,0,0,-1,0.2,0.04396763981709462,0,0,0,0.0,0
1,56915,5,6,4,6,0.2,0.04396763981709462,0,0,0,0.0,0
1,225296,5,10,2,5,0.2,0.04396763981709462,0,0,0,0.0,0
1,249630,5,6,2,8,0.2,0.04396763981709462,0,0,0,0.0,0
1,97936,5,4,3,8,0.6,0.04396763981709462,0,0,0,0.0,0
1,146115,5,9,5,17,0.0,0.04396763981709462,0,0,0,0.0,0
1,93247,5,10,4,3,0.0,0.04396763981709462,0,0,0,0.0,0
1,141242,5,8,3,6,0.0,0.04396763981709462,0,0,0,0.0,0
1,63394,5,8,3,2,0.4,0.04396763981709462,0,0,0,0.0,0
1,53147,5,9,6,3,0.0,0.04396763981709462,0,0,0,0.0,0
1,423057,5,7,4,5,0.2,0.04396763981709462,0,0,0,0.0,0
1,370207,5,10,2,7,0.0,0.04396763981709462,0,0,0,0.0,0
1,321905,5,8,4,14,0.2,0.04396763981709462,0,0,0,0.0,0
1,56120,5,7,4,3,0.2,0.04396763981709462,0,0,0,0.0,0
1,31118,5,10,3,12,0.0,0.04396763981709462,0,0,0,0.0,0
1,edge_1_22970,5,0,0,-1,0.0,0.04396763981709462,0,0,0,0.0,0
1,edge_1_13811,5,0,0,-1,0.0,0.04396763981709462,1,2,3,0.3333333333333333,0
1,edge_53611_202246,5,0,0,-1,0.0,0.04396763981709462,0,0,0,0.0,0
1,edge_83897_84805,5,0,0,-1,0.4,0.04396763981709462,0,0,0,0.0,0
1,edge_289025_328328,5,0,0,-1,0.0,0.04396763981709462,0,0,0,0.0,0
1,edge_147032_212933,5,0,0,-1,0.0,0.04396763981709462,0,0,0,0.0,0
1,edge_92739_173255,5,0,0,-1,0.0,0.04396763981709462,0,1,1,0.0,1
1,edge_6765_9456,5,0,0,-1,0.4,0.04396763981709462,0,0,0,0.0,0
1,edge_9335_423805,5,0,0,-1,0.0,0.04396763981709462,0,0,0,0.0,0
1,92703,5,4,4,6,0.2,0.04396763981709462,0,0,0,0.0,0
1,edge_1_8086,5,0,0,-1,0.0,0.04396763981709462,0,1,1,0.0,1
1,edge_310870_311172,5,0,0,-1,0.0,0.04396763981709462,0,0,0,0.0,0
1,edge_331420_359039,5,0,0,-1,0.4,0.04396763981709462,0,0,0,0.0,0
1,edge_410325_410885,5,0,0,-1,0.0,0.04396763981709462,0,0,0,0.0,0
1,edge_12238_47489,5,0,0,-1,0.0,0.04396763981709462,0,1,1,0.0,1
1,edge_44446_248344,5,0,0,-1,0.4,0.04396763981709462,0,1,1,0.0,1
1,edge_131723_134021,5,0,0,-1,0.4,0.04396763981709462,0,0,0,0.0,0
1,edge_21502_179788,5,0,0,-1,0.2,0.04396763981709462,0,0,0,0.0,0
1,edge_110792_401044,5,0,0,-1,0.0,0.04396763981709462,1,1,2,0.5,0
1,78757,5,4,4,6,0.2,0.04396763981709462,0,0,0,0.0,0
1,edge_76312_266285,5,0,0,-1,0.0,0.04396763981709462,0,0,0,0.0,0
1,edge_9912_333791,5,0,0,-1,0.0,0.04396763981709462,0,0,0,0.0,0
1,edge_15004_289998,5,0,0,-1,0.0,0.04396763981709462,0,0,0,0.0,0
1,311879,5,4,1,5,0.4,0.04396763981709462,0,0,0,0.0,0
1,edge_84805_171051,5,0,0,-1,0.0,0.04396763981709462,3,1,4,0.75,0
1,edge_182408_182409,5,0,0,-1,0.0,0.04396763981709462,0,0,0,0.0,0
1,edge_365517_410180,5,0,0,-1,0.4,0.04396763981709462,0,0,0,0.0,0
1,edge_208052_216830,5,0,0,-1,0.0,0.04396763981709462,0,0,0,0.0,0
1,edge_6765_113245,5,0,0,-1,0.4,0.04396763981709462,0,0,0,0.0,0
1,edge_113245_168955,5,0,0,-1,0.0,0.04396763981709462,0,0,0,0.0,0
1,129569,5,3,1,4,0.4,0.04396763981709462,0,0,0,0.0,0
1,edge_6765_81510,5,0,0,-1,0.4,0.04396763981709462,0,0,0,0.0,0
1,edge_347518_358605,5,0,0,-1,0.0,0.04396763981709462,0,0,0,0.0,0
1,edge_330397_347518,5,0,0,-1,0.4,0.04396763981709462,0,0,0,0.0,0
1,edge_330395_347518,5,0,0,-1,0.2,0.04396763981709462,0,0,0,0.0,0
1,edge_38842_113839,5,0,0,-1,0.4,0.04396763981709462,0,0,0,0.0,0
1,edge_44203_53554,5,0,0,-1,0.4,0.04396763981709462,0,0,0,0.0,0
1,edge_84805_126452,5,0,0,-1,0.0,0.04396763981709462,0,0,0,0.0,0
1,edge_8710_41746,5,0,0,-1,0.0,0.04396763981709462,1,1,2,0.5,0
1,edge_29998_194098,5,0,0,-1,0.0,0.04396763981709462,0,0,0,0.0,0
1,edge_15432_50105,5,0,0,-1,0.0,0.04396763981709462,0,0,0,0.0,0
1,28953,5,5,5,5,0.2,0.04396763981709462,0,0,0,0.0,0
1,edge_108902_377156,5,0,0,-1,0.0,0.04396763981709462,0,0,0,0.0,0
1,edge_234214_239085,5,0,0,-1,0.2,0.04396763981709462,0,0,0,0.0,0
1,edge_16887_16888,5,0,0,-1,0.0,0.04396763981709462,0,0,0,0.0,0
1,edge_160062_307236,5,0,0,-1,0.0,0.04396763981709462,0,0,0,0.0,0
1,edge_111769_268584,5,0,0,-1,0.0,0.04396763981709462,0,0,0,0.0,0
1,edge_235571_268584,5,0,0,-1,0.0,0.04396763981709462,0,0,0,0.0,0
1,edge_33777_363841,5,0,0,-1,0.0,0.04396763981709462,1,2,3,0.3333333333333333,0
1,edge_125510_206006,5,0,0,-1,0.4,0.04396763981709462,0,0,0,0.0,0
1,edge_12495_206006,5,0,0,-1,0.4,0.04396763981709462,0,0,0,0.0,0
1,edge_22903_206006,5,0,0,-1,0.4,0.04396763981709462,0,0,0,0.0,0
1,edge_39724_93247,5,0,0,-1,0.0,0.04396763981709462,0,0,0,0.0,0
1,edge_162722_168827,5,0,0,-1,0.4,0.04396763981709462,0,0,0,0.0,0
1,edge_14662_166031,5,0,0,-1,0.0,0.04396763981709462,0,1,1,0.0,1
1,edge_298438_417916,5,0,0,-1,0.0,0.04396763981709462,0,0,0,0.0,0
1,edge_114921_387754,5,0,0,-1,0.0,0.04396763981709462,0,0,0,0.0,0
1,edge_1580_91229,5,0,0,-1,0.4,0.04396763981709462,0,0,0,0.0,0
1,198635,5,4,4,3,0.2,0.04396763981709462,0,0,0,0.0,0
1,144983,5,5,2,6,0.0,0.04396763981709462,0,0,0,0.0,0
1,edge_135097_144983,5,0,0,-1,0.0,0.04396763981709462,0,0,0,0.0,0
1,edge_14433_124022,5,0,0,-1,0.0,0.04396763981709462,0,0,0,0.0,0
1,124023,5,4,2,9,0.2,0.04396763981709462,0,0,0,0.0,0
1,edge_31118_31121,5,0,0,-1,0.4,0.04396763981709462,0,0,0,0.0,0
1,229746,4,7,4,5,0.0,0.035174111853675694,0,0,0,0.0,0
1,110696,4,8,1,1,0.0,0.035174111853675694,0,2,2,0.0,1
1,183636,4,8,3,2,0.25,0.035174111853675694,0,1,1,0.0,1
1,40663,4,8,6,4,0.0,0.035174111853675694,0,0,0,0.0,0
1,363947,4,6,2,5,0.25,0.035174111853675694,0,0,0,0.0,0
1,322972,4,6,4,6,0.25,0.035174111853675694,0,0,0,0.0,0
1,96321,4,6,5,10,0.25,0.035174111853675694,0,0,0,0.0,0
1,117422,4,8,1,5,0.0,0.035174111853675694,0,0,0,0.0,0
1,106482,4,6,5,2,0.25,0.035174111853675694,0,0,0,0.0,0
1,242641,4,8,5,6,0.0,0.035174111853675694,0,0,0,0.0,0
1,162967,4,8,6,7,0.0,0.035174111853675694,0,0,0,0.0,0
1,320409,4,5,4,6,0.25,0.035174111853675694,0,0,0,0.0,0
1,48580,4,5,4,6,0.25,0.035174111853675694,0,0,0,0.0,0
1,183718,4,4,2,9,0.5,0.035174111853675694,0,0,0,0.0,0
1,edge_9335_45539,4,0,0,-1,0.25,0.035174111853675694,0,0,0,0.0,0
1,174303,4,4,4,8,0.25,0.035174111853675694,0,0,0,0.0,0
1,28072,4,4,1,2,0.0,0.035174111853675694,0,2,2,0.0,1
1,48609,4,8,5,2,0.0,0.035174111853675694,0,1,1,0.0,1
1,43368,4,6,4,5,0.25,0.035174111853675694,0,0,0,0.0,0
1,22944,4,5,3,3,0.25,0.035174111853675694,0,1,1,0.0,1
1,79636,4,8,4,4,0.0,0.035174111853675694,0,0,0,0.0,0
1,edge_79071_206007,4,0,0,-1,0.5,0.035174111853675694,0,0,0,0.0,0
1,42398,4,6,5,3,0.25,0.035174111853675694,0,0,0,0.0,0
1,edge_10827_36909,4,0,0,-1,0.25,0.035174111853675694,0,1,1,0.0,1
1,178866,4,8,2,5,0.0,0.035174111853675694,0,0,0,0.0,0
1,edge_1_255383,4,0,0,-1,0.0,0.035174111853675694,0,0,0,0.0,0
1,255383,4,3,2,1,0.5,0.035174111853675694,0,0,0,0.0,0
1,97757,4,4,2,6,0.5,0.035174111853675694,0,0,0,0.0,0
1,174574,4,6,2,4,0.25,0.035174111853675694,0,0,0,0.0,0
1,73871,4,5,5,3,0.25,0.035174111853675694,0,0,0,0.0,0
1,26760,4,4,2,6,0.5,0.035174111853675694,0,0,0,0.0,0
1,edge_18823_25347,4,0,0,-1,0.5,0.035174111853675694,0,0,0,0.0,0
1,183978,4,8,3,5,0.0,0.035174111853675694,0,0,0,0.0,0
1,1597,4,7,5,5,0.0,0.035174111853675694,0,0,0,0.0,0
1,14384,4,7,5,5,0.0,0.035174111853675694,0,0,0,0.0,0
1,208917,4,3,3,5,0.5,0.035174111853675694,0,0,0,0.0,0
1,9912,4,8,4,2,0.0,0.035174111853675694,0,0,0,0.0,0
1,289998,4,8,2,2,0.0,0.035174111853675694,0,0,0,0.0,0
1,131760,4,8,2,2,0.0,0.035174111853675694,0,1,1,0.0,1
1,edge_27466_84042,4,0,0,-1,0.5,0.035174111853675694,0,0,0,0.0,0
1,86520,4,6,2,2,0.25,0.035174111853675694,0,0,0,0.0,0
1,256976,4,6,2,5,0.25,0.035174111853675694,0,0,0,0.0,0
1,327400,4,4,3,6,0.5,0.035174111853675694,0,0,0,0.0,0
1,178216,4,8,6,5,0.0,0.035174111853675694,0,0,0,0.0,0
1,58899,4,4,2,2,0.5,0.035174111853675694,0,1,1,0.0,1
1,173932,4,6,4,7,0.25,0.035174111853675694,0,0,0,0.0,0
1,393843,4,8,3,7,0.0,0.035174111853675694,0,0,0,0.0,0
1,253252,4,4,4,7,0.5,0.035174111853675694,0,0,0,0.0,0
1,60998,4,5,3,5,0.25,0.035174111853675694,0,0,0,0.0,0
1,283055,4,8,1,6,0.0,0.035174111853675694,0,0,0,0.0,0
1,14904,4,8,3,2,0.0,0.035174111853675694,0,0,0,0.0,0
1,10816,4,8,5,3,0.0,0.035174111853675694,0,0,0,0.0,0
1,edge_10816_31678,4,0,0,-1,0.5,0.035174111853675694,0,0,0,0.0,0
1,380820,4,8,2,2,0.0,0.035174111853675694,0,0,0,0.0,0
1,316049,4,3,2,6,0.5,0.035174111853675694,0,0,0,0.0,0
1,358605,4,6,3,9,0.25,0.035174111853675694,0,0,0,0.0,0
1,edge_31776_375540,4,0,0,-1,0.0,0.035174111853675694,0,0,0,0.0,0
1,182074,4,8,6,19,0.0,0.035174111853675694,0,0,0,0.0,0
1,163896,4,8,3,5,0.0,0.035174111853675694,0,0,0,0.0,0
1,edge_15432_56260,4,0,0,-1,0.25,0.035174111853675694,0,0,0,0.0,0
1,101187,4,8,4,3,0.0,0.035174111853675694,0,0,0,0.0,0
1,101856,4,4,4,16,0.5,0.035174111853675694,0,0,0,0.0,0
1,25200,4,6,4,3,0.25,0.035174111853675694,0,0,0,0.0,0
1,113343,4,6,2,4,0.0,0.035174111853675694,0,0,0,0.0,0
1,148639,4,7,5,9,0.0,0.035174111853675694,0,0,0,0.0,0
1,edge_111769_201467,4,0,0,-1,0.0,0.035174111853675694,0,0,0,0.0,0
1,235571,4,5,4,9,0.25,0.035174111853675694,0,0,0,0.0,0
1,58380,4,4,6,2,0.5,0.035174111853675694,0,0,0,0.0,0
1,77010,4,8,2,7,0.0,0.035174111853675694,0,0,0,0.0,0
1,172880,4,4,2,8,0.5,0.035174111853675694,0,0,0,0.0,0
1,48808,4,5,4,2,0.25,0.035174111853675694,0,1,1,0.0,1
1,116312,4,4,4,4,0.5,0.035174111853675694,0,0,0,0.0,0
1,103641,4,2,2,6,0.75,0.035174111853675694,0,0,0,0.0,0
1,edge_54741_268017,4,0,0,-1,0.5,0.035174111853675694,0,0,0,0.0,0
1,289489,4,8,3,16,0.0,0.035174111853675694,0,0,0,0.0,0
1,39724,4,8,2,2,0.0,0.035174111853675694,0,0,0,0.0,0
1,edge_194924_321680,4,0,0,-1,0.5,0.035174111853675694,0,1,1,0.0,1
1,257864,4,4,4,7,0.25,0.035174111853675694,0,0,0,0.0,0
1,406509,4,8,2,6,0.0,0.035174111853675694,0,0,0,0.0,0
1,273181,4,4,2,6,0.5,0.035174111853675694,0,0,0,0.0,0
1,377008,4,2,2,5,0.75,0.035174111853675694,0,0,0,0.0,0
1,48405,4,2,2,4,0.75,0.035174111853675694,0,0,0,0.0,0
1,366284,4,7,2,4,0.0,0.035174111853675694,0,0,0,0.0,0
1,edge_97782_244540,4,0,0,-1,0.5,0.035174111853675694,0,0,0,0.0,0
1,19196,4,8,5,4,0.0,0.035174111853675694,0,0,0,0.0,0
1,52809,4,6,2,5,0.25,0.035174111853675694,0,0,0,0.0,0
1,edge_31096_101630,4,0,0,-1,0.0,0.035174111853675694,0,1,1,0.0,1
1,97640,4,4,3,3,0.5,0.035174111853675694,0,0,0,0.0,0
1,344712,4,4,2,6,0.5,0.035174111853675694,0,0,0,0.0,0
1,298438,4,4,2,6,0.5,0.035174111853675694,0,0,0,0.0,0
1,133522,4,3,2,5,0.5,0.035174111853675694,0,0,0,0.0,0
1,57384,4,6,4,3,0.25,0.035174111853675694,0,0,0,0.0,0
1,127548,4,6,4,9,0.25,0.035174111853675694,0,0,0,0.0,0
1,48513,4,7,4,10,0.0,0.035174111853675694,0,0,0,0.0,0
1,300210,4,5,4,13,0.25,0.035174111853675694,0,0,0,0.0,0
1,275274,4,6,4,18,0.25,0.035174111853675694,0,0,0,0.0,0
1,124021,4,7,3,8,0.0,0.035174111853675694,0,0,0,0.0,0
1,419292,4,8,2,9,0.0,0.035174111853675694,0,0,0,0.0,0
1,340732,4,8,3,12,0.0,0.035174111853675694,0,0,0,0.0,0
1,26170,4,2,2,5,0.75,0.035174111853675694,0,0,0,0.0,0
1,edge_10095_21502,4,0,0,-1,0.0,0.035174111853675694,0,0,0,0.0,0
1,edge_109736_222593,4,0,0,-1,0.5,0.035174111853675694,0,0,0,0.0,0
1,edge_53755_222593,4,0,0,-1,0.5,0.035174111853675694,0,0,0,0.0,0
1,edge_1_7852,4,0,0,-1,0.0,0.035174111853675694,2,3,5,0.4,0
1,edge_130752_288682,4,0,0,-1,0.5,0.035174111853675694,0,1,1,0.0,1
1,285737,4,2,2,9,0.5,0.035174111853675694,0,0,0,0.0,0
1,edge_404915_404916,4,0,0,-1,0.0,0.035174111853675694,0,0,0,0.0,0
1,edge_404916_404918,4,0,0,-1,0.0,0.035174111853675694,0,0,0,0.0,0
1,edge_404916_404917,4,0,0,-1,0.0,0.035174111853675694,0,0,0,0.0,0
1,edge_750_7433,4,0,0,-1,0.0,0.035174111853675694,0,0,0,0.0,0
1,edge_10709_218773,4,0,0,-1,0.5,0.035174111853675694,0,0,0,0.0,0
1,edge_8005_52048,4,0,0,-1,0.0,0.035174111853675694,0,0,0,0.0,0
1,edge_63580_363947,4,0,0,-1,0.0,0.035174111853675694,0,0,0,0.0,0
1,edge_296416_296417,4,0,0,-1,0.25,0.035174111853675694,0,0,0,0.0,0
1,edge_56206_95029,4,0,0,-1,0.0,0.035174111853675694,0,1,1,0.0,1
1,edge_56206_86507,4,0,0,-1,0.0,0.035174111853675694,1,1,2,0.5,0
1,edge_86507_94362,4,0,0,-1,0.5,0.035174111853675694,0,0,0,0.0,0
1,edge_47016_86507,4,0,0,-1,0.0,0.035174111853675694,0,0,0,0.0,0
1,edge_47016_328327,4,0,0,-1,0.0,0.035174111853675694,0,0,0,0.0,0
1,edge_47016_328328,4,0,0,-1,0.0,0.035174111853675694,0,0,0,0.0,0
1,edge_64329_289025,4,0,0,-1,0.5,0.035174111853675694,0,0,0,0.0,0
1,edge_328327_328328,4,0,0,-1,0.0,0.035174111853675694,0,0,0,0.0,0
1,328327,4,5,3,5,0.0,0.035174111853675694,0,0,0,0.0,0
1,edge_4865_47016,4,0,0,-1,0.5,0.035174111853675694,0,0,0,0.0,0
1,edge_86507_355269,4,0,0,-1,0.5,0.035174111853675694,0,0,0,0.0,0
1,edge_62251_320464,4,0,0,-1,0.5,0.035174111853675694,0,0,0,0.0,0
1,edge_288900_288901,4,0,0,-1,0.5,0.035174111853675694,0,0,0,0.0,0
1,edge_49218_237800,4,0,0,-1,0.0,0.035174111853675694,0,0,0,0.0,0
1,edge_46588_48610,4,0,0,-1,0.0,0.035174111853675694,0,1,1,0.0,1
1,edge_76922_208025,4,0,0,-1,0.5,0.035174111853675694,0,0,0,0.0,0
1,33955,4,4,4,3,0.0,0.035174111853675694,0,0,0,0.0,0
1,edge_43368_189376,4,0,0,-1,0.0,0.035174111853675694,0,0,0,0.0,0
1,edge_188163_215452,4,0,0,-1,0.25,0.035174111853675694,0,0,0,0.0,0
1,edge_29820_29825,4,0,0,-1,0.5,0.035174111853675694,0,0,0,0.0,0
1,edge_120468_208465,4,0,0,-1,0.0,0.035174111853675694,0,0,0,0.0,0
1,edge_120468_120469,4,0,0,-1,0.0,0.035174111853675694,0,0,0,0.0,0
1,edge_1_37774,4,0,0,-1,0.0,0.035174111853675694,0,0,0,0.0,0
1,edge_76285_84042,4,0,0,-1,0.0,0.035174111853675694,0,0,0,0.0,0
1,edge_1_97591,4,0,0,-1,0.0,0.035174111853675694,0,1,1,0.0,1
1,edge_410327_410885,4,0,0,-1,0.25,0.035174111853675694,0,0,0,0.0,0
1,edge_331420_410885,4,0,0,-1,0.0,0.035174111853675694,0,0,0,0.0,0
1,edge_149677_178866,4,0,0,-1,0.0,0.035174111853675694,0,0,0,0.0,0
1,edge_104837_178866,4,0,0,-1,0.0,0.035174111853675694,0,0,0,0.0,0
1,edge_104836_104837,4,0,0,-1,0.0,0.035174111853675694,0,0,0,0.0,0
1,edge_149677_246574,4,0,0,-1,0.0,0.035174111853675694,0,0,0,0.0,0
1,edge_149677_405665,4,0,0,-1,0.0,0.035174111853675694,0,0,0,0.0,0
1,edge_85381_149677,4,0,0,-1,0.0,0.035174111853675694,0,0,0,0.0,0
1,edge_85381_303331,4,0,0,-1,0.5,0.035174111853675694,0,0,0,0.0,0
1,edge_1_93377,4,0,0,-1,0.25,0.035174111853675694,0,1,1,0.0,1
1,edge_164373_179100,4,0,0,-1,0.0,0.035174111853675694,0,1,1,0.0,1
1,edge_1_27021,4,0,0,-1,0.0,0.035174111853675694,0,2,2,0.0,1
1,edge_1_248344,4,0,0,-1,0.0,0.035174111853675694,0,1,1,0.0,1
1,131723,4,4,3,8,0.0,0.035174111853675694,0,0,0,0.0,0
1,edge_189991_238583,4,0,0,-1,0.5,0.035174111853675694,0,0,0,0.0,0
1,edge_1_66305,4,0,0,-1,0.25,0.035174111853675694,1,1,2,0.5,0
1,edge_73968_105752,4,0,0,-1,0.0,0.035174111853675694,0,0,0,0.0,0
1,edge_63580_137449,4,0,0,-1,0.0,0.035174111853675694,0,0,0,0.0,0
1,edge_78757_183978,4,0,0,-1,0.0,0.035174111853675694,0,0,0,0.0,0
1,edge_41832_128615,4,0,0,-1,0.5,0.035174111853675694,0,0,0,0.0,0
1,18611,4,2,3,7,0.5,0.035174111853675694,0,0,0,0.0,0
1,edge_55992_215891,4,0,0,-1,0.0,0.035174111853675694,0,0,0,0.0,0
1,edge_156773_188293,4,0,0,-1,0.5,0.035174111853675694,0,0,0,0.0,0
1,edge_47489_362204,4,0,0,-1,0.0,0.035174111853675694,0,0,0,0.0,0
1,edge_122923_224863,4,0,0,-1,0.5,0.035174111853675694,0,0,0,0.0,0
1,edge_224863_410139,4,0,0,-1,0.0,0.035174111853675694,0,0,0,0.0,0
1,edge_0_1,4,0,0,-1,0.0,0.035174111853675694,0,0,0,0.0,0
1,edge_77004_220595,4,0,0,-1,0.5,0.035174111853675694,0,0,0,0.0,0
1,edge_71156_233059,4,0,0,-1,0.0,0.035174111853675694,0,0,0,0.0,0
1,edge_260586_266144,4,0,0,-1,0.0,0.035174111853675694,0,0,0,0.0,0
1,edge_6532_44843,4,0,0,-1,0.5,0.035174111853675694,0,0,0,0.0,0
1,edge_15004_131760,4,0,0,-1,0.0,0.035174111853675694,0,1,1,0.0,1
1,edge_16408_86520,4,0,0,-1,0.0,0.035174111853675694,0,0,0,0.0,0
1,edge_16408_179100,4,0,0,-1,0.0,0.035174111853675694,0,1,1,0.0,1
1,edge_16408_314471,4,0,0,-1,0.0,0.035174111853675694,0,1,1,0.0,1
1,edge_8734_16408,4,0,0,-1,0.25,0.035174111853675694,0,0,0,0.0,0
1,edge_14308_311879,4,0,0,-1,0.0,0.035174111853675694,0,0,0,0.0,0
1,edge_77067_293045,4,0,0,-1,0.0,0.035174111853675694,0,0,0,0.0,0
1,edge_393842_393843,4,0,0,-1,0.0,0.035174111853675694,0,0,0,0.0,0
1,edge_219616_393843,4,0,0,-1,0.5,0.035174111853675694,0,0,0,0.0,0
1,112413,4,4,3,5,0.0,0.035174111853675694,0,0,0,0.0,0
1,edge_14662_92741,4,0,0,-1,0.0,0.035174111853675694,0,0,0,0.0,0
1,edge_19285_75218,4,0,0,-1,0.5,0.035174111853675694,0,0,0,0.0,0
1,edge_47489_58212,4,0,0,-1,0.0,0.035174111853675694,1,1,2,0.5,0
1,edge_39624_39625,4,0,0,-1,0.0,0.035174111853675694,0,0,0,0.0,0
1,edge_113245_125511,4,0,0,-1,0.0,0.035174111853675694,0,0,0,0.0,0
1,36153,4,5,4,4,0.0,0.035174111853675694,0,0,0,0.0,0
1,edge_36155_36156,4,0,0,-1,0.5,0.035174111853675694,0,0,0,0.0,0
1,edge_330396_330397,4,0,0,-1,0.5,0.035174111853675694,0,0,0,0.0,0
1,edge_330395_330396,4,0,0,-1,0.25,0.035174111853675694,0,0,0,0.0,0
1,edge_1_31096,4,0,0,-1,0.0,0.035174111853675694,0,1,1,0.0,1
1,edge_31096_113839,4,0,0,-1,0.0,0.035174111853675694,0,0,0,0.0,0
1,17483,4,4,5,2,0.25,0.035174111853675694,0,0,0,0.0,0
1,49063,4,4,4,1,0.0,0.035174111853675694,0,2,2,0.0,1
1,79279,4,6,5,7,0.0,0.035174111853675694,0,0,0,0.0,0
1,edge_55439_153484,4,0,0,-1,0.5,0.035174111853675694,0,1,1,0.0,1
1,edge_78660_103671,4,0,0,-1,0.5,0.035174111853675694,0,0,0,0.0,0
1,edge_50105_61005,4,0,0,-1,0.5,0.035174111853675694,0,0,0,0.0,0
1,edge_50105_199930,4,0,0,-1,0.25,0.035174111853675694,0,0,0,0.0,0
1,edge_40548_150072,4,0,0,-1,0.0,0.035174111853675694,0,0,0,0.0,0
1,edge_234213_234214,4,0,0,-1,0.5,0.035174111853675694,0,0,0,0.0,0
1,edge_234213_239085,4,0,0,-1,0.0,0.035174111853675694,0,0,0,0.0,0
1,edge_76213_231770,4,0,0,-1,0.25,0.035174111853675694,0,0,0,0.0,0
1,75213,4,3,4,3,0.25,0.035174111853675694,0,0,0,0.0,0
1,edge_64674_155277,4,0,0,-1,0.5,0.035174111853675694,0,0,0,0.0,0
1,edge_113343_307236,4,0,0,-1,0.0,0.035174111853675694,0,0,0,0.0,0
1,edge_148639_152010,4,0,0,-1,0.0,0.035174111853675694,0,0,0,0.0,0
1,edge_111769_148638,4,0,0,-1,0.0,0.035174111853675694,0,0,0,0.0,0
1,edge_198446_201467,4,0,0,-1,0.0,0.035174111853675694,0,0,0,0.0,0
1,edge_111769_210379,4,0,0,-1,0.0,0.035174111853675694,0,0,0,0.0,0
1,edge_111768_111769,4,0,0,-1,0.0,0.035174111853675694,0,0,0,0.0,0
1,edge_111769_159344,4,0,0,-1,0.5,0.035174111853675694,0,0,0,0.0,0
1,edge_327679_327681,4,0,0,-1,0.0,0.035174111853675694,0,0,0,0.0,0
1,edge_135689_206006,4,0,0,-1,0.5,0.035174111853675694,0,0,0,0.0,0
1,edge_95115_124430,4,0,0,-1,0.25,0.035174111853675694,0,0,0,0.0,0
1,edge_191077_225296,4,0,0,-1,0.0,0.035174111853675694,0,0,0,0.0,0
1,edge_20319_73212,4,0,0,-1,0.5,0.035174111853675694,0,1,1,0.0,1
1,117447,4,4,4,6,0.25,0.035174111853675694,0,0,0,0.0,0
1,edge_337647_344122,4,0,0,-1,0.25,0.035174111853675694,0,0,0,0.0,0
1,edge_337647_413922,4,0,0,-1,0.25,0.035174111853675694,0,0,0,0.0,0
1,134655,4,4,5,6,0.0,0.035174111853675694,0,0,0,0.0,0
1,edge_113449_406509,4,0,0,-1,0.5,0.035174111853675694,0,0,0,0.0,0
1,edge_246740_246741,4,0,0,-1,0.0,0.035174111853675694,0,0,0,0.0,0
1,edge_246740_366284,4,0,0,-1,0.0,0.035174111853675694,0,0,0,0.0,0
1,edge_161169_252704,4,0,0,-1,0.25,0.035174111853675694,0,0,0,0.0,0
1,edge_19196_147317,4,0,0,-1,0.0,0.035174111853675694,0,0,0,0.0,0
1,edge_17808_370207,4,0,0,-1,0.0,0.035174111853675694,0,0,0,0.0,0
1,edge_154921_168956,4,0,0,-1,0.5,0.035174111853675694,0,0,0,0.0,0
1,edge_6765_154921,4,0,0,-1,0.5,0.035174111853675694,0,0,0,0.0,0
1,edge_154921_206384,4,0,0,-1,0.5,0.035174111853675694,0,0,0,0.0,0
1,edge_161258_372575,4,0,0,-1,0.5,0.035174111853675694,0,0,0,0.0,0
1,edge_91970_161258,4,0,0,-1,0.25,0.035174111853675694,0,0,0,0.0,0
1,edge_51059_198023,4,0,0,-1,0.0,0.035174111853675694,0,0,0,0.0,0
1,edge_43400_117553,4,0,0,-1,0.0,0.035174111853675694,0,0,0,0.0,0
1,edge_25414_117553,4,0,0,-1,0.5,0.035174111853675694,0,0,0,0.0,0
1,131159,4,2,3,4,0.5,0.035174111853675694,0,0,0,0.0,0
1,edge_124022_124023,4,0,0,-1,0.0,0.035174111853675694,0,0,0,0.0,0
1,9532,3,2,2,4,0.6666666666666666,0.02638058389025677,0,0,0,0.0,0
1,424588,3,6,2,9,0.0,0.02638058389025677,0,0,0,0.0,0
1,edge_13811_43869,3,0,0,-1,0.3333333333333333,0.02638058389025677,0,1,1,0.0,1
1,edge_99251_328375,3,0,0,-1,0.3333333333333333,0.02638058389025677,0,0,0,0.0,0
1,edge_147032_212934,3,0,0,-1,0.0,0.02638058389025677,0,0,0,0.0,0
1,102555,3,6,4,6,0.0,0.02638058389025677,0,0,0,0.0,0
1,edge_125888_207646,3,0,0,-1,0.0,0.02638058389025677,0,0,0,0.0,0
1,339704,3,4,3,4,0.3333333333333333,0.02638058389025677,0,0,0,0.0,0
1,320464,3,6,3,6,0.0,0.02638058389025677,0,0,0,0.0,0
1,320408,3,2,2,8,0.6666666666666666,0.02638058389025677,0,0,0,0.0,0
1,58209,3,2,3,3,0.6666666666666666,0.02638058389025677,0,0,0,0.0,0
1,134787,3,4,3,5,0.3333333333333333,0.02638058389025677,0,0,0,0.0,0
1,106113,3,4,3,5,0.3333333333333333,0.02638058389025677,0,0,0,0.0,0
1,53640,3,4,3,8,0.3333333333333333,0.02638058389025677,0,0,0,0.0,0
1,121000,3,3,3,6,0.3333333333333333,0.02638058389025677,0,0,0,0.0,0
1,10962,3,5,4,3,0.0,0.02638058389025677,0,0,0,0.0,0
1,29447,3,3,4,2,0.3333333333333333,0.02638058389025677,0,0,0,0.0,0
1,48610,3,4,3,2,0.3333333333333333,0.02638058389025677,0,1,1,0.0,1
1,edge_12277_208023,3,0,0,-1,0.0,0.02638058389025677,0,0,0,0.0,0
1,edge_9126_189376,3,0,0,-1,0.0,0.02638058389025677,0,0,0,0.0,0
1,10700,3,5,4,5,0.0,0.02638058389025677,0,0,0,0.0,0
1,3966,3,4,3,3,0.3333333333333333,0.02638058389025677,0,1,1,0.0,1
1,23856,3,4,2,4,0.3333333333333333,0.02638058389025677,0,0,0,0.0,0
1,60835,3,6,4,4,0.0,0.02638058389025677,0,0,0,0.0,0
1,49894,3,6,5,4,0.0,0.02638058389025677,0,0,0,0.0,0
1,edge_120469_342255,3,0,0,-1,0.0,0.02638058389025677,0,0,0,0.0,0
1,313535,3,5,4,4,0.0,0.02638058389025677,0,0,0,0.0,0
1,229676,3,6,4,3,0.0,0.02638058389025677,0,0,0,0.0,0
1,167008,3,5,3,5,0.0,0.02638058389025677,0,0,0,0.0,0
1,edge_110662_331420,3,0,0,-1,0.0,0.02638058389025677,0,0,0,0.0,0
1,edge_104837_201339,3,0,0,-1,0.3333333333333333,0.02638058389025677,0,0,0,0.0,0
1,405665,3,6,2,5,0.0,0.02638058389025677,0,0,0,0.0,0
1,212527,3,6,4,2,0.0,0.02638058389025677,0,2,2,0.0,1
1,53012,3,5,4,11,0.0,0.02638058389025677,0,0,0,0.0,0
1,131724,3,3,2,10,0.3333333333333333,0.02638058389025677,0,0,0,0.0,0
1,105752,3,1,2,6,0.6666666666666666,0.02638058389025677,0,0,0,0.0,0
1,384196,3,5,2,6,0.0,0.02638058389025677,0,0,0,0.0,0
1,312465,3,6,3,5,0.0,0.02638058389025677,0,0,0,0.0,0
1,77802,3,4,3,3,0.3333333333333333,0.02638058389025677,0,0,0,0.0,0
1,5896,3,2,3,4,0.6666666666666666,0.02638058389025677,0,0,0,0.0,0
1,215890,3,2,2,8,0.6666666666666666,0.02638058389025677,0,0,0,0.0,0
1,edge_188293_241891,3,0,0,-1,0.3333333333333333,0.02638058389025677,0,0,0,0.0,0
1,188292,3,6,3,5,0.0,0.02638058389025677,0,0,0,0.0,0
1,275327,3,5,4,3,0.0,0.02638058389025677,0,0,0,0.0,0
1,114513,3,2,2,5,0.6666666666666666,0.02638058389025677,0,0,0,0.0,0
1,184369,3,6,4,4,0.0,0.02638058389025677,0,0,0,0.0,0
1,270234,3,4,2,6,0.3333333333333333,0.02638058389025677,0,0,0,0.0,0
1,256987,3,6,4,6,0.0,0.02638058389025677,0,0,0,0.0,0
1,106328,3,4,3,7,0.0,0.02638058389025677,0,0,0,0.0,0
1,edge_83002_106328,3,0,0,-1,0.0,0.02638058389025677,0,0,0,0.0,0
1,99677,3,6,4,6,0.0,0.02638058389025677,0,0,0,0.0,0
1,edge_319786_406486,3,0,0,-1,0.3333333333333333,0.02638058389025677,0,0,0,0.0,0
1,edge_14308_272338,3,0,0,-1,0.0,0.02638058389025677,0,0,0,0.0,0
1,302600,3,6,4,7,0.0,0.02638058389025677,0,0,0,0.0,0
1,358128,3,4,3,7,0.3333333333333333,0.02638058389025677,0,0,0,0.0,0
1,37774,3,6,3,1,0.0,0.02638058389025677,0,0,0,0.0,0
1,423805,3,6,1,2,0.0,0.02638058389025677,0,0,0,0.0,0
1,191522,3,6,2,3,0.0,0.02638058389025677,0,0,0,0.0,0
1,32644,3,4,2,4,0.3333333333333333,0.02638058389025677,0,0,0,0.0,0
1,67198,3,4,3,3,0.3333333333333333,0.02638058389025677,0,0,0,0.0,0
1,85126,3,4,3,2,0.3333333333333333,0.02638058389025677,1,2,3,0.3333333333333333,0
1,12182,3,6,6,5,0.0,0.02638058389025677,0,0,0,0.0,0
1,edge_173931_394823,3,0,0,-1,0.0,0.02638058389025677,0,0,0,0.0,0
1,79823,3,4,3,2,0.3333333333333333,0.02638058389025677,0,1,1,0.0,1
1,47895,3,6,4,6,0.0,0.02638058389025677,0,0,0,0.0,0
1,245497,3,6,2,7,0.0,0.02638058389025677,0,0,0,0.0,0
1,221164,3,8,4,7,0.0,0.02638058389025677,0,0,0,0.0,0
1,edge_14662_82290,3,0,0,-1,0.0,0.02638058389025677,0,1,1,0.0,1
1,170470,3,4,3,4,0.3333333333333333,0.02638058389025677,0,0,0,0.0,0
1,edge_58212_317856,3,0,0,-1,0.0,0.02638058389025677,1,1,2,0.5,0
1,284546,3,4,2,4,0.3333333333333333,0.02638058389025677,0,0,0,0.0,0
1,edge_9335_125511,3,0,0,-1,0.0,0.02638058389025677,1,1,2,0.5,0
1,161065,3,4,3,6,0.3333333333333333,0.02638058389025677,0,0,0,0.0,0
1,182768,3,6,3,11,0.0,0.02638058389025677,0,0,0,0.0,0
1,edge_183006_184634,3,0,0,-1,0.0,0.02638058389025677,0,0,0,0.0,0
1,101836,3,4,3,15,0.3333333333333333,0.02638058389025677,0,0,0,0.0,0
1,129891,3,5,4,17,0.0,0.02638058389025677,0,0,0,0.0,0
1,147217,3,6,2,20,0.0,0.02638058389025677,0,0,0,0.0,0
1,185242,3,4,3,4,0.3333333333333333,0.02638058389025677,0,0,0,0.0,0
1,185137,3,6,4,5,0.0,0.02638058389025677,0,0,0,0.0,0
1,1687,3,5,3,3,0.0,0.02638058389025677,0,0,0,0.0,0
1,173082,3,4,2,8,0.3333333333333333,0.02638058389025677,0,0,0,0.0,0
1,377156,3,6,1,16,0.0,0.02638058389025677,0,0,0,0.0,0
1,37477,3,8,4,17,0.0,0.02638058389025677,0,0,0,0.0,0
1,244417,3,3,2,19,0.3333333333333333,0.02638058389025677,0,0,0,0.0,0
1,362204,3,6,2,2,0.0,0.02638058389025677,0,0,0,0.0,0
1,edge_16887_289979,3,0,0,-1,0.3333333333333333,0.02638058389025677,0,0,0,0.0,0
1,29897,3,2,3,2,0.6666666666666666,0.02638058389025677,0,0,0,0.0,0
1,33920,3,4,1,4,0.3333333333333333,0.02638058389025677,0,0,0,0.0,0
1,edge_42699_113343,3,0,0,-1,0.0,0.02638058389025677,0,0,0,0.0,0
1,210379,3,6,5,8,0.0,0.02638058389025677,0,0,0,0.0,0
1,148638,3,6,4,10,0.0,0.02638058389025677,0,0,0,0.0,0
1,edge_111769_235571,3,0,0,-1,0.0,0.02638058389025677,0,0,0,0.0,0
1,13925,3,2,2,2,0.6666666666666666,0.02638058389025677,0,0,0,0.0,0
1,edge_194924_262054,3,0,0,-1,0.0,0.02638058389025677,0,0,0,0.0,0
1,edge_262054_265086,3,0,0,-1,0.3333333333333333,0.02638058389025677,0,0,0,0.0,0
1,245073,3,4,3,3,0.3333333333333333,0.02638058389025677,0,0,0,0.0,0
1,122937,3,5,4,7,0.0,0.02638058389025677,0,0,0,0.0,0
1,290971,3,4,4,9,0.3333333333333333,0.02638058389025677,0,0,0,0.0,0
1,191077,3,3,3,4,0.3333333333333333,0.02638058389025677,0,0,0,0.0,0
1,36646,3,4,3,2,0.3333333333333333,0.02638058389025677,0,1,1,0.0,1
1,264454,3,6,4,13,0.0,0.02638058389025677,0,0,0,0.0,0
1,389666,3,6,2,14,0.0,0.02638058389025677,0,0,0,0.0,0
1,223393,3,4,4,14,0.3333333333333333,0.02638058389025677,0,0,0,0.0,0
1,350769,3,6,3,15,0.0,0.02638058389025677,0,0,0,0.0,0
1,336902,3,6,3,2,0.0,0.02638058389025677,0,0,0,0.0,0
1,edge_93247_93329,3,0,0,-1,0.0,0.02638058389025677,0,0,0,0.0,0
1,93329,3,5,2,4,0.0,0.02638058389025677,0,0,0,0.0,0
1,159554,3,4,3,3,0.3333333333333333,0.02638058389025677,0,0,0,0.0,0
1,236066,3,6,2,7,0.0,0.02638058389025677,0,0,0,0.0,0
1,183445,3,6,4,6,0.0,0.02638058389025677,0,0,0,0.0,0
1,41223,3,5,7,3,0.0,0.02638058389025677,0,0,0,0.0,0
1,265288,3,4,1,7,0.3333333333333333,0.02638058389025677,0,0,0,0.0,0
1,48778,3,4,3,3,0.3333333333333333,0.02638058389025677,0,0,0,0.0,0
1,56618,3,4,4,4,0.0,0.02638058389025677,0,0,0,0.0,0
1,322616,3,4,3,3,0.0,0.02638058389025677,0,0,0,0.0,0
1,edge_97782_322616,3,0,0,-1,0.3333333333333333,0.02638058389025677,0,0,0,0.0,0
1,147317,3,6,1,5,0.0,0.02638058389025677,0,0,0,0.0,0
1,312226,3,4,3,2,0.3333333333333333,0.02638058389025677,0,0,0,0.0,0
1,31845,3,4,3,7,0.3333333333333333,0.02638058389025677,0,0,0,0.0,0
1,79334,3,4,3,5,0.3333333333333333,0.02638058389025677,0,0,0,0.0,0
1,198023,3,6,2,18,0.0,0.02638058389025677,0,0,0,0.0,0
1,76565,3,4,3,23,0.3333333333333333,0.02638058389025677,0,0,0,0.0,0
1,186846,3,4,3,25,0.3333333333333333,0.02638058389025677,0,0,0,0.0,0
1,135096,3,5,2,5,0.0,0.02638058389025677,0,0,0,0.0,0
1,edge_56120_395840,3,0,0,-1,0.0,0.02638058389025677,0,0,0,0.0,0
1,395840,3,4,2,4,0.0,0.02638058389025677,0,0,0,0.0,0
1,1946,3,4,3,6,0.3333333333333333,0.02638058389025677,0,0,0,0.0,0
1,7887,3,6,2,8,0.0,0.02638058389025677,0,0,0,0.0,0
1,edge_58598_185156,3,0,0,-1,0.0,0.02638058389025677,0,0,0,0.0,0
1,edge_98161_98162,3,0,0,-1,0.0,0.02638058389025677,0,0,0,0.0,0
1,edge_26747_424588,3,0,0,-1,0.0,0.02638058389025677,0,0,0,0.0,0
1,edge_13811_267113,3,0,0,-1,0.0,0.02638058389025677,0,0,0,0.0,0
1,edge_10095_339620,3,0,0,-1,0.0,0.02638058389025677,0,0,0,0.0,0
1,edge_750_87026,3,0,0,-1,0.3333333333333333,0.02638058389025677,0,0,0,0.0,0
1,edge_750_21502,3,0,0,-1,0.0,0.02638058389025677,0,1,1,0.0,1
1,edge_7433_218773,3,0,0,-1,0.0,0.02638058389025677,0,0,0,0.0,0
1,edge_42410_296417,3,0,0,-1,0.0,0.02638058389025677,0,0,0,0.0,0
1,edge_296417_328375,3,0,0,-1,0.3333333333333333,0.02638058389025677,0,0,0,0.0,0
1,edge_99251_296417,3,0,0,-1,0.0,0.02638058389025677,0,0,0,0.0,0
1,edge_275629_296416,3,0,0,-1,0.3333333333333333,0.02638058389025677,0,0,0,0.0,0
1,edge_62594_276631,3,0,0,-1,0.0,0.02638058389025677,0,0,0,0.0,0
1,edge_147032_209769,3,0,0,-1,0.3333333333333333,0.02638058389025677,0,0,0,0.0,0
1,edge_102555_152006,3,0,0,-1,0.0,0.02638058389025677,0,0,0,0.0,0
1,edge_242641_288900,3,0,0,-1,0.0,0.02638058389025677,0,0,0,0.0,0
1,edge_38718_272396,3,0,0,-1,0.0,0.02638058389025677,0,0,0,0.0,0
1,edge_21502_32476,3,0,0,-1,0.0,0.02638058389025677,0,0,0,0.0,0
1,edge_18495_75741,3,0,0,-1,0.3333333333333333,0.02638058389025677,0,0,0,0.0,0
1,edge_9335_9456,3,0,0,-1,0.0,0.02638058389025677,0,0,0,0.0,0
1,edge_49218_181057,3,0,0,-1,0.0,0.02638058389025677,0,0,0,0.0,0
1,51947,3,3,4,7,0.0,0.02638058389025677,0,0,0,0.0,0
1,64961,3,3,1,2,0.0,0.02638058389025677,0,0,0,0.0,0
1,edge_6304_8085,3,0,0,-1,0.3333333333333333,0.02638058389025677,0,0,0,0.0,0
1,edge_25659_46588,3,0,0,-1,0.3333333333333333,0.02638058389025677,0,0,0,0.0,0
1,edge_136502_208023,3,0,0,-1,0.3333333333333333,0.02638058389025677,0,0,0,0.0,0
1,edge_33955_169938,3,0,0,-1,0.0,0.02638058389025677,0,0,0,0.0,0
1,edge_22944_79636,3,0,0,-1,0.0,0.02638058389025677,0,0,0,0.0,0
1,edge_8086_28286,3,0,0,-1,0.0,0.02638058389025677,0,0,0,0.0,0
1,edge_8086_12021,3,0,0,-1,0.0,0.02638058389025677,0,0,0,0.0,0
1,edge_23856_24297,3,0,0,-1,0.0,0.02638058389025677,0,0,0,0.0,0
1,edge_28292_49097,3,0,0,-1,0.0,0.02638058389025677,0,0,0,0.0,0
1,edge_28673_42398,3,0,0,-1,0.0,0.02638058389025677,0,0,0,0.0,0
1,edge_120469_342256,3,0,0,-1,0.0,0.02638058389025677,0,0,0,0.0,0
1,edge_36909_76285,3,0,0,-1,0.0,0.02638058389025677,0,0,0,0.0,0
1,edge_310870_313535,3,0,0,-1,0.0,0.02638058389025677,0,0,0,0.0,0
1,edge_47489_156000,3,0,0,-1,0.0,0.02638058389025677,0,2,2,0.0,1
1,edge_156000_196271,3,0,0,-1,0.0,0.02638058389025677,0,1,1,0.0,1
1,edge_178344_196271,3,0,0,-1,0.3333333333333333,0.02638058389025677,0,1,1,0.0,1
1,edge_331420_359040,3,0,0,-1,0.3333333333333333,0.02638058389025677,0,0,0,0.0,0
1,edge_149677_331422,3,0,0,-1,0.0,0.02638058389025677,0,0,0,0.0,0
1,edge_146639_192004,3,0,0,-1,0.3333333333333333,0.02638058389025677,0,0,0,0.0,0
1,338065,3,3,2,5,0.3333333333333333,0.02638058389025677,0,0,0,0.0,0
1,edge_47489_212527,3,0,0,-1,0.0,0.02638058389025677,0,1,1,0.0,1
1,edge_35542_47489,3,0,0,-1,0.3333333333333333,0.02638058389025677,0,0,0,0.0,0
1,edge_16408_255383,3,0,0,-1,0.0,0.02638058389025677,0,0,0,0.0,0
1,edge_110792_231309,3,0,0,-1,0.0,0.02638058389025677,0,0,0,0.0,0
1,edge_24801_132522,3,0,0,-1,0.0,0.02638058389025677,0,0,0,0.0,0
1,edge_24801_174574,3,0,0,-1,0.0,0.02638058389025677,0,0,0,0.0,0
1,edge_73968_232005,3,0,0,-1,0.0,0.02638058389025677,0,0,0,0.0,0
1,edge_232005_387668,3,0,0,-1,0.0,0.02638058389025677,0,0,0,0.0,0
1,edge_63580_183978,3,0,0,-1,0.0,0.02638058389025677,0,0,0,0.0,0
1,edge_215494_269746,3,0,0,-1,0.0,0.02638058389025677,0,0,0,0.0,0
1,edge_215891_215892,3,0,0,-1,0.3333333333333333,0.02638058389025677,0,0,0,0.0,0
1,edge_200000_216896,3,0,0,-1,0.3333333333333333,0.02638058389025677,0,0,0,0.0,0
1,edge_188292_188293,3,0,0,-1,0.0,0.02638058389025677,0,0,0,0.0,0
1,edge_216896_217310,3,0,0,-1,0.3333333333333333,0.02638058389025677,0,0,0,0.0,0
1,edge_47489_231770,3,0,0,-1,0.0,0.02638058389025677,0,0,0,0.0,0
1,edge_72003_224863,3,0,0,-1,0.0,0.02638058389025677,0,0,0,0.0,0
1,edge_248963_369266,3,0,0,-1,0.3333333333333333,0.02638058389025677,0,0,0,0.0,0
1,edge_71156_266144,3,0,0,-1,0.0,0.02638058389025677,0,0,0,0.0,0
1,edge_750_164140,3,0,0,-1,0.0,0.02638058389025677,0,0,0,0.0,0
1,edge_5295_164140,3,0,0,-1,0.3333333333333333,0.02638058389025677,0,0,0,0.0,0
1,edge_1_179100,3,0,0,-1,0.0,0.02638058389025677,0,0,0,0.0,0
1,edge_266285_267734,3,0,0,-1,0.3333333333333333,0.02638058389025677,0,0,0,0.0,0
1,edge_11711_266285,3,0,0,-1,0.0,0.02638058389025677,0,0,0,0.0,0
1,edge_83002_384093,3,0,0,-1,0.3333333333333333,0.02638058389025677,0,0,0,0.0,0
1,edge_99677_245825,3,0,0,-1,0.0,0.02638058389025677,0,0,0,0.0,0
1,edge_142812_319786,3,0,0,-1,0.0,0.02638058389025677,0,0,0,0.0,0
1,edge_288077_322814,3,0,0,-1,0.0,0.02638058389025677,0,0,0,0.0,0
1,edge_84042_84641,3,0,0,-1,0.3333333333333333,0.02638058389025677,0,0,0,0.0,0
1,edge_15004_84042,3,0,0,-1,0.0,0.02638058389025677,0,0,0,0.0,0
1,edge_78323_177972,3,0,0,-1,0.3333333333333333,0.02638058389025677,0,0,0,0.0,0
1,edge_16408_97590,3,0,0,-1,0.3333333333333333,0.02638058389025677,0,1,1,0.0,1
1,edge_16408_247409,3,0,0,-1,0.0,0.02638058389025677,0,0,0,0.0,0
1,edge_73418_110792,3,0,0,-1,0.0,0.02638058389025677,0,1,1,0.0,1
1,edge_132642_272338,3,0,0,-1,0.0,0.02638058389025677,0,0,0,0.0,0
1,edge_256652_272338,3,0,0,-1,0.3333333333333333,0.02638058389025677,0,0,0,0.0,0
1,293045,3,3,1,3,0.0,0.02638058389025677,0,0,0,0.0,0
1,edge_85557_256976,3,0,0,-1,0.0,0.02638058389025677,0,0,0,0.0,0
1,edge_1_58164,3,0,0,-1,0.0,0.02638058389025677,0,1,1,0.0,1
1,edge_31446_32644,3,0,0,-1,0.0,0.02638058389025677,0,0,0,0.0,0
1,332617,3,3,4,4,0.0,0.02638058389025677,0,0,0,0.0,0
1,edge_19885_61725,3,0,0,-1,0.0,0.02638058389025677,1,1,2,0.5,0
1,edge_253252_393842,3,0,0,-1,0.0,0.02638058389025677,0,0,0,0.0,0
1,40583,3,3,4,2,0.0,0.02638058389025677,0,0,0,0.0,0
1,edge_56206_84805,3,0,0,-1,0.0,0.02638058389025677,0,2,2,0.0,1
1,edge_60998_320658,3,0,0,-1,0.0,0.02638058389025677,0,0,0,0.0,0
1,edge_21502_226173,3,0,0,-1,0.3333333333333333,0.02638058389025677,0,0,0,0.0,0
1,edge_47895_245497,3,0,0,-1,0.0,0.02638058389025677,0,0,0,0.0,0
1,edge_14662_398580,3,0,0,-1,0.3333333333333333,0.02638058389025677,0,0,0,0.0,0
1,edge_92741_92742,3,0,0,-1,0.3333333333333333,0.02638058389025677,0,0,0,0.0,0
1,edge_6229_75962,3,0,0,-1,0.3333333333333333,0.02638058389025677,0,0,0,0.0,0
1,edge_14904_33126,3,0,0,-1,0.0,0.02638058389025677,0,0,0,0.0,0
1,edge_19285_73315,3,0,0,-1,0.3333333333333333,0.02638058389025677,0,0,0,0.0,0
1,edge_21493_39624,3,0,0,-1,0.0,0.02638058389025677,0,0,0,0.0,0
1,edge_113245_129568,3,0,0,-1,0.3333333333333333,0.02638058389025677,0,0,0,0.0,0
1,edge_36153_36156,3,0,0,-1,0.0,0.02638058389025677,0,0,0,0.0,0
1,edge_224046_380820,3,0,0,-1,0.0,0.02638058389025677,0,0,0,0.0,0
1,edge_138885_270144,3,0,0,-1,0.0,0.02638058389025677,0,0,0,0.0,0
1,edge_270144_330397,3,0,0,-1,0.3333333333333333,0.02638058389025677,0,0,0,0.0,0
1,edge_330396_358311,3,0,0,-1,0.0,0.02638058389025677,0,0,0,0.0,0
1,edge_21820_292378,3,0,0,-1,0.3333333333333333,0.02638058389025677,0,0,0,0.0,0
1,edge_17967_277486,3,0,0,-1,0.0,0.02638058389025677,0,0,0,0.0,0
1,edge_185773_367752,3,0,0,-1,0.3333333333333333,0.02638058389025677,0,0,0,0.0,0
1,edge_36909_49063,3,0,0,-1,0.0,0.02638058389025677,0,1,1,0.0,1
1,edge_147060_193731,3,0,0,-1,0.3333333333333333,0.02638058389025677,0,0,0,0.0,0
1,edge_320038_320039,3,0,0,-1,0.0,0.02638058389025677,0,0,0,0.0,0
1,edge_136520_182768,3,0,0,-1,0.0,0.02638058389025677,0,0,0,0.0,0
1,edge_20320_183006,3,0,0,-1,0.0,0.02638058389025677,0,0,0,0.0,0
1,edge_185136_185137,3,0,0,-1,0.0,0.02638058389025677,0,0,0,0.0,0
1,edge_36943_111342,3,0,0,-1,0.3333333333333333,0.02638058389025677,0,0,0,0.0,0
1,edge_80093_192961,3,0,0,-1,0.3333333333333333,0.02638058389025677,0,0,0,0.0,0
1,edge_163896_192961,3,0,0,-1,0.0,0.02638058389025677,0,0,0,0.0,0
1,edge_15432_305527,3,0,0,-1,0.0,0.02638058389025677,0,0,0,0.0,0
1,edge_15432_16259,3,0,0,-1,0.3333333333333333,0.02638058389025677,0,1,1,0.0,1
1,edge_40548_188108,3,0,0,-1,0.3333333333333333,0.02638058389025677,1,1,2,0.5,0
1,edge_29345_108902,3,0,0,-1,0.3333333333333333,0.02638058389025677,0,0,0,0.0,0
1,edge_133145_234213,3,0,0,-1,0.0,0.02638058389025677,0,0,0,0.0,0
1,edge_101856_239085,3,0,0,-1,0.0,0.02638058389025677,0,0,0,0.0,0
1,edge_47489_343146,3,0,0,-1,0.0,0.02638058389025677,0,0,0,0.0,0
1,edge_47489_58404,3,0,0,-1,0.3333333333333333,0.02638058389025677,0,0,0,0.0,0
1,edge_47489_212528,3,0,0,-1,0.0,0.02638058389025677,0,0,0,0.0,0
1,232879,3,2,1,3,0.6666666666666666,0.02638058389025677,0,0,0,0.0,0
1,324031,3,2,3,3,0.3333333333333333,0.02638058389025677,3,1,4,0.75,0
1,edge_16887_289980,3,0,0,-1,0.0,0.02638058389025677,0,1,1,0.0,1
1,edge_16887_16889,3,0,0,-1,0.0,0.02638058389025677,0,1,1,0.0,1
1,edge_194924_256333,3,0,0,-1,0.3333333333333333,0.02638058389025677,0,1,1,0.0,1
1,edge_33920_160062,3,0,0,-1,0.0,0.02638058389025677,0,0,0,0.0,0
1,edge_6926_148638,3,0,0,-1,0.0,0.02638058389025677,0,0,0,0.0,0
1,edge_1_16803,3,0,0,-1,0.3333333333333333,0.02638058389025677,0,0,0,0.0,0
1,edge_194924_249102,3,0,0,-1,0.3333333333333333,0.02638058389025677,0,0,0,0.0,0
1,edge_63295_262054,3,0,0,-1,0.0,0.02638058389025677,0,0,0,0.0,0
1,edge_77340_86698,3,0,0,-1,0.3333333333333333,0.02638058389025677,0,0,0,0.0,0
1,edge_56915_77010,3,0,0,-1,0.0,0.02638058389025677,0,0,0,0.0,0
1,edge_75966_77010,3,0,0,-1,0.0,0.02638058389025677,0,0,0,0.0,0
1,edge_84675_221933,3,0,0,-1,0.0,0.02638058389025677,0,0,0,0.0,0
1,edge_60369_171307,3,0,0,-1,0.0,0.02638058389025677,0,0,0,0.0,0
1,edge_60369_71887,3,0,0,-1,0.0,0.02638058389025677,0,0,0,0.0,0
1,edge_71887_71888,3,0,0,-1,0.0,0.02638058389025677,0,0,0,0.0,0
1,79311,3,4,3,3,0.0,0.02638058389025677,0,0,0,0.0,0
1,edge_66655_206006,3,0,0,-1,0.0,0.02638058389025677,0,0,0,0.0,0
1,edge_146204_206006,3,0,0,-1,0.0,0.02638058389025677,0,0,0,0.0,0
1,edge_48006_73212,3,0,0,-1,0.3333333333333333,0.02638058389025677,0,0,0,0.0,0
1,edge_28674_249630,3,0,0,-1,0.0,0.02638058389025677,0,0,0,0.0,0
1,edge_19850_201783,3,0,0,-1,0.0,0.02638058389025677,0,0,0,0.0,0
1,edge_264454_389666,3,0,0,-1,0.0,0.02638058389025677,0,0,0,0.0,0
1,edge_268017_300012,3,0,0,-1,0.3333333333333333,0.02638058389025677,0,0,0,0.0,0
1,130625,3,3,4,9,0.0,0.02638058389025677,0,0,0,0.0,0
1,edge_11945_289489,3,0,0,-1,0.3333333333333333,0.02638058389025677,0,0,0,0.0,0
1,edge_146115_281560,3,0,0,-1,0.3333333333333333,0.02638058389025677,0,0,0,0.0,0
1,edge_282072_350769,3,0,0,-1,0.0,0.02638058389025677,0,0,0,0.0,0
1,edge_134655_236066,3,0,0,-1,0.0,0.02638058389025677,0,0,0,0.0,0
1,edge_162722_232595,3,0,0,-1,0.0,0.02638058389025677,0,0,0,0.0,0
1,edge_162722_262163,3,0,0,-1,0.3333333333333333,0.02638058389025677,0,0,0,0.0,0
1,edge_134062_406509,3,0,0,-1,0.0,0.02638058389025677,0,0,0,0.0,0
1,edge_377008_377009,3,0,0,-1,0.0,0.02638058389025677,0,0,0,0.0,0
1,edge_99198_265288,3,0,0,-1,0.0,0.02638058389025677,0,0,0,0.0,0
1,edge_8085_166031,3,0,0,-1,0.0,0.02638058389025677,0,1,1,0.0,1
1,edge_46588_83059,3,0,0,-1,0.3333333333333333,0.02638058389025677,0,0,0,0.0,0
1,edge_49144_422366,3,0,0,-1,0.0,0.02638058389025677,0,0,0,0.0,0
1,edge_64530_107831,3,0,0,-1,0.0,0.02638058389025677,0,0,0,0.0,0
1,edge_64530_161169,3,0,0,-1,0.0,0.02638058389025677,0,0,0,0.0,0
1,edge_238286_244540,3,0,0,-1,0.0,0.02638058389025677,0,0,0,0.0,0
1,edge_19196_52809,3,0,0,-1,0.0,0.02638058389025677,0,0,0,0.0,0
1,edge_141242_153171,3,0,0,-1,0.3333333333333333,0.02638058389025677,0,0,0,0.0,0
1,edge_8085_49823,3,0,0,-1,0.3333333333333333,0.02638058389025677,0,1,1,0.0,1
1,edge_29520_63394,3,0,0,-1,0.3333333333333333,0.02638058389025677,0,0,0,0.0,0
1,edge_344712_423057,3,0,0,-1,0.0,0.02638058389025677,0,0,0,0.0,0
1,edge_149808_370207,3,0,0,-1,0.0,0.02638058389025677,0,0,0,0.0,0
1,edge_9335_229870,3,0,0,-1,0.0,0.02638058389025677,0,0,0,0.0,0
1,edge_168955_404635,3,0,0,-1,0.0,0.02638058389025677,0,0,0,0.0,0
1,edge_128705_141127,3,0,0,-1,0.0,0.02638058389025677,0,0,0,0.0,0
1,edge_91970_205753,3,0,0,-1,0.0,0.02638058389025677,0,0,0,0.0,0
1,edge_275274_387754,3,0,0,-1,0.0,0.02638058389025677,0,0,0,0.0,0
1,201521,3,3,3,17,0.3333333333333333,0.02638058389025677,0,0,0,0.0,0
1,edge_51059_127451,3,0,0,-1,0.3333333333333333,0.02638058389025677,0,0,0,0.0,0
1,edge_2042_198635,3,0,0,-1,0.0,0.02638058389025677,0,0,0,0.0,0
1,edge_2042_2043,3,0,0,-1,0.3333333333333333,0.02638058389025677,0,0,0,0.0,0
1,edge_124021_419292,3,0,0,-1,0.0,0.02638058389025677,0,0,0,0.0,0
1,edge_14433_21486,3,0,0,-1,0.0,0.02638058389025677,0,0,0,0.0,0
1,edge_51162_114384,3,0,0,-1,0.3333333333333333,0.02638058389025677,0,0,0,0.0,0
2,2,747,713,14,0,0.4484605087014726,5.771905424200278,134,1,135,0.9925925925925926,0
2,79494,134,115,7,2,0.47761194029850745,1.0353886570854582,7,2,9,0.7777777777777778,0
2,16803,126,178,34,1,0.2698412698412698,0.9735744089012517,12,2,14,0.8571428571428571,0
2,33126,115,137,56,1,0.3391304347826087,0.8885798176479679,8,2,10,0.8,0
2,406154,105,96,3,10,0.5428571428571428,0.8113120074177098,0,0,0,0.0,0
2,37678,99,105,31,1,0.4444444444444444,0.7649513212795549,12,1,13,0.9230769230769231,0
2,0,94,131,11,1,0.2872340425531915,0.7263174161644259,14,1,15,0.9333333333333333,0
2,edge_2_93250,80,0,0,-1,0.0,0.6181424818420646,21,1,22,0.9545454545454546,0
2,157374,74,102,3,1,0.0,0.5717817957039097,29,1,30,0.9666666666666667,0
2,edge_2_127771,65,0,0,-1,0.0,0.5022407664966775,19,1,20,0.95,0
2,10077,64,108,12,1,0.078125,0.49451398547365166,2,1,3,0.6666666666666666,0
2,edge_157374_176847,63,0,0,-1,0.0,0.48678720445062584,20,2,22,0.9090909090909091,0
2,84414,57,65,18,11,0.38596491228070173,0.44042651831247104,0,0,0,0.0,0
2,edge_2_157374,56,0,0,-1,0.0,0.4326997372894452,24,1,25,0.96,0
2,176847,53,35,1,2,0.33962264150943394,0.4095193942203678,9,2,11,0.8181818181818182,0
2,edge_2_66305,52,0,0,-1,0.36538461538461536,0.401792613197342,12,1,13,0.9230769230769231,0
2,10078,49,59,20,2,0.3673469387755102,0.37861227012826454,0,0,0,0.0,0
2,edge_2_75502,48,0,0,-1,0.375,0.3708854891052388,4,2,6,0.6666666666666666,0
2,369692,46,62,6,2,0.13043478260869565,0.35543192705918714,1,2,3,0.3333333333333333,0
2,347238,43,43,7,5,0.3953488372093023,0.33225158399010973,0,0,0,0.0,0
2,93250,42,84,1,1,0.0,0.3245248029670839,10,1,11,0.9090909090909091,0
2,edge_2_16803,41,0,0,-1,0.0,0.3167980219440581,10,2,12,0.8333333333333334,0
2,23073,40,56,18,2,0.25,0.3090712409210323,2,1,3,0.6666666666666666,0
2,2836,39,66,24,2,0.15384615384615385,0.3013444598980065,0,0,0,0.0,0
2,101215,38,64,7,2,0.15789473684210525,0.2936176788749807,4,2,6,0.6666666666666666,0
2,edge_2_6786,38,0,0,-1,0.3157894736842105,0.2936176788749807,11,1,12,0.9166666666666666,0
2,edge_0_2,36,0,0,-1,0.0,0.27816411682892905,12,1,13,0.9230769230769231,0
2,edge_2_23595,35,0,0,-1,0.34285714285714286,0.27043733580590323,4,2,6,0.6666666666666666,0
2,26192,34,44,14,2,0.3235294117647059,0.26271055478287747,0,1,1,0.0,1
2,127771,33,66,1,1,0.0,0.25498377375985165,9,1,10,0.9,0
2,41439,33,27,17,3,0.24242424242424243,0.25498377375985165,1,1,2,0.5,0
2,edge_323871_406154,33,0,0,-1,0.2727272727272727,0.25498377375985165,0,0,0,0.0,0
2,92218,32,36,11,3,0.4375,0.24725699273682583,0,1,1,0.0,1
2,73169,30,38,14,3,0.36666666666666664,0.23180343069077422,0,0,0,0.0,0
2,14255,30,36,7,3,0.4,0.23180343069077422,0,0,0,0.0,0
2,112482,30,34,3,5,0.43333333333333335,0.23180343069077422,0,1,1,0.0,1
2,77491,30,40,17,5,0.26666666666666666,0.23180343069077422,0,0,0,0.0,0
2,edge_2_37678,30,0,0,-1,0.0,0.23180343069077422,12,1,13,0.9230769230769231,0
2,edge_79494_157374,29,0,0,-1,0.0,0.22407664966774843,11,2,13,0.8461538461538461,0
2,150901,29,54,10,3,0.06896551724137931,0.22407664966774843,0,0,0,0.0,0
2,edge_2_33126,29,0,0,-1,0.0,0.22407664966774843,7,2,9,0.7777777777777778,0
2,edge_2_10077,29,0,0,-1,0.0,0.22407664966774843,2,1,3,0.6666666666666666,0
2,75213,29,26,18,1,0.13793103448275862,0.22407664966774843,8,1,9,0.8888888888888888,0
2,93087,29,32,9,6,0.20689655172413793,0.22407664966774843,0,0,0,0.0,0
2,27250,28,39,17,2,0.2857142857142857,0.2163498686447226,0,0,0,0.0,0
2,36531,28,32,6,4,0.39285714285714285,0.2163498686447226,0,0,0,0.0,0
2,3881,28,25,13,4,0.5357142857142857,0.2163498686447226,0,0,0,0.0,0
2,120841,28,34,10,2,0.32142857142857145,0.2163498686447226,0,0,0,0.0,0
2,197129,28,31,10,19,0.35714285714285715,0.2163498686447226,0,0,0,0.0,0
2,edge_2_97758,27,0,0,-1,0.3333333333333333,0.2086230876216968,4,2,6,0.6666666666666666,0
2,edge_61866_62003,27,0,0,-1,0.0,0.2086230876216968,0,0,0,0.0,0
2,97590,26,26,14,3,0.4230769230769231,0.200896306598671,0,0,0,0.0,0
2,65390,26,38,10,3,0.23076923076923078,0.200896306598671,0,2,2,0.0,1
2,edge_79494_145351,26,0,0,-1,0.0,0.200896306598671,0,0,0,0.0,0
2,52800,25,36,10,7,0.24,0.19316952557564518,0,0,0,0.0,0
2,69996,25,36,8,4,0.32,0.19316952557564518,0,0,0,0.0,0
2,74728,25,33,14,2,0.28,0.19316952557564518,0,0,0,0.0,0
2,42165,24,34,2,4,0.2916666666666667,0.1854427445526194,0,0,0,0.0,0
2,62003,24,30,1,6,0.375,0.1854427445526194,0,0,0,0.0,0
2,edge_2_75213,24,0,0,-1,0.0,0.1854427445526194,7,1,8,0.875,0
2,147326,23,34,13,4,0.21739130434782608,0.17771596352959357,0,0,0,0.0,0
2,7071,23,19,16,2,0.2608695652173913,0.17771596352959357,1,1,2,0.5,0
2,76436,22,33,9,5,0.22727272727272727,0.16998918250656778,0,0,0,0.0,0
2,99375,22,35,11,6,0.18181818181818182,0.16998918250656778,0,0,0,0.0,0
2,257493,21,25,6,9,0.38095238095238093,0.16226240148354196,0,0,0,0.0,0
2,124430,21,30,10,2,0.3333333333333333,0.16226240148354196,0,0,0,0.0,0
2,6479,21,22,9,5,0.47619047619047616,0.16226240148354196,0,0,0,0.0,0
2,267838,21,27,11,5,0.2857142857142857,0.16226240148354196,0,0,0,0.0,0
2,70708,21,28,8,3,0.2857142857142857,0.16226240148354196,0,2,2,0.0,1
2,363686,21,32,5,8,0.23809523809523808,0.16226240148354196,0,0,0,0.0,0
2,265930,21,28,7,4,0.19047619047619047,0.16226240148354196,0,0,0,0.0,0
2,24935,21,13,6,4,0.42857142857142855,0.16226240148354196,0,0,0,0.0,0
2,edge_32845_406154,21,0,0,-1,0.3333333333333333,0.16226240148354196,0,0,0,0.0,0
2,edge_17129_79494,21,0,0,-1,0.42857142857142855,0.16226240148354196,0,1,1,0.0,1
2,29628,20,20,6,4,0.45,0.15453562046051614,5,1,6,0.8333333333333334,0
2,27021,20,23,11,2,0.4,0.15453562046051614,0,0,0,0.0,0
2,214603,20,20,10,10,0.4,0.15453562046051614,0,0,0,0.0,0
2,61866,20,40,2,5,0.0,0.15453562046051614,0,0,0,0.0,0
2,102805,20,24,8,3,0.35,0.15453562046051614,0,0,0,0.0,0
2,224490,19,22,5,3,0.3157894736842105,0.14680883943749035,0,0,0,0.0,0
2,323872,19,24,6,10,0.2631578947368421,0.14680883943749035,0,0,0,0.0,0
2,73793,19,28,12,2,0.2631578947368421,0.14680883943749035,0,3,3,0.0,1
2,65815,19,26,12,7,0.3157894736842105,0.14680883943749035,0,0,0,0.0,0
2,406152,18,20,3,11,0.4444444444444444,0.13908205841446453,0,0,0,0.0,0
2,313512,18,20,3,3,0.4444444444444444,0.13908205841446453,0,0,0,0.0,0
2,2787,18,25,12,2,0.2777777777777778,0.13908205841446453,0,0,0,0.0,0
2,150884,18,22,4,7,0.3888888888888889,0.13908205841446453,0,0,0,0.0,0
2,279089,18,14,2,6,0.6111111111111112,0.13908205841446453,0,0,0,0.0,0
2,41345,18,11,11,2,0.4444444444444444,0.13908205841446453,4,2,6,0.6666666666666666,0
2,238639,18,18,3,5,0.0,0.13908205841446453,0,0,0,0.0,0
2,226417,17,34,4,4,0.0,0.13135527739143874,0,0,0,0.0,0
2,edge_0_369692,17,0,0,-1,0.0,0.13135527739143874,1,2,3,0.3333333333333333,0
2,28931,17,16,6,3,0.47058823529411764,0.13135527739143874,0,0,0,0.0,0
2,edge_79494_270804,17,0,0,-1,0.35294117647058826,0.13135527739143874,0,0,0,0.0,0
2,150069,17,20,9,2,0.4117647058823529,0.13135527739143874,0,0,0,0.0,0
2,124998,17,14,4,9,0.5882352941176471,0.13135527739143874,0,0,0,0.0,0
2,19904,17,16,8,3,0.47058823529411764,0.13135527739143874,0,0,0,0.0,0
2,edge_0_101215,17,0,0,-1,0.0,0.13135527739143874,2,1,3,0.6666666666666666,0
2,edge_79494_191294,17,0,0,-1,0.47058823529411764,0.13135527739143874,0,0,0,0.0,0
2,edge_42165_61866,17,0,0,-1,0.0,0.13135527739143874,0,0,0,0.0,0
2,99158,16,15,5,6,0.375,0.12362849636841292,0,0,0,0.0,0
2,212671,16,16,7,4,0.5,0.12362849636841292,0,0,0,0.0,0
2,edge_238639_247986,16,0,0,-1,0.375,0.12362849636841292,0,0,0,0.0,0
2,12220,15,21,11,4,0.26666666666666666,0.11590171534538711,0,0,0,0.0,0
2,221434,15,21,6,3,0.2,0.11590171534538711,0,0,0,0.0,0
2,203155,15,20,6,4,0.3333333333333333,0.11590171534538711,0,0,0,0.0,0
2,31096,15,28,10,3,0.06666666666666667,0.11590171534538711,0,0,0,0.0,0
2,97633,15,19,10,9,0.3333333333333333,0.11590171534538711,0,0,0,0.0,0
2,92037,15,26,14,4,0.13333333333333333,0.11590171534538711,0,1,1,0.0,1
2,104173,15,21,11,3,0.26666666666666666,0.11590171534538711,0,0,0,0.0,0
2,23999,15,12,6,6,0.4,0.11590171534538711,0,0,0,0.0,0
2,31149,15,11,13,6,0.26666666666666666,0.11590171534538711,0,0,0,0.0,0
2,21676,14,21,7,6,0.21428571428571427,0.1081749343223613,0,0,0,0.0,0
2,324655,14,14,4,13,0.5,0.1081749343223613,0,0,0,0.0,0
2,3374,14,14,8,3,0.5,0.1081749343223613,0,0,0,0.0,0
2,12182,14,17,10,4,0.35714285714285715,0.1081749343223613,0,0,0,0.0,0
2,2815,14,17,8,3,0.35714285714285715,0.1081749343223613,0,0,0,0.0,0
2,116245,14,21,6,3,0.21428571428571427,0.1081749343223613,1,1,2,0.5,0
2,126314,14,18,9,5,0.35714285714285715,0.1081749343223613,0,0,0,0.0,0
2,278346,14,28,3,7,0.0,0.1081749343223613,0,0,0,0.0,0
2,7007,14,23,9,3,0.21428571428571427,0.1081749343223613,0,0,0,0.0,0
2,102840,14,16,7,6,0.42857142857142855,0.1081749343223613,0,0,0,0.0,0
2,244726,14,20,10,2,0.21428571428571427,0.1081749343223613,0,0,0,0.0,0
2,145351,14,14,1,3,0.0,0.1081749343223613,0,0,0,0.0,0
2,44566,13,22,14,2,0.07692307692307693,0.1004481532993355,0,0,0,0.0,0
2,edge_10077_25821,13,0,0,-1,0.38461538461538464,0.1004481532993355,0,0,0,0.0,0
2,82394,13,12,5,5,0.5384615384615384,0.1004481532993355,0,0,0,0.0,0
2,18656,13,20,8,3,0.23076923076923078,0.1004481532993355,0,0,0,0.0,0
2,179644,13,20,6,9,0.3076923076923077,0.1004481532993355,0,0,0,0.0,0
2,54246,13,16,10,5,0.3076923076923077,0.1004481532993355,0,0,0,0.0,0
2,24257,13,14,7,7,0.46153846153846156,0.1004481532993355,0,0,0,0.0,0
2,46964,13,19,13,19,0.23076923076923078,0.1004481532993355,0,0,0,0.0,0
2,3420,13,17,10,20,0.3076923076923077,0.1004481532993355,0,0,0,0.0,0
2,26062,13,26,4,3,0.0,0.1004481532993355,0,0,0,0.0,0
2,20914,13,17,10,2,0.23076923076923078,0.1004481532993355,0,0,0,0.0,0
2,62554,13,13,8,3,0.23076923076923078,0.1004481532993355,0,1,1,0.0,1
2,333005,13,18,6,5,0.3076923076923077,0.1004481532993355,0,0,0,0.0,0
2,12225,13,5,6,4,0.6153846153846154,0.1004481532993355,0,0,0,0.0,0
2,158281,13,10,9,20,0.3076923076923077,0.1004481532993355,0,0,0,0.0,0
2,edge_35367_369692,13,0,0,-1,0.38461538461538464,0.1004481532993355,0,0,0,0.0,0
2,edge_406153_406154,13,0,0,-1,0.0,0.1004481532993355,0,0,0,0.0,0
2,25151,12,18,11,3,0.16666666666666666,0.0927213722763097,0,0,0,0.0,0
2,49613,12,14,8,3,0.16666666666666666,0.0927213722763097,1,1,2,0.5,0
2,49936,12,10,2,5,0.5833333333333334,0.0927213722763097,0,0,0,0.0,0
2,10522,12,20,10,3,0.16666666666666666,0.0927213722763097,0,0,0,0.0,0
2,45748,12,16,7,3,0.3333333333333333,0.0927213722763097,0,0,0,0.0,0
2,edge_123880_369692,12,0,0,-1,0.3333333333333333,0.0927213722763097,0,1,1,0.0,1
2,107278,12,20,6,2,0.16666666666666666,0.0927213722763097,0,0,0,0.0,0
2,307248,12,20,7,6,0.16666666666666666,0.0927213722763097,0,0,0,0.0,0
2,194924,12,18,10,3,0.25,0.0927213722763097,0,0,0,0.0,0
2,3759,12,19,10,2,0.16666666666666666,0.0927213722763097,0,1,1,0.0,1
2,151955,12,24,9,3,0.0,0.0927213722763097,0,0,0,0.0,0
2,37438,12,12,7,4,0.5,0.0927213722763097,0,0,0,0.0,0
2,227888,12,22,8,3,0.08333333333333333,0.0927213722763097,0,0,0,0.0,0
2,182795,12,13,7,7,0.16666666666666666,0.0927213722763097,0,0,0,0.0,0
2,14755,12,8,7,8,0.3333333333333333,0.0927213722763097,0,0,0,0.0,0
2,edge_0_4519,12,0,0,-1,0.4166666666666667,0.0927213722763097,0,0,0,0.0,0
2,edge_15978_42165,12,0,0,-1,0.0,0.0927213722763097,0,0,0,0.0,0
2,edge_13036_14255,12,0,0,-1,0.0,0.0927213722763097,0,0,0,0.0,0
2,198979,12,13,7,10,0.16666666666666666,0.0927213722763097,0,0,0,0.0,0
2,33434,11,15,7,2,0.2727272727272727,0.08499459125328389,0,0,0,0.0,0
2,10587,11,19,8,3,0.18181818181818182,0.08499459125328389,0,0,0,0.0,0
2,155529,11,11,5,7,0.45454545454545453,0.08499459125328389,0,0,0,0.0,0
2,136065,11,14,4,5,0.2727272727272727,0.08499459125328389,0,0,0,0.0,0
2,54720,11,20,8,3,0.09090909090909091,0.08499459125328389,0,0,0,0.0,0
2,1,11,16,9,2,0.36363636363636365,0.08499459125328389,0,0,0,0.0,0
2,175040,11,12,7,18,0.45454545454545453,0.08499459125328389,0,0,0,0.0,0
2,125270,11,8,4,12,0.6363636363636364,0.08499459125328389,0,0,0,0.0,0
2,15978,11,14,4,3,0.36363636363636365,0.08499459125328389,0,0,0,0.0,0
2,379827,11,13,2,5,0.36363636363636365,0.08499459125328389,0,0,0,0.0,0
2,89221,11,12,7,9,0.36363636363636365,0.08499459125328389,0,0,0,0.0,0
2,13036,11,18,1,4,0.18181818181818182,0.08499459125328389,0,0,0,0.0,0
2,156122,11,10,3,18,0.5454545454545454,0.08499459125328389,0,0,0,0.0,0
2,244496,11,13,9,16,0.2727272727272727,0.08499459125328389,0,0,0,0.0,0
2,233546,11,20,9,6,0.0,0.08499459125328389,0,0,0,0.0,0
2,100312,11,10,6,7,0.5454545454545454,0.08499459125328389,0,0,0,0.0,0
2,166073,11,16,6,7,0.2727272727272727,0.08499459125328389,0,0,0,0.0,0
2,25748,11,17,9,2,0.18181818181818182,0.08499459125328389,0,0,0,0.0,0
2,263716,11,14,5,4,0.36363636363636365,0.08499459125328389,0,0,0,0.0,0
2,100111,11,16,10,6,0.18181818181818182,0.08499459125328389,0,0,0,0.0,0
2,edge_297248_347238,11,0,0,-1,0.36363636363636365,0.08499459125328389,0,0,0,0.0,0
2,144166,11,16,2,4,0.0,0.08499459125328389,0,0,0,0.0,0
2,17574,11,10,4,2,0.5454545454545454,0.08499459125328389,0,0,0,0.0,0
2,78961,11,16,4,6,0.36363636363636365,0.08499459125328389,0,0,0,0.0,0
2,26559,11,7,8,3,0.45454545454545453,0.08499459125328389,0,0,0,0.0,0
2,edge_101215_411025,11,0,0,-1,0.0,0.08499459125328389,1,2,3,0.3333333333333333,0
2,edge_0_411025,11,0,0,-1,0.0,0.08499459125328389,1,2,3,0.3333333333333333,0
2,edge_274042_369692,11,0,0,-1,0.0,0.08499459125328389,0,0,0,0.0,0
2,148355,11,12,6,8,0.2727272727272727,0.08499459125328389,0,0,0,0.0,0
2,edge_79494_116245,11,0,0,-1,0.0,0.08499459125328389,1,1,2,0.5,0
2,265171,11,9,3,6,0.18181818181818182,0.08499459125328389,0,0,0,0.0,0
2,edge_112482_380666,11,0,0,-1,0.0,0.08499459125328389,0,1,1,0.0,1
2,edge_283309_347238,11,0,0,-1,0.45454545454545453,0.08499459125328389,0,0,0,0.0,0
2,53155,11,6,4,10,0.45454545454545453,0.08499459125328389,0,0,0,0.0,0
2,35196,10,8,5,2,0.6,0.07726781023025807,0,1,1,0.0,1
2,116094,10,12,1,4,0.4,0.07726781023025807,0,0,0,0.0,0
2,75998,10,12,5,16,0.4,0.07726781023025807,0,0,0,0.0,0
2,60472,10,10,5,5,0.5,0.07726781023025807,0,0,0,0.0,0
2,329802,10,10,4,10,0.5,0.07726781023025807,0,0,0,0.0,0
2,134921,10,13,6,5,0.2,0.07726781023025807,0,0,0,0.0,0
2,179649,10,10,2,4,0.5,0.07726781023025807,0,0,0,0.0,0
2,151956,10,14,1,4,0.3,0.07726781023025807,0,0,0,0.0,0
2,63038,10,11,5,2,0.5,0.07726781023025807,0,1,1,0.0,1
2,28497,10,14,10,18,0.3,0.07726781023025807,0,0,0,0.0,0
2,301615,10,16,7,7,0.1,0.07726781023025807,0,0,0,0.0,0
2,4116,10,18,10,5,0.0,0.07726781023025807,0,0,0,0.0,0
2,78711,10,13,6,9,0.3,0.07726781023025807,0,0,0,0.0,0
2,edge_182384_182386,10,0,0,-1,0.0,0.07726781023025807,0,0,0,0.0,0
2,30626,10,14,9,3,0.3,0.07726781023025807,0,0,0,0.0,0
2,250767,10,10,7,4,0.5,0.07726781023025807,0,0,0,0.0,0
2,edge_83918_144166,10,0,0,-1,0.0,0.07726781023025807,0,0,0,0.0,0
2,118136,10,12,2,4,0.4,0.07726781023025807,0,0,0,0.0,0
2,185089,10,9,7,4,0.2,0.07726781023025807,0,0,0,0.0,0
2,edge_92218_101215,10,0,0,-1,0.0,0.07726781023025807,1,1,2,0.5,0
2,406153,10,7,3,11,0.4,0.07726781023025807,0,0,0,0.0,0
2,edge_0_23073,10,0,0,-1,0.0,0.07726781023025807,3,1,4,0.75,0
2,54183,10,7,5,3,0.3,0.07726781023025807,0,0,0,0.0,0
2,edge_54881_278346,10,0,0,-1,0.4,0.07726781023025807,0,0,0,0.0,0
2,edge_151955_151956,10,0,0,-1,0.0,0.07726781023025807,0,0,0,0.0,0
2,105752,9,9,8,2,0.4444444444444444,0.06954102920723226,0,0,0,0.0,0
2,259795,9,15,5,5,0.1111111111111111,0.06954102920723226,0,0,0,0.0,0
2,54022,9,10,4,8,0.4444444444444444,0.06954102920723226,0,0,0,0.0,0
2,34561,9,16,7,8,0.1111111111111111,0.06954102920723226,0,0,0,0.0,0
2,62657,9,10,5,6,0.4444444444444444,0.06954102920723226,0,0,0,0.0,0
2,162794,9,11,4,12,0.4444444444444444,0.06954102920723226,0,0,0,0.0,0
2,edge_84414_348180,9,0,0,-1,0.4444444444444444,0.06954102920723226,0,0,0,0.0,0
2,75962,9,14,3,3,0.2222222222222222,0.06954102920723226,0,0,0,0.0,0
2,252100,9,16,5,7,0.1111111111111111,0.06954102920723226,0,0,0,0.0,0
2,411025,9,18,2,2,0.0,0.06954102920723226,1,2,3,0.3333333333333333,0
2,274042,9,16,5,2,0.1111111111111111,0.06954102920723226,0,0,0,0.0,0
2,223178,9,8,7,7,0.4444444444444444,0.06954102920723226,0,0,0,0.0,0
2,279220,9,12,6,8,0.2222222222222222,0.06954102920723226,0,0,0,0.0,0
2,262457,9,4,2,4,0.5555555555555556,0.06954102920723226,0,0,0,0.0,0
2,91552,9,14,5,4,0.2222222222222222,0.06954102920723226,0,0,0,0.0,0
2,14652,9,14,8,4,0.2222222222222222,0.06954102920723226,0,0,0,0.0,0
2,345294,9,10,4,5,0.3333333333333333,0.06954102920723226,0,0,0,0.0,0
2,219588,9,11,8,5,0.3333333333333333,0.06954102920723226,0,0,0,0.0,0
2,311503,9,8,5,4,0.3333333333333333,0.06954102920723226,0,0,0,0.0,0
2,180216,9,3,3,5,0.7777777777777778,0.06954102920723226,0,0,0,0.0,0
2,90726,9,16,7,8,0.1111111111111111,0.06954102920723226,0,0,0,0.0,0
2,137872,9,16,10,8,0.0,0.06954102920723226,0,0,0,0.0,0
2,324779,9,15,8,5,0.1111111111111111,0.06954102920723226,0,1,1,0.0,1
2,369677,9,6,1,9,0.6666666666666666,0.06954102920723226,0,0,0,0.0,0
2,63375,9,9,7,6,0.4444444444444444,0.06954102920723226,0,0,0,0.0,0
2,182386,9,11,3,9,0.1111111111111111,0.06954102920723226,0,0,0,0.0,0
2,292752,9,14,6,8,0.2222222222222222,0.06954102920723226,0,0,0,0.0,0
2,14442,9,13,8,2,0.2222222222222222,0.06954102920723226,0,0,0,0.0,0
2,edge_32988_36531,9,0,0,-1,0.4444444444444444,0.06954102920723226,0,0,0,0.0,0
2,edge_10077_10078,9,0,0,-1,0.0,0.06954102920723226,0,0,0,0.0,0
2,edge_10077_26192,9,0,0,-1,0.0,0.06954102920723226,0,1,1,0.0,1
2,edge_16803_352103,9,0,0,-1,0.0,0.06954102920723226,4,2,6,0.6666666666666666,0
2,edge_136065_226417,9,0,0,-1,0.0,0.06954102920723226,0,0,0,0.0,0
2,edge_3970_10077,9,0,0,-1,0.3333333333333333,0.06954102920723226,0,0,0,0.0,0
2,edge_5721_10077,9,0,0,-1,0.2222222222222222,0.06954102920723226,0,1,1,0.0,1
2,edge_0_75503,9,0,0,-1,0.3333333333333333,0.06954102920723226,1,2,3,0.3333333333333333,0
2,187383,9,6,3,12,0.3333333333333333,0.06954102920723226,0,0,0,0.0,0
2,65297,9,11,8,2,0.2222222222222222,0.06954102920723226,0,0,0,0.0,0
2,276659,9,5,1,2,0.4444444444444444,0.06954102920723226,0,0,0,0.0,0
2,edge_31096_145596,9,0,0,-1,0.0,0.06954102920723226,0,0,0,0.0,0
2,edge_10653_14255,9,0,0,-1,0.4444444444444444,0.06954102920723226,0,0,0,0.0,0
2,298296,8,10,5,4,0.375,0.06181424818420646,0,0,0,0.0,0
2,126842,8,10,5,8,0.375,0.06181424818420646,0,0,0,0.0,0
2,237012,8,12,4,4,0.25,0.06181424818420646,0,0,0,0.0,0
2,324654,8,10,4,14,0.375,0.06181424818420646,0,0,0,0.0,0
2,167322,8,15,8,11,0.0,0.06181424818420646,0,0,0,0.0,0
2,250784,8,6,3,8,0.625,0.06181424818420646,0,0,0,0.0,0
2,51964,8,12,4,3,0.25,0.06181424818420646,0,0,0,0.0,0
2,189532,8,12,3,11,0.125,0.06181424818420646,0,0,0,0.0,0
2,42608,8,7,5,4,0.5,0.06181424818420646,0,0,0,0.0,0
2,95115,8,11,7,2,0.25,0.06181424818420646,0,0,0,0.0,0
2,21788,8,12,5,4,0.25,0.06181424818420646,0,0,0,0.0,0
2,199930,8,12,7,3,0.25,0.06181424818420646,0,0,0,0.0,0
2,247152,8,14,6,4,0.25,0.06181424818420646,0,0,0,0.0,0
2,59032,8,15,10,2,0.0,0.06181424818420646,0,0,0,0.0,0
2,176452,8,5,1,5,0.375,0.06181424818420646,0,0,0,0.0,0
2,369267,8,8,3,2,0.5,0.06181424818420646,0,0,0,0.0,0
2,71156,8,14,8,5,0.125,0.06181424818420646,0,0,0,0.0,0
2,379828,8,12,2,5,0.25,0.06181424818420646,0,0,0,0.0,0
2,88937,8,8,3,8,0.375,0.06181424818420646,0,0,0,0.0,0
2,72156,8,8,4,11,0.5,0.06181424818420646,0,0,0,0.0,0
2,5480,8,4,4,4,0.625,0.06181424818420646,0,0,0,0.0,0
2,1991,8,8,5,5,0.375,0.06181424818420646,0,0,0,0.0,0
2,38610,8,13,6,16,0.125,0.06181424818420646,0,0,0,0.0,0
2,26815,8,12,5,8,0.25,0.06181424818420646,0,0,0,0.0,0
2,289472,8,6,1,4,0.625,0.06181424818420646,0,0,0,0.0,0
2,5552,8,14,6,7,0.125,0.06181424818420646,0,0,0,0.0,0
2,193461,8,14,3,2,0.125,0.06181424818420646,0,0,0,0.0,0
2,edge_62554_265930,8,0,0,-1,0.0,0.06181424818420646,0,0,0,0.0,0
2,94044,8,9,7,3,0.25,0.06181424818420646,0,0,0,0.0,0
2,333006,8,14,4,5,0.125,0.06181424818420646,0,0,0,0.0,0
2,58007,8,5,4,4,0.375,0.06181424818420646,0,0,0,0.0,0
2,edge_173186_224490,8,0,0,-1,0.375,0.06181424818420646,0,0,0,0.0,0
2,edge_16803_43379,8,0,0,-1,0.0,0.06181424818420646,0,0,0,0.0,0
2,43315,8,6,7,2,0.25,0.06181424818420646,0,0,0,0.0,0
2,edge_24935_273546,8,0,0,-1,0.0,0.06181424818420646,0,0,0,0.0,0
2,36799,8,7,7,6,0.25,0.06181424818420646,0,0,0,0.0,0
2,edge_41439_116094,8,0,0,-1,0.0,0.06181424818420646,0,0,0,0.0,0
2,edge_257493_328896,8,0,0,-1,0.375,0.06181424818420646,0,0,0,0.0,0
2,edge_84414_86242,8,0,0,-1,0.5,0.06181424818420646,0,0,0,0.0,0
2,256999,8,8,4,19,0.0,0.06181424818420646,0,0,0,0.0,0
2,edge_75503_369692,8,0,0,-1,0.125,0.06181424818420646,0,1,1,0.0,1
2,edge_99375_278346,8,0,0,-1,0.0,0.06181424818420646,0,0,0,0.0,0
2,101989,8,9,8,15,0.125,0.06181424818420646,0,0,0,0.0,0
2,203311,8,5,3,6,0.375,0.06181424818420646,0,0,0,0.0,0
2,263715,8,5,4,4,0.375,0.06181424818420646,0,0,0,0.0,0
2,402671,8,5,1,7,0.375,0.06181424818420646,0,0,0,0.0,0
2,148344,7,8,5,4,0.2857142857142857,0.05408746716118065,0,0,0,0.0,0
2,393615,7,10,2,13,0.2857142857142857,0.05408746716118065,0,0,0,0.0,0
2,75100,7,14,5,3,0.0,0.05408746716118065,0,0,0,0.0,0
2,55879,7,11,7,5,0.14285714285714285,0.05408746716118065,0,0,0,0.0,0
2,29930,7,9,6,5,0.2857142857142857,0.05408746716118065,0,0,0,0.0,0
2,38672,7,8,6,13,0.2857142857142857,0.05408746716118065,0,0,0,0.0,0
2,273686,7,10,2,8,0.2857142857142857,0.05408746716118065,0,0,0,0.0,0
2,208187,7,10,4,5,0.2857142857142857,0.05408746716118065,0,0,0,0.0,0
2,192346,7,11,5,2,0.14285714285714285,0.05408746716118065,0,0,0,0.0,0
2,377116,7,10,2,4,0.2857142857142857,0.05408746716118065,0,1,1,0.0,1
2,224195,7,6,1,7,0.5714285714285714,0.05408746716118065,0,0,0,0.0,0
2,145596,7,16,1,4,0.0,0.05408746716118065,0,0,0,0.0,0
2,13088,7,11,6,6,0.14285714285714285,0.05408746716118065,0,0,0,0.0,0
2,237997,7,12,3,3,0.14285714285714285,0.05408746716118065,0,0,0,0.0,0
2,142334,7,14,7,2,0.14285714285714285,0.05408746716118065,0,0,0,0.0,0
2,86462,7,6,5,14,0.5714285714285714,0.05408746716118065,0,0,0,0.0,0
2,139552,7,11,8,19,0.0,0.05408746716118065,0,0,0,0.0,0
2,109173,7,12,6,4,0.14285714285714285,0.05408746716118065,0,0,0,0.0,0
2,410408,7,9,3,5,0.0,0.05408746716118065,0,0,0,0.0,0
2,113726,7,12,7,5,0.14285714285714285,0.05408746716118065,0,0,0,0.0,0
2,88343,7,10,3,7,0.2857142857142857,0.05408746716118065,0,0,0,0.0,0
2,269598,7,10,4,7,0.2857142857142857,0.05408746716118065,0,0,0,0.0,0
2,63529,7,6,3,2,0.5714285714285714,0.05408746716118065,0,0,0,0.0,0
2,71454,7,6,3,4,0.5714285714285714,0.05408746716118065,0,0,0,0.0,0
2,293748,7,9,4,4,0.2857142857142857,0.05408746716118065,0,0,0,0.0,0
2,83918,7,6,2,3,0.14285714285714285,0.05408746716118065,0,0,0,0.0,0
2,33973,7,6,4,2,0.5714285714285714,0.05408746716118065,0,2,2,0.0,1
2,31154,7,5,3,4,0.5714285714285714,0.05408746716118065,0,0,0,0.0,0
2,edge_73169_109993,7,0,0,-1,0.2857142857142857,0.05408746716118065,0,0,0,0.0,0
2,edge_10587_36531,7,0,0,-1,0.0,0.05408746716118065,0,0,0,0.0,0
2,edge_36531_49936,7,0,0,-1,0.0,0.05408746716118065,0,0,0,0.0,0
2,edge_11782_16803,7,0,0,-1,0.42857142857142855,0.05408746716118065,0,1,1,0.0,1
2,edge_150901_216143,7,0,0,-1,0.2857142857142857,0.05408746716118065,0,0,0,0.0,0
2,edge_2836_5943,7,0,0,-1,0.0,0.05408746716118065,0,0,0,0.0,0
2,edge_41439_104698,7,0,0,-1,0.42857142857142855,0.05408746716118065,0,0,0,0.0,0
2,edge_56130_313512,7,0,0,-1,0.2857142857142857,0.05408746716118065,0,0,0,0.0,0
2,363381,7,4,2,3,0.42857142857142855,0.05408746716118065,0,0,0,0.0,0
2,edge_16803_205684,7,0,0,-1,0.42857142857142855,0.05408746716118065,0,0,0,0.0,0
2,edge_70708_79494,7,0,0,-1,0.0,0.05408746716118065,0,2,2,0.0,1
2,edge_147326_238639,7,0,0,-1,0.0,0.05408746716118065,0,0,0,0.0,0
2,edge_132626_264893,7,0,0,-1,0.0,0.05408746716118065,0,0,0,0.0,0
2,edge_179649_355344,7,0,0,-1,0.0,0.05408746716118065,0,0,0,0.0,0
2,edge_90029_379827,7,0,0,-1,0.0,0.05408746716118065,0,0,0,0.0,0
2,247317,7,4,2,19,0.42857142857142855,0.05408746716118065,0,0,0,0.0,0
2,edge_8370_332556,7,0,0,-1,0.0,0.05408746716118065,0,0,0,0.0,0
2,360775,7,3,3,7,0.5714285714285714,0.05408746716118065,0,1,1,0.0,1
2,edge_18517_124998,7,0,0,-1,0.42857142857142855,0.05408746716118065,0,0,0,0.0,0
2,edge_144137_144166,7,0,0,-1,0.2857142857142857,0.05408746716118065,0,0,0,0.0,0
2,edge_78961_402671,7,0,0,-1,0.0,0.05408746716118065,0,0,0,0.0,0
2,177911,6,12,7,3,0.0,0.04636068613815485,0,0,0,0.0,0
2,100010,6,8,3,4,0.3333333333333333,0.04636068613815485,0,0,0,0.0,0
2,92530,6,10,7,2,0.16666666666666666,0.04636068613815485,0,1,1,0.0,1
2,105751,6,8,4,3,0.16666666666666666,0.04636068613815485,0,0,0,0.0,0
2,94748,6,10,3,7,0.3333333333333333,0.04636068613815485,0,0,0,0.0,0
2,179961,6,6,5,4,0.5,0.04636068613815485,0,0,0,0.0,0
2,87877,6,8,2,8,0.3333333333333333,0.04636068613815485,0,0,0,0.0,0
2,47519,6,8,5,8,0.3333333333333333,0.04636068613815485,0,0,0,0.0,0
2,267906,6,8,3,11,0.3333333333333333,0.04636068613815485,0,0,0,0.0,0
2,256847,6,8,4,9,0.3333333333333333,0.04636068613815485,0,0,0,0.0,0
2,352103,6,8,1,2,0.3333333333333333,0.04636068613815485,1,2,3,0.3333333333333333,0
2,21835,6,5,5,2,0.5,0.04636068613815485,0,1,1,0.0,1
2,91877,6,12,5,5,0.0,0.04636068613815485,0,0,0,0.0,0
2,11118,6,7,5,9,0.3333333333333333,0.04636068613815485,0,0,0,0.0,0
2,152872,6,6,4,10,0.5,0.04636068613815485,0,0,0,0.0,0
2,138494,6,7,5,9,0.3333333333333333,0.04636068613815485,0,0,0,0.0,0
2,96933,6,12,3,13,0.0,0.04636068613815485,0,0,0,0.0,0
2,8211,6,14,6,2,0.0,0.04636068613815485,0,0,0,0.0,0
2,93421,6,6,2,5,0.5,0.04636068613815485,0,0,0,0.0,0
2,145918,6,10,5,9,0.16666666666666666,0.04636068613815485,0,0,0,0.0,0
2,edge_168166_323872,6,0,0,-1,0.3333333333333333,0.04636068613815485,0,0,0,0.0,0
2,294543,6,8,2,6,0.3333333333333333,0.04636068613815485,0,0,0,0.0,0
2,edge_38642_176452,6,0,0,-1,0.0,0.04636068613815485,0,0,0,0.0,0
2,216616,6,12,4,9,0.0,0.04636068613815485,0,0,0,0.0,0
2,165322,6,12,4,9,0.0,0.04636068613815485,0,0,0,0.0,0
2,132626,6,12,7,10,0.0,0.04636068613815485,0,0,0,0.0,0
2,264893,6,12,1,11,0.0,0.04636068613815485,0,0,0,0.0,0
2,187384,6,8,2,13,0.16666666666666666,0.04636068613815485,0,0,0,0.0,0
2,355344,6,12,3,4,0.0,0.04636068613815485,0,0,0,0.0,0
2,edge_120841_199873,6,0,0,-1,0.3333333333333333,0.04636068613815485,0,0,0,0.0,0
2,94119,6,8,5,5,0.3333333333333333,0.04636068613815485,0,0,0,0.0,0
2,90029,6,11,4,5,0.0,0.04636068613815485,0,0,0,0.0,0
2,53611,6,7,5,2,0.3333333333333333,0.04636068613815485,0,1,1,0.0,1
2,129829,6,6,2,4,0.5,0.04636068613815485,0,0,0,0.0,0
2,184606,6,8,5,3,0.3333333333333333,0.04636068613815485,0,0,0,0.0,0
2,110849,6,8,3,2,0.3333333333333333,0.04636068613815485,0,0,0,0.0,0
2,17940,6,7,6,2,0.3333333333333333,0.04636068613815485,0,0,0,0.0,0
2,412708,6,6,2,7,0.3333333333333333,0.04636068613815485,0,0,0,0.0,0
2,378585,6,2,3,20,0.8333333333333334,0.04636068613815485,0,0,0,0.0,0
2,170188,6,8,3,5,0.3333333333333333,0.04636068613815485,0,0,0,0.0,0
2,393124,6,8,2,20,0.3333333333333333,0.04636068613815485,0,0,0,0.0,0
2,31539,6,4,3,20,0.6666666666666666,0.04636068613815485,0,0,0,0.0,0
2,332556,6,12,1,23,0.0,0.04636068613815485,0,0,0,0.0,0
2,367712,6,12,2,7,0.0,0.04636068613815485,0,0,0,0.0,0
2,6776,6,9,5,6,0.16666666666666666,0.04636068613815485,0,0,0,0.0,0
2,295500,6,10,2,7,0.0,0.04636068613815485,0,0,0,0.0,0
2,edge_336780_410408,6,0,0,-1,0.0,0.04636068613815485,0,0,0,0.0,0
2,65816,6,6,2,8,0.5,0.04636068613815485,0,0,0,0.0,0
2,220053,6,10,2,11,0.16666666666666666,0.04636068613815485,0,0,0,0.0,0
2,271168,6,8,5,5,0.3333333333333333,0.04636068613815485,0,0,0,0.0,0
2,113210,6,8,5,9,0.3333333333333333,0.04636068613815485,0,0,0,0.0,0
2,27286,6,9,7,2,0.3333333333333333,0.04636068613815485,0,0,0,0.0,0
2,380666,6,14,3,6,0.0,0.04636068613815485,1,1,2,0.5,0
2,23602,6,5,6,3,0.5,0.04636068613815485,0,0,0,0.0,0
2,65055,6,3,3,3,0.6666666666666666,0.04636068613815485,0,0,0,0.0,0
2,132002,6,8,5,4,0.3333333333333333,0.04636068613815485,0,0,0,0.0,0
2,194495,6,6,4,8,0.5,0.04636068613815485,0,0,0,0.0,0
2,97756,6,7,4,2,0.3333333333333333,0.04636068613815485,0,0,0,0.0,0
2,250436,6,12,6,5,0.0,0.04636068613815485,0,0,0,0.0,0
2,edge_1_16803,6,0,0,-1,0.0,0.04636068613815485,0,0,0,0.0,0
2,edge_2836_10077,6,0,0,-1,0.0,0.04636068613815485,0,0,0,0.0,0
2,185087,6,6,5,5,0.0,0.04636068613815485,0,0,0,0.0,0
2,edge_23999_320749,6,0,0,-1,0.0,0.04636068613815485,0,0,0,0.0,0
2,edge_24935_251340,6,0,0,-1,0.0,0.04636068613815485,0,0,0,0.0,0
2,edge_0_120044,6,0,0,-1,0.5,0.04636068613815485,0,0,0,0.0,0
2,edge_0_1,6,0,0,-1,0.0,0.04636068613815485,0,0,0,0.0,0
2,edge_323872_406152,6,0,0,-1,0.0,0.04636068613815485,0,0,0,0.0,0
2,edge_179644_230179,6,0,0,-1,0.3333333333333333,0.04636068613815485,0,0,0,0.0,0
2,edge_16803_146774,6,0,0,-1,0.0,0.04636068613815485,1,1,2,0.5,0
2,edge_307248_317040,6,0,0,-1,0.3333333333333333,0.04636068613815485,0,0,0,0.0,0
2,edge_116245_377116,6,0,0,-1,0.0,0.04636068613815485,1,1,2,0.5,0
2,54885,6,4,5,8,0.3333333333333333,0.04636068613815485,0,0,0,0.0,0
2,297209,6,4,2,7,0.3333333333333333,0.04636068613815485,0,0,0,0.0,0
2,edge_16803_276659,6,0,0,-1,0.0,0.04636068613815485,0,0,0,0.0,0
2,edge_69996_102805,6,0,0,-1,0.0,0.04636068613815485,0,0,0,0.0,0
2,edge_102805_108891,6,0,0,-1,0.0,0.04636068613815485,0,0,0,0.0,0
2,edge_93087_415621,6,0,0,-1,0.0,0.04636068613815485,0,0,0,0.0,0
2,299261,6,5,4,9,0.16666666666666666,0.04636068613815485,0,0,0,0.0,0
2,edge_197129_247317,6,0,0,-1,0.0,0.04636068613815485,0,0,0,0.0,0
2,edge_117168_150884,6,0,0,-1,0.16666666666666666,0.04636068613815485,0,0,0,0.0,0
2,7465,6,4,7,5,0.3333333333333333,0.04636068613815485,0,0,0,0.0,0
2,edge_57808_193517,6,0,0,-1,0.0,0.04636068613815485,0,0,0,0.0,0
2,193517,6,6,2,8,0.0,0.04636068613815485,0,0,0,0.0,0
2,edge_288422_363686,6,0,0,-1,0.3333333333333333,0.04636068613815485,0,0,0,0.0,0
2,edge_363686_369677,6,0,0,-1,0.0,0.04636068613815485,0,0,0,0.0,0
2,edge_17422_26062,6,0,0,-1,0.0,0.04636068613815485,0,0,0,0.0,0
2,edge_54045_112482,6,0,0,-1,0.0,0.04636068613815485,0,1,1,0.0,1
2,edge_263716_265930,6,0,0,-1,0.0,0.04636068613815485,0,0,0,0.0,0
2,edge_333006_347238,6,0,0,-1,0.0,0.04636068613815485,0,0,0,0.0,0
2,302034,5,8,4,4,0.2,0.038633905115129034,0,0,0,0.0,0
2,181710,5,3,3,4,0.6,0.038633905115129034,0,0,0,0.0,0
2,15954,5,8,5,4,0.2,0.038633905115129034,0,0,0,0.0,0
2,21955,5,6,1,4,0.4,0.038633905115129034,0,0,0,0.0,0
2,36082,5,7,5,3,0.2,0.038633905115129034,0,0,0,0.0,0
2,19885,5,9,7,3,0.0,0.038633905115129034,0,1,1,0.0,1
2,161364,5,8,4,4,0.2,0.038633905115129034,0,0,0,0.0,0
2,edge_10078_237050,5,0,0,-1,0.4,0.038633905115129034,0,0,0,0.0,0
2,406606,5,8,2,11,0.2,0.038633905115129034,0,0,0,0.0,0
2,222092,5,10,7,12,0.0,0.038633905115129034,0,0,0,0.0,0
2,390071,5,10,3,13,0.0,0.038633905115129034,0,0,0,0.0,0
2,43379,5,8,1,2,0.2,0.038633905115129034,0,0,0,0.0,0
2,78454,5,10,5,2,0.0,0.038633905115129034,0,0,0,0.0,0
2,41089,5,6,4,4,0.4,0.038633905115129034,0,0,0,0.0,0
2,273546,5,6,1,5,0.4,0.038633905115129034,0,0,0,0.0,0
2,98552,5,6,4,5,0.4,0.038633905115129034,0,0,0,0.0,0
2,191402,5,6,5,16,0.2,0.038633905115129034,0,0,0,0.0,0
2,37693,5,6,5,4,0.4,0.038633905115129034,0,0,0,0.0,0
2,152488,5,7,3,8,0.2,0.038633905115129034,0,0,0,0.0,0
2,38868,5,6,4,19,0.4,0.038633905115129034,0,0,0,0.0,0
2,62166,5,6,3,7,0.4,0.038633905115129034,0,0,0,0.0,0
2,112243,5,8,4,8,0.2,0.038633905115129034,0,0,0,0.0,0
2,44690,5,8,3,5,0.0,0.038633905115129034,4,1,5,0.8,0
2,232715,5,8,4,3,0.2,0.038633905115129034,0,0,0,0.0,0
2,254997,5,6,1,5,0.4,0.038633905115129034,0,0,0,0.0,0
2,19286,5,8,5,3,0.2,0.038633905115129034,0,1,1,0.0,1
2,38642,5,7,5,4,0.2,0.038633905115129034,0,0,0,0.0,0
2,216800,5,10,6,7,0.0,0.038633905115129034,0,0,0,0.0,0
2,146774,5,6,2,2,0.4,0.038633905115129034,0,1,1,0.0,1
2,114197,5,9,7,9,0.0,0.038633905115129034,0,0,0,0.0,0
2,338148,5,8,3,10,0.2,0.038633905115129034,0,0,0,0.0,0
2,321447,5,8,5,11,0.2,0.038633905115129034,0,0,0,0.0,0
2,30336,5,6,4,7,0.4,0.038633905115129034,0,0,0,0.0,0
2,327045,5,6,2,8,0.4,0.038633905115129034,0,0,0,0.0,0
2,391623,5,10,6,5,0.0,0.038633905115129034,0,0,0,0.0,0
2,46903,5,6,4,6,0.4,0.038633905115129034,0,0,0,0.0,0
2,213470,5,7,4,4,0.4,0.038633905115129034,0,0,0,0.0,0
2,147614,5,6,4,3,0.4,0.038633905115129034,0,1,1,0.0,1
2,184607,5,7,5,6,0.2,0.038633905115129034,0,0,0,0.0,0
2,63702,5,8,6,6,0.0,0.038633905115129034,0,0,0,0.0,0
2,108891,5,8,2,4,0.2,0.038633905115129034,0,0,0,0.0,0
2,102083,5,10,3,7,0.0,0.038633905115129034,0,0,0,0.0,0
2,278347,5,8,3,7,0.0,0.038633905115129034,0,0,0,0.0,0
2,29960,5,8,5,2,0.2,0.038633905115129034,0,0,0,0.0,0
2,146268,5,7,4,3,0.2,0.038633905115129034,0,0,0,0.0,0
2,15824,5,4,3,5,0.4,0.038633905115129034,0,0,0,0.0,0
2,153609,5,8,6,15,0.0,0.038633905115129034,0,0,0,0.0,0
2,137206,5,7,3,17,0.0,0.038633905115129034,0,0,0,0.0,0
2,3736,5,5,5,4,0.2,0.038633905115129034,0,0,0,0.0,0
2,40619,5,8,5,7,0.0,0.038633905115129034,0,0,0,0.0,0
2,8370,5,8,5,22,0.2,0.038633905115129034,0,0,0,0.0,0
2,183116,5,10,7,7,0.0,0.038633905115129034,0,0,0,0.0,0
2,43999,5,8,4,6,0.2,0.038633905115129034,0,0,0,0.0,0
2,150068,5,8,3,3,0.2,0.038633905115129034,0,0,0,0.0,0
2,183471,5,10,4,4,0.0,0.038633905115129034,0,0,0,0.0,0
2,edge_23073_108455,5,0,0,-1,0.4,0.038633905115129034,0,0,0,0.0,0
2,19660,5,10,6,6,0.0,0.038633905115129034,0,0,0,0.0,0
2,40110,5,10,6,6,0.0,0.038633905115129034,0,0,0,0.0,0
2,239466,5,10,2,4,0.0,0.038633905115129034,0,0,0,0.0,0
2,131825,5,8,5,5,0.2,0.038633905115129034,0,0,0,0.0,0
2,389712,5,4,1,7,0.6,0.038633905115129034,0,0,0,0.0,0
2,54045,5,10,3,4,0.0,0.038633905115129034,0,1,1,0.0,1
2,267843,5,12,3,7,0.0,0.038633905115129034,0,0,0,0.0,0
2,189594,5,4,3,4,0.6,0.038633905115129034,0,0,0,0.0,0
2,182384,5,7,3,8,0.0,0.038633905115129034,0,0,0,0.0,0
2,103542,5,9,5,3,0.0,0.038633905115129034,0,0,0,0.0,0
2,149138,5,10,3,4,0.0,0.038633905115129034,0,0,0,0.0,0
2,109414,5,4,3,3,0.4,0.038633905115129034,0,0,0,0.0,0
2,290565,5,6,3,3,0.4,0.038633905115129034,0,0,0,0.0,0
2,33399,5,7,4,3,0.2,0.038633905115129034,0,0,0,0.0,0
2,99290,5,10,6,5,0.0,0.038633905115129034,0,0,0,0.0,0
2,edge_21676_94748,5,0,0,-1,0.0,0.038633905115129034,0,0,0,0.0,0
2,edge_7702_37678,5,0,0,-1,0.4,0.038633905115129034,0,0,0,0.0,0
2,76483,5,2,3,7,0.6,0.038633905115129034,0,0,0,0.0,0
2,edge_52800_87877,5,0,0,-1,0.0,0.038633905115129034,0,0,0,0.0,0
2,edge_45114_54022,5,0,0,-1,0.4,0.038633905115129034,0,0,0,0.0,0
2,edge_224490_387480,5,0,0,-1,0.0,0.038633905115129034,0,0,0,0.0,0
2,136529,5,3,4,6,0.4,0.038633905115129034,0,0,0,0.0,0
2,edge_16803_146720,5,0,0,-1,0.2,0.038633905115129034,0,0,0,0.0,0
2,edge_45748_226417,5,0,0,-1,0.0,0.038633905115129034,0,0,0,0.0,0
2,edge_63332_213568,5,0,0,-1,0.4,0.038633905115129034,0,0,0,0.0,0
2,edge_10078_150901,5,0,0,-1,0.0,0.038633905115129034,0,0,0,0.0,0
2,edge_150901_199567,5,0,0,-1,0.2,0.038633905115129034,0,0,0,0.0,0
2,edge_124622_150901,5,0,0,-1,0.0,0.038633905115129034,0,0,0,0.0,0
2,edge_54720_118749,5,0,0,-1,0.0,0.038633905115129034,0,0,0,0.0,0
2,edge_96933_162794,5,0,0,-1,0.0,0.038633905115129034,0,0,0,0.0,0
2,edge_105123_257493,5,0,0,-1,0.2,0.038633905115129034,0,0,0,0.0,0
2,edge_65390_101215,5,0,0,-1,0.0,0.038633905115129034,0,1,1,0.0,1
2,241401,5,3,3,20,0.4,0.038633905115129034,0,0,0,0.0,0
2,edge_32845_323872,5,0,0,-1,0.4,0.038633905115129034,0,0,0,0.0,0
2,edge_221434_403970,5,0,0,-1,0.0,0.038633905115129034,0,0,0,0.0,0
2,edge_2815_91552,5,0,0,-1,0.0,0.038633905115129034,0,0,0,0.0,0
2,edge_93540_147326,5,0,0,-1,0.2,0.038633905115129034,0,0,0,0.0,0
2,edge_76436_92906,5,0,0,-1,0.4,0.038633905115129034,0,0,0,0.0,0
2,edge_187383_187384,5,0,0,-1,0.0,0.038633905115129034,0,0,0,0.0,0
2,edge_120841_152119,5,0,0,-1,0.2,0.038633905115129034,0,0,0,0.0,0
2,116931,5,5,3,4,0.2,0.038633905115129034,0,0,0,0.0,0
2,edge_69996_108892,5,0,0,-1,0.4,0.038633905115129034,0,0,0,0.0,0
2,edge_311503_379828,5,0,0,-1,0.0,0.038633905115129034,0,0,0,0.0,0
2,edge_90029_379828,5,0,0,-1,0.0,0.038633905115129034,0,0,0,0.0,0
2,edge_265171_265172,5,0,0,-1,0.0,0.038633905115129034,0,0,0,0.0,0
2,edge_28881_99375,5,0,0,-1,0.4,0.038633905115129034,0,0,0,0.0,0
2,edge_93087_279806,5,0,0,-1,0.4,0.038633905115129034,0,0,0,0.0,0
2,edge_93087_267838,5,0,0,-1,0.0,0.038633905115129034,0,0,0,0.0,0
2,edge_156122_197129,5,0,0,-1,0.0,0.038633905115129034,0,0,0,0.0,0
2,edge_150884_238567,5,0,0,-1,0.4,0.038633905115129034,0,0,0,0.0,0
2,edge_31149_295500,5,0,0,-1,0.0,0.038633905115129034,0,0,0,0.0,0
2,edge_65390_118136,5,0,0,-1,0.0,0.038633905115129034,0,0,0,0.0,0
2,edge_269598_363686,5,0,0,-1,0.0,0.038633905115129034,0,0,0,0.0,0
2,edge_26062_32985,5,0,0,-1,0.0,0.038633905115129034,0,0,0,0.0,0
2,edge_41787_112482,5,0,0,-1,0.2,0.038633905115129034,0,0,0,0.0,0
2,edge_64848_267843,5,0,0,-1,0.4,0.038633905115129034,0,0,0,0.0,0
2,153579,5,3,3,3,0.4,0.038633905115129034,0,0,0,0.0,0
2,118551,5,4,4,4,0.2,0.038633905115129034,0,0,0,0.0,0
2,edge_33126_177972,4,0,0,-1,0.25,0.03090712409210323,0,0,0,0.0,0
2,51524,4,6,4,4,0.25,0.03090712409210323,0,0,0,0.0,0
2,124311,4,8,3,4,0.0,0.03090712409210323,0,0,0,0.0,0
2,97638,4,6,2,4,0.25,0.03090712409210323,0,0,0,0.0,0
2,89405,4,4,2,7,0.5,0.03090712409210323,0,0,0,0.0,0
2,edge_49613_262457,4,0,0,-1,0.0,0.03090712409210323,0,0,0,0.0,0
2,5924,4,8,5,4,0.0,0.03090712409210323,0,0,0,0.0,0
2,198573,4,6,3,5,0.25,0.03090712409210323,0,0,0,0.0,0
2,198572,4,6,4,4,0.25,0.03090712409210323,0,0,0,0.0,0
2,edge_26192_224490,4,0,0,-1,0.0,0.03090712409210323,0,0,0,0.0,0
2,387480,4,6,2,4,0.25,0.03090712409210323,0,0,0,0.0,0
2,365681,4,4,4,4,0.5,0.03090712409210323,0,0,0,0.0,0
2,365780,4,8,3,8,0.0,0.03090712409210323,0,0,0,0.0,0
2,141953,4,8,4,8,0.0,0.03090712409210323,0,0,0,0.0,0
2,31492,4,6,4,2,0.25,0.03090712409210323,0,0,0,0.0,0
2,213568,4,8,3,6,0.0,0.03090712409210323,0,0,0,0.0,0
2,420665,4,8,2,8,0.0,0.03090712409210323,0,0,0,0.0,0
2,49378,4,10,3,8,0.0,0.03090712409210323,0,0,0,0.0,0
2,426,4,6,4,3,0.25,0.03090712409210323,0,0,0,0.0,0
2,41891,4,6,5,3,0.25,0.03090712409210323,0,0,0,0.0,0
2,55416,4,3,3,7,0.5,0.03090712409210323,0,0,0,0.0,0
2,41188,4,8,3,11,0.0,0.03090712409210323,0,0,0,0.0,0
2,93422,4,6,5,4,0.25,0.03090712409210323,0,0,0,0.0,0
2,320749,4,6,1,7,0.25,0.03090712409210323,0,0,0,0.0,0
2,edge_99158_325320,4,0,0,-1,0.0,0.03090712409210323,0,0,0,0.0,0
2,257303,4,4,2,4,0.5,0.03090712409210323,0,0,0,0.0,0
2,82393,4,4,3,4,0.5,0.03090712409210323,0,0,0,0.0,0
2,73296,4,6,5,10,0.25,0.03090712409210323,0,0,0,0.0,0
2,89715,4,6,4,11,0.25,0.03090712409210323,0,0,0,0.0,0
2,162792,4,4,1,13,0.5,0.03090712409210323,0,0,0,0.0,0
2,252642,4,8,4,4,0.0,0.03090712409210323,0,1,1,0.0,1
2,297499,4,6,3,7,0.25,0.03090712409210323,0,0,0,0.0,0
2,161754,4,4,4,9,0.25,0.03090712409210323,0,0,0,0.0,0
2,224063,4,5,3,7,0.25,0.03090712409210323,0,0,0,0.0,0
2,73097,4,4,2,7,0.5,0.03090712409210323,0,0,0,0.0,0
2,187313,4,6,4,12,0.25,0.03090712409210323,0,0,0,0.0,0
2,230830,4,6,4,14,0.25,0.03090712409210323,0,0,0,0.0,0
2,26526,4,6,4,15,0.25,0.03090712409210323,0,0,0,0.0,0
2,175136,4,6,4,19,0.25,0.03090712409210323,0,0,0,0.0,0
2,20810,4,8,3,3,0.0,0.03090712409210323,0,0,0,0.0,0
2,edge_152488_370652,4,0,0,-1,0.0,0.03090712409210323,0,0,0,0.0,0
2,370652,4,3,1,9,0.25,0.03090712409210323,0,0,0,0.0,0
2,228495,4,8,2,4,0.0,0.03090712409210323,0,0,0,0.0,0
2,218568,4,8,4,18,0.0,0.03090712409210323,0,0,0,0.0,0
2,edge_7071_10077,4,0,0,-1,0.0,0.03090712409210323,0,0,0,0.0,0
2,edge_29628_44690,4,0,0,-1,0.0,0.03090712409210323,5,1,6,0.8333333333333334,0
2,100021,4,8,3,3,0.0,0.03090712409210323,0,0,0,0.0,0
2,edge_10400_221434,4,0,0,-1,0.0,0.03090712409210323,0,0,0,0.0,0
2,190950,4,4,3,2,0.5,0.03090712409210323,0,1,1,0.0,1
2,267609,4,6,3,4,0.25,0.03090712409210323,0,0,0,0.0,0
2,119051,4,5,6,8,0.25,0.03090712409210323,0,0,0,0.0,0
2,292174,4,5,3,9,0.0,0.03090712409210323,0,0,0,0.0,0
2,edge_269652_292174,4,0,0,-1,0.25,0.03090712409210323,0,0,0,0.0,0
2,edge_205069_214603,4,0,0,-1,0.25,0.03090712409210323,0,0,0,0.0,0
2,95782,4,8,4,6,0.0,0.03090712409210323,0,0,0,0.0,0
2,edge_635_2787,4,0,0,-1,0.5,0.03090712409210323,0,0,0,0.0,0
2,209900,4,10,3,3,0.0,0.03090712409210323,0,1,1,0.0,1
2,edge_311503_379827,4,0,0,-1,0.0,0.03090712409210323,0,0,0,0.0,0
2,104082,4,3,4,4,0.5,0.03090712409210323,0,0,0,0.0,0
2,201976,4,8,4,4,0.0,0.03090712409210323,0,0,0,0.0,0
2,293061,4,8,3,3,0.0,0.03090712409210323,0,0,0,0.0,0
2,117715,4,6,4,6,0.25,0.03090712409210323,0,0,0,0.0,0
2,22888,4,5,2,10,0.25,0.03090712409210323,0,0,0,0.0,0
2,10716,4,6,4,12,0.25,0.03090712409210323,0,0,0,0.0,0
2,20392,4,6,3,14,0.25,0.03090712409210323,0,0,0,0.0,0
2,102084,4,6,4,5,0.25,0.03090712409210323,0,0,0,0.0,0
2,7709,4,8,3,4,0.0,0.03090712409210323,0,0,0,0.0,0
2,123430,4,6,4,4,0.0,0.03090712409210323,0,0,0,0.0,0
2,60376,4,8,6,3,0.0,0.03090712409210323,0,0,0,0.0,0
2,edge_62181_93087,4,0,0,-1,0.25,0.03090712409210323,0,0,0,0.0,0
2,383689,4,5,3,7,0.25,0.03090712409210323,0,0,0,0.0,0
2,415621,4,7,2,7,0.0,0.03090712409210323,0,0,0,0.0,0
2,369170,4,8,3,3,0.0,0.03090712409210323,0,0,0,0.0,0
2,261492,4,6,4,7,0.25,0.03090712409210323,0,0,0,0.0,0
2,47384,4,8,4,16,0.0,0.03090712409210323,0,0,0,0.0,0
2,edge_120458_139552,4,0,0,-1,0.0,0.03090712409210323,0,0,0,0.0,0
2,120458,4,4,2,20,0.25,0.03090712409210323,0,0,0,0.0,0
2,edge_3736_14068,4,0,0,-1,0.0,0.03090712409210323,0,0,0,0.0,0
2,170187,4,8,4,6,0.0,0.03090712409210323,0,0,0,0.0,0
2,37912,4,4,1,9,0.5,0.03090712409210323,0,0,0,0.0,0
2,40421,4,4,3,13,0.25,0.03090712409210323,0,0,0,0.0,0
2,295966,4,4,3,18,0.5,0.03090712409210323,0,0,0,0.0,0
2,159320,4,8,3,20,0.0,0.03090712409210323,0,0,0,0.0,0
2,86944,4,8,4,5,0.0,0.03090712409210323,0,0,0,0.0,0
2,301616,4,4,3,8,0.5,0.03090712409210323,0,0,0,0.0,0
2,275346,4,6,3,6,0.25,0.03090712409210323,0,0,0,0.0,0
2,edge_37678_74728,4,0,0,-1,0.0,0.03090712409210323,0,0,0,0.0,0
2,336780,4,7,4,5,0.0,0.03090712409210323,0,0,0,0.0,0
2,edge_161949_198979,4,0,0,-1,0.25,0.03090712409210323,0,0,0,0.0,0
2,91100,4,8,4,10,0.0,0.03090712409210323,0,0,0,0.0,0
2,221454,4,8,3,12,0.0,0.03090712409210323,0,0,0,0.0,0
2,100138,4,6,4,10,0.25,0.03090712409210323,0,0,0,0.0,0
2,265929,4,6,3,4,0.25,0.03090712409210323,0,0,0,0.0,0
2,121389,4,8,5,5,0.0,0.03090712409210323,0,0,0,0.0,0
2,60368,4,6,4,4,0.25,0.03090712409210323,0,0,0,0.0,0
2,edge_94044_101230,4,0,0,-1,0.0,0.03090712409210323,0,0,0,0.0,0
2,27056,4,6,4,4,0.25,0.03090712409210323,0,0,0,0.0,0
2,edge_182795_199891,4,0,0,-1,0.25,0.03090712409210323,0,0,0,0.0,0
2,edge_55513_182795,4,0,0,-1,0.5,0.03090712409210323,0,0,0,0.0,0
2,231697,4,8,3,3,0.0,0.03090712409210323,0,0,0,0.0,0
2,15686,4,6,3,6,0.25,0.03090712409210323,0,0,0,0.0,0
2,102246,4,8,5,5,0.0,0.03090712409210323,0,0,0,0.0,0
2,15506,4,4,4,3,0.25,0.03090712409210323,0,0,0,0.0,0
2,86532,4,8,5,5,0.0,0.03090712409210323,0,0,0,0.0,0
2,5943,4,6,2,3,0.25,0.03090712409210323,0,0,0,0.0,0
2,31012,4,8,3,4,0.0,0.03090712409210323,0,0,0,0.0,0
2,364259,4,5,2,3,0.25,0.03090712409210323,0,0,0,0.0,0
2,110029,4,6,4,4,0.25,0.03090712409210323,0,0,0,0.0,0
2,101965,4,4,2,7,0.5,0.03090712409210323,0,0,0,0.0,0
2,edge_27250_33126,4,0,0,-1,0.0,0.03090712409210323,0,0,0,0.0,0
2,edge_97638_124311,4,0,0,-1,0.0,0.03090712409210323,0,0,0,0.0,0
2,17199,4,2,3,4,0.5,0.03090712409210323,0,0,0,0.0,0
2,edge_37678_41345,4,0,0,-1,0.0,0.03090712409210323,1,2,3,0.3333333333333333,0
2,edge_10587_21955,4,0,0,-1,0.0,0.03090712409210323,0,0,0,0.0,0
2,edge_37678_43315,4,0,0,-1,0.0,0.03090712409210323,0,0,0,0.0,0
2,edge_259795_346280,4,0,0,-1,0.5,0.03090712409210323,0,0,0,0.0,0
2,edge_7040_14755,4,0,0,-1,0.5,0.03090712409210323,0,0,0,0.0,0
2,edge_3404_10078,4,0,0,-1,0.5,0.03090712409210323,0,0,0,0.0,0
2,edge_10078_173783,4,0,0,-1,0.0,0.03090712409210323,0,0,0,0.0,0
2,edge_237012_237013,4,0,0,-1,0.5,0.03090712409210323,0,0,0,0.0,0
2,edge_52800_54021,4,0,0,-1,0.5,0.03090712409210323,0,0,0,0.0,0
2,edge_390071_393616,4,0,0,-1,0.0,0.03090712409210323,0,0,0,0.0,0
2,edge_390071_393615,4,0,0,-1,0.0,0.03090712409210323,0,0,0,0.0,0
2,edge_7772_34561,4,0,0,-1,0.5,0.03090712409210323,0,0,0,0.0,0
2,edge_8881_16803,4,0,0,-1,0.0,0.03090712409210323,0,0,0,0.0,0
2,edge_3107_16803,4,0,0,-1,0.5,0.03090712409210323,0,0,0,0.0,0
2,edge_16803_190950,4,0,0,-1,0.0,0.03090712409210323,0,1,1,0.0,1
2,edge_16803_78454,4,0,0,-1,0.0,0.03090712409210323,0,0,0,0.0,0
2,edge_75100_421310,4,0,0,-1,0.0,0.03090712409210323,0,0,0,0.0,0
2,edge_14792_45748,4,0,0,-1,0.5,0.03090712409210323,0,0,0,0.0,0
2,edge_58507_226417,4,0,0,-1,0.25,0.03090712409210323,0,0,0,0.0,0
2,edge_107943_136065,4,0,0,-1,0.5,0.03090712409210323,0,0,0,0.0,0
2,edge_214253_226417,4,0,0,-1,0.0,0.03090712409210323,0,0,0,0.0,0
2,edge_49378_420665,4,0,0,-1,0.0,0.03090712409210323,0,0,0,0.0,0
2,edge_150901_221603,4,0,0,-1,0.5,0.03090712409210323,0,0,0,0.0,0
2,edge_2836_11759,4,0,0,-1,0.0,0.03090712409210323,0,0,0,0.0,0
2,edge_41188_43180,4,0,0,-1,0.5,0.03090712409210323,0,0,0,0.0,0
2,edge_10077_14442,4,0,0,-1,0.0,0.03090712409210323,0,0,0,0.0,0
2,94175,4,3,4,3,0.25,0.03090712409210323,0,0,0,0.0,0
2,edge_99158_166138,4,0,0,-1,0.25,0.03090712409210323,0,0,0,0.0,0
2,edge_51964_257303,4,0,0,-1,0.0,0.03090712409210323,0,0,0,0.0,0
2,edge_41439_363077,4,0,0,-1,0.0,0.03090712409210323,0,0,0,0.0,0
2,48415,4,3,4,6,0.25,0.03090712409210323,0,0,0,0.0,0
2,edge_84414_321465,4,0,0,-1,0.0,0.03090712409210323,0,0,0,0.0,0
2,edge_84414_132799,4,0,0,-1,0.5,0.03090712409210323,0,0,0,0.0,0
2,edge_256999_306103,4,0,0,-1,0.0,0.03090712409210323,0,0,0,0.0,0
2,edge_6229_75962,4,0,0,-1,0.25,0.03090712409210323,0,0,0,0.0,0
2,edge_95115_124430,4,0,0,-1,0.0,0.03090712409210323,0,0,0,0.0,0
2,edge_252100_273686,4,0,0,-1,0.0,0.03090712409210323,0,0,0,0.0,0
2,edge_134829_273686,4,0,0,-1,0.25,0.03090712409210323,0,0,0,0.0,0
2,edge_0_33971,4,0,0,-1,0.25,0.03090712409210323,0,1,1,0.0,1
2,edge_101215_375412,4,0,0,-1,0.0,0.03090712409210323,1,1,2,0.5,0
2,edge_33971_101215,4,0,0,-1,0.0,0.03090712409210323,0,0,0,0.0,0
2,edge_0_274042,4,0,0,-1,0.0,0.03090712409210323,0,0,0,0.0,0
2,296425,4,3,3,10,0.25,0.03090712409210323,0,0,0,0.0,0
2,edge_209693_218568,4,0,0,-1,0.5,0.03090712409210323,0,0,0,0.0,0
2,edge_57026_150901,4,0,0,-1,0.25,0.03090712409210323,0,0,0,0.0,0
2,edge_112243_145916,4,0,0,-1,0.5,0.03090712409210323,0,0,0,0.0,0
2,edge_7071_28931,4,0,0,-1,0.0,0.03090712409210323,0,0,0,0.0,0
2,edge_28930_28931,4,0,0,-1,0.5,0.03090712409210323,0,0,0,0.0,0
2,edge_33126_124430,4,0,0,-1,0.0,0.03090712409210323,0,0,0,0.0,0
2,edge_14255_18656,4,0,0,-1,0.0,0.03090712409210323,0,0,0,0.0,0
2,edge_279219_279220,4,0,0,-1,0.5,0.03090712409210323,0,0,0,0.0,0
2,edge_329802_329804,4,0,0,-1,0.0,0.03090712409210323,0,0,0,0.0,0
2,edge_329802_406152,4,0,0,-1,0.0,0.03090712409210323,0,0,0,0.0,0
2,edge_323872_406153,4,0,0,-1,0.0,0.03090712409210323,0,0,0,0.0,0
2,edge_323871_406152,4,0,0,-1,0.25,0.03090712409210323,0,0,0,0.0,0
2,edge_209900_369692,4,0,0,-1,0.0,0.03090712409210323,0,1,1,0.0,1
2,edge_3881_254997,4,0,0,-1,0.0,0.03090712409210323,0,0,0,0.0,0
2,edge_192346_200717,4,0,0,-1,0.5,0.03090712409210323,0,0,0,0.0,0
2,edge_33126_36943,4,0,0,-1,0.0,0.03090712409210323,1,2,3,0.3333333333333333,0
2,7857,4,4,2,4,0.0,0.03090712409210323,0,0,0,0.0,0
2,238991,4,3,2,3,0.25,0.03090712409210323,0,0,0,0.0,0
2,edge_16803_107278,4,0,0,-1,0.0,0.03090712409210323,0,0,0,0.0,0
2,40947,4,2,4,8,0.5,0.03090712409210323,0,0,0,0.0,0
2,edge_37678_132916,4,0,0,-1,0.25,0.03090712409210323,0,2,2,0.0,1
2,edge_37678_369267,4,0,0,-1,0.0,0.03090712409210323,0,0,0,0.0,0
2,edge_16803_92530,4,0,0,-1,0.0,0.03090712409210323,0,1,1,0.0,1
2,edge_134921_307248,4,0,0,-1,0.0,0.03090712409210323,0,0,0,0.0,0
2,edge_6989_238639,4,0,0,-1,0.25,0.03090712409210323,0,0,0,0.0,0
2,edge_6989_76436,4,0,0,-1,0.5,0.03090712409210323,0,0,0,0.0,0
2,edge_24209_76436,4,0,0,-1,0.0,0.03090712409210323,0,0,0,0.0,0
2,edge_348761_355344,4,0,0,-1,0.0,0.03090712409210323,0,0,0,0.0,0
2,edge_92218_105503,4,0,0,-1,0.5,0.03090712409210323,0,0,0,0.0,0
2,edge_50308_203155,4,0,0,-1,0.25,0.03090712409210323,0,0,0,0.0,0
2,edge_66305_120841,4,0,0,-1,0.5,0.03090712409210323,0,0,0,0.0,0
2,edge_54183_116931,4,0,0,-1,0.0,0.03090712409210323,0,0,0,0.0,0
2,39219,4,6,3,3,0.0,0.03090712409210323,0,0,0,0.0,0
2,edge_73793_132478,4,0,0,-1,0.5,0.03090712409210323,0,0,0,0.0,0
2,edge_73793_205682,4,0,0,-1,0.5,0.03090712409210323,0,0,0,0.0,0
2,edge_63702_224195,4,0,0,-1,0.0,0.03090712409210323,0,0,0,0.0,0
2,edge_102805_209900,4,0,0,-1,0.0,0.03090712409210323,0,0,0,0.0,0
2,edge_69996_118517,4,0,0,-1,0.0,0.03090712409210323,0,0,0,0.0,0
2,edge_126314_265171,4,0,0,-1,0.0,0.03090712409210323,0,0,0,0.0,0
2,edge_129829_293061,4,0,0,-1,0.0,0.03090712409210323,0,0,0,0.0,0
2,edge_88937_88939,4,0,0,-1,0.0,0.03090712409210323,0,0,0,0.0,0
2,edge_54881_278347,4,0,0,-1,0.25,0.03090712409210323,0,0,0,0.0,0
2,edge_93087_398256,4,0,0,-1,0.0,0.03090712409210323,0,0,0,0.0,0
2,edge_63038_369170,4,0,0,-1,0.0,0.03090712409210323,0,0,0,0.0,0
2,205387,4,5,3,12,0.0,0.03090712409210323,0,0,0,0.0,0
2,edge_26192_57468,4,0,0,-1,0.5,0.03090712409210323,0,1,1,0.0,1
2,edge_26192_74728,4,0,0,-1,0.0,0.03090712409210323,0,0,0,0.0,0
2,edge_10078_277348,4,0,0,-1,0.5,0.03090712409210323,0,0,0,0.0,0
2,edge_170187_170188,4,0,0,-1,0.0,0.03090712409210323,0,0,0,0.0,0
2,edge_40619_61095,4,0,0,-1,0.5,0.03090712409210323,0,0,0,0.0,0
2,edge_159320_393124,4,0,0,-1,0.0,0.03090712409210323,0,0,0,0.0,0
2,edge_16803_17574,4,0,0,-1,0.0,0.03090712409210323,0,0,0,0.0,0
2,edge_36461_233546,4,0,0,-1,0.5,0.03090712409210323,0,0,0,0.0,0
2,edge_30912_150884,4,0,0,-1,0.5,0.03090712409210323,0,0,0,0.0,0
2,edge_183116_367712,4,0,0,-1,0.0,0.03090712409210323,0,0,0,0.0,0
2,edge_24090_90726,4,0,0,-1,0.0,0.03090712409210323,0,0,0,0.0,0
2,edge_6776_223519,4,0,0,-1,0.5,0.03090712409210323,0,0,0,0.0,0
2,edge_7007_23073,4,0,0,-1,0.0,0.03090712409210323,0,0,0,0.0,0
2,edge_7007_151273,4,0,0,-1,0.0,0.03090712409210323,0,0,0,0.0,0
2,edge_54045_65390,4,0,0,-1,0.0,0.03090712409210323,0,1,1,0.0,1
2,edge_74728_227888,4,0,0,-1,0.0,0.03090712409210323,0,0,0,0.0,0
2,edge_70708_324780,4,0,0,-1,0.5,0.03090712409210323,0,0,0,0.0,0
2,edge_137465_269598,4,0,0,-1,0.5,0.03090712409210323,0,0,0,0.0,0
2,edge_363685_363686,4,0,0,-1,0.0,0.03090712409210323,0,0,0,0.0,0
2,edge_26062_35733,4,0,0,-1,0.0,0.03090712409210323,0,0,0,0.0,0
2,edge_239465_239466,4,0,0,-1,0.0,0.03090712409210323,0,0,0,0.0,0
2,edge_198979_220053,4,0,0,-1,0.0,0.03090712409210323,0,0,0,0.0,0
2,edge_70708_120842,4,0,0,-1,0.5,0.03090712409210323,0,0,0,0.0,0
2,edge_166073_293994,4,0,0,-1,0.0,0.03090712409210323,0,0,0,0.0,0
2,edge_203311_389712,4,0,0,-1,0.0,0.03090712409210323,0,0,0,0.0,0
2,edge_49405_65390,4,0,0,-1,0.0,0.03090712409210323,0,0,0,0.0,0
2,edge_380666_380667,4,0,0,-1,0.0,0.03090712409210323,1,1,2,0.5,0
2,edge_62554_263715,4,0,0,-1,0.0,0.03090712409210323,0,0,0,0.0,0
2,edge_293748_295251,4,0,0,-1,0.5,0.03090712409210323,0,0,0,0.0,0
2,edge_103542_149138,4,0,0,-1,0.0,0.03090712409210323,0,0,0,0.0,0
2,edge_333005_347239,4,0,0,-1,0.0,0.03090712409210323,0,0,0,0.0,0
2,edge_250767_333006,4,0,0,-1,0.0,0.03090712409210323,0,0,0,0.0,0
2,edge_39537_347238,4,0,0,-1,0.0,0.03090712409210323,0,0,0,0.0,0
2,edge_230189_231697,4,0,0,-1,0.0,0.03090712409210323,0,0,0,0.0,0
2,edge_227888_243234,4,0,0,-1,0.5,0.03090712409210323,0,0,0,0.0,0
2,edge_104173_334264,4,0,0,-1,0.0,0.03090712409210323,0,0,0,0.0,0
2,edge_14442_313814,4,0,0,-1,0.5,0.03090712409210323,0,0,0,0.0,0
2,edge_31154_118136,4,0,0,-1,0.0,0.03090712409210323,0,0,0,0.0,0
2,edge_41787_65390,4,0,0,-1,0.5,0.03090712409210323,0,0,0,0.0,0
2,edge_30373_78961,4,0,0,-1,0.25,0.03090712409210323,0,0,0,0.0,0
2,edge_77491_276585,4,0,0,-1,0.25,0.03090712409210323,0,0,0,0.0,0
2,edge_184403_279089,4,0,0,-1,0.0,0.03090712409210323,0,0,0,0.0,0
2,edge_250436_279089,4,0,0,-1,0.0,0.03090712409210323,0,0,0,0.0,0
2,edge_77491_159935,4,0,0,-1,0.0,0.03090712409210323,0,0,0,0.0,0
2,407287,4,4,5,9,0.0,0.03090712409210323,0,0,0,0.0,0
2,67087,3,4,3,5,0.3333333333333333,0.023180343069077423,0,0,0,0.0,0
2,29532,3,6,2,3,0.0,0.023180343069077423,0,0,0,0.0,0
2,edge_105751_113491,3,0,0,-1,0.3333333333333333,0.023180343069077423,0,0,0,0.0,0
2,74018,3,4,4,5,0.0,0.023180343069077423,0,0,0,0.0,0
2,edge_41345_49613,3,0,0,-1,0.0,0.023180343069077423,1,1,2,0.5,0
2,35817,3,5,3,4,0.0,0.023180343069077423,0,0,0,0.0,0
2,edge_148344_224490,3,0,0,-1,0.0,0.023180343069077423,0,0,0,0.0,0
2,34853,3,4,4,5,0.3333333333333333,0.023180343069077423,0,0,0,0.0,0
2,263670,3,6,2,6,0.0,0.023180343069077423,0,0,0,0.0,0
2,98359,3,3,3,12,0.3333333333333333,0.023180343069077423,0,0,0,0.0,0
2,393616,3,4,2,13,0.3333333333333333,0.023180343069077423,0,0,0,0.0,0
2,25042,3,4,2,9,0.3333333333333333,0.023180343069077423,0,0,0,0.0,0
2,edge_16803_17805,3,0,0,-1,0.0,0.023180343069077423,0,0,0,0.0,0
2,63079,3,4,4,7,0.3333333333333333,0.023180343069077423,0,0,0,0.0,0
2,34976,3,6,5,4,0.0,0.023180343069077423,0,0,0,0.0,0
2,185091,3,3,2,5,0.3333333333333333,0.023180343069077423,0,0,0,0.0,0
2,106105,3,2,1,6,0.6666666666666666,0.023180343069077423,0,0,0,0.0,0
2,287008,3,4,1,10,0.3333333333333333,0.023180343069077423,0,0,0,0.0,0
2,15624,3,6,4,11,0.0,0.023180343069077423,0,0,0,0.0,0
2,edge_23999_85469,3,0,0,-1,0.3333333333333333,0.023180343069077423,0,0,0,0.0,0
2,edge_99158_102022,3,0,0,-1,0.0,0.023180343069077423,0,0,0,0.0,0
2,251340,3,6,1,5,0.0,0.023180343069077423,0,0,0,0.0,0
2,369435,3,2,1,3,0.6666666666666666,0.023180343069077423,0,0,0,0.0,0
2,58385,3,6,2,3,0.0,0.023180343069077423,0,0,0,0.0,0
2,87600,3,6,4,7,0.0,0.023180343069077423,0,0,0,0.0,0
2,103163,3,4,3,9,0.3333333333333333,0.023180343069077423,0,0,0,0.0,0
2,97677,3,4,2,11,0.3333333333333333,0.023180343069077423,0,0,0,0.0,0
2,edge_162794_189532,3,0,0,-1,0.0,0.023180343069077423,0,0,0,0.0,0
2,edge_37678_58916,3,0,0,-1,0.3333333333333333,0.023180343069077423,0,0,0,0.0,0
2,363077,3,6,1,4,0.0,0.023180343069077423,0,0,0,0.0,0
2,215610,3,8,2,22,0.0,0.023180343069077423,0,0,0,0.0,0
2,375412,3,4,2,3,0.3333333333333333,0.023180343069077423,2,1,3,0.6666666666666666,0
2,224206,3,6,2,5,0.0,0.023180343069077423,0,0,0,0.0,0
2,217268,3,4,3,6,0.3333333333333333,0.023180343069077423,0,0,0,0.0,0
2,363762,3,6,4,9,0.0,0.023180343069077423,0,0,0,0.0,0
2,209690,3,2,2,16,0.6666666666666666,0.023180343069077423,0,0,0,0.0,0
2,118749,3,6,2,4,0.0,0.023180343069077423,0,0,0,0.0,0
2,154962,3,4,3,5,0.3333333333333333,0.023180343069077423,3,1,4,0.75,0
2,93651,3,4,3,3,0.3333333333333333,0.023180343069077423,0,0,0,0.0,0
2,329804,3,6,2,10,0.0,0.023180343069077423,0,0,0,0.0,0
2,edge_33126_155156,3,0,0,-1,0.0,0.023180343069077423,0,0,0,0.0,0
2,183775,3,4,2,3,0.3333333333333333,0.023180343069077423,0,0,0,0.0,0
2,76441,3,6,4,3,0.0,0.023180343069077423,0,1,1,0.0,1
2,36918,3,3,3,8,0.3333333333333333,0.023180343069077423,0,0,0,0.0,0
2,153340,3,3,3,10,0.3333333333333333,0.023180343069077423,0,0,0,0.0,0
2,edge_187384_187386,3,0,0,-1,0.3333333333333333,0.023180343069077423,0,0,0,0.0,0
2,13037,3,4,3,6,0.3333333333333333,0.023180343069077423,0,0,0,0.0,0
2,270311,3,4,3,7,0.3333333333333333,0.023180343069077423,0,0,0,0.0,0
2,37871,3,4,3,8,0.3333333333333333,0.023180343069077423,0,0,0,0.0,0
2,294826,3,5,4,5,0.0,0.023180343069077423,0,0,0,0.0,0
2,329827,3,6,3,5,0.0,0.023180343069077423,0,0,0,0.0,0
2,352335,3,4,2,4,0.3333333333333333,0.023180343069077423,0,0,0,0.0,0
2,edge_102805_311503,3,0,0,-1,0.0,0.023180343069077423,0,0,0,0.0,0
2,79992,3,2,2,3,0.6666666666666666,0.023180343069077423,0,0,0,0.0,0
2,88939,3,5,4,7,0.0,0.023180343069077423,0,0,0,0.0,0
2,89220,3,5,3,8,0.0,0.023180343069077423,0,0,0,0.0,0
2,edge_22888_32594,3,0,0,-1,0.0,0.023180343069077423,0,0,0,0.0,0
2,edge_22413_89221,3,0,0,-1,0.0,0.023180343069077423,0,0,0,0.0,0
2,22413,3,3,2,10,0.3333333333333333,0.023180343069077423,0,0,0,0.0,0
2,32646,3,2,2,11,0.3333333333333333,0.023180343069077423,0,0,0,0.0,0
2,229060,3,6,4,2,0.0,0.023180343069077423,0,0,0,0.0,0
2,182594,3,2,1,4,0.6666666666666666,0.023180343069077423,0,0,0,0.0,0
2,edge_93087_371841,3,0,0,-1,0.0,0.023180343069077423,0,0,0,0.0,0
2,edge_151310_412708,3,0,0,-1,0.3333333333333333,0.023180343069077423,0,0,0,0.0,0
2,edge_93087_383689,3,0,0,-1,0.0,0.023180343069077423,0,0,0,0.0,0
2,377479,3,5,4,10,0.0,0.023180343069077423,0,0,0,0.0,0
2,183221,3,4,2,10,0.3333333333333333,0.023180343069077423,0,0,0,0.0,0
2,edge_47384_137206,3,0,0,-1,0.0,0.023180343069077423,0,0,0,0.0,0
2,edge_197129_390521,3,0,0,-1,0.0,0.023180343069077423,0,0,0,0.0,0
2,369439,3,4,2,3,0.3333333333333333,0.023180343069077423,0,0,0,0.0,0
2,14068,3,3,1,5,0.0,0.023180343069077423,0,0,0,0.0,0
2,27050,3,5,4,10,0.0,0.023180343069077423,0,0,0,0.0,0
2,172173,3,6,4,11,0.0,0.023180343069077423,0,0,0,0.0,0
2,170335,3,5,4,14,0.0,0.023180343069077423,0,0,0,0.0,0
2,edge_233546_305600,3,0,0,-1,0.3333333333333333,0.023180343069077423,0,0,0,0.0,0
2,74872,3,6,3,8,0.3333333333333333,0.023180343069077423,0,0,0,0.0,0
2,53655,3,3,3,7,0.3333333333333333,0.023180343069077423,0,0,0,0.0,0
2,43231,3,4,2,3,0.3333333333333333,0.023180343069077423,0,0,0,0.0,0
2,372593,3,6,3,7,0.0,0.023180343069077423,0,0,0,0.0,0
2,edge_234622_295500,3,0,0,-1,0.3333333333333333,0.023180343069077423,0,0,0,0.0,0
2,edge_301265_301615,3,0,0,-1,0.3333333333333333,0.023180343069077423,0,0,0,0.0,0
2,75253,3,8,3,9,0.0,0.023180343069077423,0,0,0,0.0,0
2,edge_31154_65390,3,0,0,-1,0.0,0.023180343069077423,0,0,0,0.0,0
2,edge_4116_275346,3,0,0,-1,0.0,0.023180343069077423,0,0,0,0.0,0
2,edge_70708_302882,3,0,0,-1,0.0,0.023180343069077423,0,1,1,0.0,1
2,24682,3,4,3,8,0.3333333333333333,0.023180343069077423,0,0,0,0.0,0
2,286891,3,6,2,11,0.0,0.023180343069077423,0,0,0,0.0,0
2,114283,3,5,3,12,0.0,0.023180343069077423,0,0,0,0.0,0
2,293994,3,5,3,7,0.0,0.023180343069077423,0,0,0,0.0,0
2,34330,3,2,2,3,0.6666666666666666,0.023180343069077423,0,0,0,0.0,0
2,25826,3,6,4,5,0.0,0.023180343069077423,0,0,0,0.0,0
2,97003,3,6,2,4,0.0,0.023180343069077423,0,1,1,0.0,1
2,36943,3,4,2,2,0.3333333333333333,0.023180343069077423,0,2,2,0.0,1
2,263714,3,2,2,4,0.6666666666666666,0.023180343069077423,0,0,0,0.0,0
2,edge_62554_263714,3,0,0,-1,0.0,0.023180343069077423,0,0,0,0.0,0
2,151312,3,6,4,6,0.0,0.023180343069077423,0,0,0,0.0,0
2,edge_98089_100111,3,0,0,-1,0.0,0.023180343069077423,0,0,0,0.0,0
2,98089,3,2,1,7,0.3333333333333333,0.023180343069077423,0,0,0,0.0,0
2,182383,3,4,3,8,0.0,0.023180343069077423,0,0,0,0.0,0
2,101230,3,3,1,4,0.0,0.023180343069077423,0,0,0,0.0,0
2,edge_347238_358060,3,0,0,-1,0.3333333333333333,0.023180343069077423,0,0,0,0.0,0
2,39537,3,4,4,6,0.3333333333333333,0.023180343069077423,0,0,0,0.0,0
2,61945,3,6,4,2,0.0,0.023180343069077423,0,0,0,0.0,0
2,230188,3,6,3,5,0.0,0.023180343069077423,0,0,0,0.0,0
2,4699,3,6,4,5,0.0,0.023180343069077423,0,0,0,0.0,0
2,edge_16803_25549,3,0,0,-1,0.0,0.023180343069077423,0,0,0,0.0,0
2,103133,3,3,3,3,0.3333333333333333,0.023180343069077423,0,0,0,0.0,0
2,334264,3,4,1,4,0.3333333333333333,0.023180343069077423,0,0,0,0.0,0
2,edge_14442_83918,3,0,0,-1,0.0,0.023180343069077423,0,0,0,0.0,0
2,58202,3,6,4,4,0.0,0.023180343069077423,0,0,0,0.0,0
2,217431,3,4,3,5,0.3333333333333333,0.023180343069077423,0,0,0,0.0,0
2,86083,3,4,1,5,0.3333333333333333,0.023180343069077423,0,0,0,0.0,0
2,91107,3,4,3,3,0.3333333333333333,0.023180343069077423,0,0,0,0.0,0
2,375413,3,6,3,3,0.0,0.023180343069077423,2,1,3,0.6666666666666666,0
2,edge_15506_19904,3,0,0,-1,0.0,0.023180343069077423,0,0,0,0.0,0
2,122128,3,5,5,6,0.0,0.023180343069077423,0,0,0,0.0,0
2,edge_23330_33126,3,0,0,-1,0.0,0.023180343069077423,0,1,1,0.0,1
2,edge_880_27250,3,0,0,-1,0.3333333333333333,0.023180343069077423,0,0,0,0.0,0
2,edge_27250_295016,3,0,0,-1,0.0,0.023180343069077423,0,0,0,0.0,0
2,edge_27250_231565,3,0,0,-1,0.3333333333333333,0.023180343069077423,0,0,0,0.0,0
2,edge_26568_177911,3,0,0,-1,0.3333333333333333,0.023180343069077423,0,0,0,0.0,0
2,edge_100800_302034,3,0,0,-1,0.3333333333333333,0.023180343069077423,0,0,0,0.0,0
2,edge_33434_180253,3,0,0,-1,0.3333333333333333,0.023180343069077423,0,0,0,0.0,0
2,edge_33434_207879,3,0,0,-1,0.3333333333333333,0.023180343069077423,0,0,0,0.0,0
2,edge_29532_33434,3,0,0,-1,0.0,0.023180343069077423,0,0,0,0.0,0
2,edge_36460_58007,3,0,0,-1,0.0,0.023180343069077423,0,0,0,0.0,0
2,edge_58171_73169,3,0,0,-1,0.3333333333333333,0.023180343069077423,0,0,0,0.0,0
2,edge_86381_97638,3,0,0,-1,0.3333333333333333,0.023180343069077423,0,0,0,0.0,0
2,edge_73169_162386,3,0,0,-1,0.3333333333333333,0.023180343069077423,0,0,0,0.0,0
2,edge_21676_89396,3,0,0,-1,0.0,0.023180343069077423,0,0,0,0.0,0
2,edge_37678_191569,3,0,0,-1,0.3333333333333333,0.023180343069077423,1,1,2,0.5,0
2,edge_30270_36531,3,0,0,-1,0.3333333333333333,0.023180343069077423,0,0,0,0.0,0
2,edge_161364_259795,3,0,0,-1,0.0,0.023180343069077423,0,0,0,0.0,0
2,edge_51398_161364,3,0,0,-1,0.3333333333333333,0.023180343069077423,0,0,0,0.0,0
2,edge_10522_237012,3,0,0,-1,0.0,0.023180343069077423,0,0,0,0.0,0
2,edge_52213_52800,3,0,0,-1,0.0,0.023180343069077423,0,0,0,0.0,0
2,edge_52800_54022,3,0,0,-1,0.0,0.023180343069077423,0,0,0,0.0,0
2,edge_47519_87877,3,0,0,-1,0.0,0.023180343069077423,0,0,0,0.0,0
2,edge_98359_406606,3,0,0,-1,0.0,0.023180343069077423,0,0,0,0.0,0
2,edge_222092_324655,3,0,0,-1,0.0,0.023180343069077423,0,0,0,0.0,0
2,edge_324654_324655,3,0,0,-1,0.0,0.023180343069077423,0,0,0,0.0,0
2,edge_222092_390071,3,0,0,-1,0.0,0.023180343069077423,0,0,0,0.0,0
2,edge_167322_267906,3,0,0,-1,0.0,0.023180343069077423,0,0,0,0.0,0
2,edge_16803_61945,3,0,0,-1,0.0,0.023180343069077423,0,0,0,0.0,0
2,edge_45748_75100,3,0,0,-1,0.0,0.023180343069077423,0,0,0,0.0,0
2,edge_10516_45748,3,0,0,-1,0.0,0.023180343069077423,0,0,0,0.0,0
2,edge_10077_31492,3,0,0,-1,0.0,0.023180343069077423,0,0,0,0.0,0
2,edge_185089_189361,3,0,0,-1,0.0,0.023180343069077423,0,0,0,0.0,0
2,edge_185087_185091,3,0,0,-1,0.0,0.023180343069077423,0,0,0,0.0,0
2,153483,3,1,1,5,0.6666666666666666,0.023180343069077423,0,0,0,0.0,0
2,edge_54720_150901,3,0,0,-1,0.0,0.023180343069077423,0,0,0,0.0,0
2,edge_54720_86761,3,0,0,-1,0.3333333333333333,0.023180343069077423,0,0,0,0.0,0
2,edge_2836_146253,3,0,0,-1,0.3333333333333333,0.023180343069077423,0,0,0,0.0,0
2,edge_7071_17805,3,0,0,-1,0.3333333333333333,0.023180343069077423,0,0,0,0.0,0
2,edge_11118_287008,3,0,0,-1,0.0,0.023180343069077423,0,0,0,0.0,0
2,edge_138494_247599,3,0,0,-1,0.0,0.023180343069077423,0,0,0,0.0,0
2,edge_24935_257303,3,0,0,-1,0.0,0.023180343069077423,0,0,0,0.0,0
2,edge_10078_369435,3,0,0,-1,0.0,0.023180343069077423,0,0,0,0.0,0
2,edge_10078_58385,3,0,0,-1,0.0,0.023180343069077423,0,0,0,0.0,0
2,edge_62657_82394,3,0,0,-1,0.0,0.023180343069077423,0,0,0,0.0,0
2,edge_42770_82394,3,0,0,-1,0.3333333333333333,0.023180343069077423,0,0,0,0.0,0
2,edge_38689_189532,3,0,0,-1,0.0,0.023180343069077423,0,0,0,0.0,0
2,edge_162792_162794,3,0,0,-1,0.0,0.023180343069077423,0,0,0,0.0,0
2,edge_162794_197329,3,0,0,-1,0.3333333333333333,0.023180343069077423,0,0,0,0.0,0
2,edge_2131_224063,3,0,0,-1,0.3333333333333333,0.023180343069077423,0,0,0,0.0,0
2,edge_33973_75213,3,0,0,-1,0.0,0.023180343069077423,0,2,2,0.0,1
2,edge_41439_42819,3,0,0,-1,0.0,0.023180343069077423,1,1,2,0.5,0
2,edge_713_41439,3,0,0,-1,0.0,0.023180343069077423,0,0,0,0.0,0
2,edge_257492_257493,3,0,0,-1,0.3333333333333333,0.023180343069077423,0,0,0,0.0,0
2,edge_6737_84414,3,0,0,-1,0.0,0.023180343069077423,0,0,0,0.0,0
2,edge_63299_84414,3,0,0,-1,0.0,0.023180343069077423,0,0,0,0.0,0
2,edge_84414_321466,3,0,0,-1,0.3333333333333333,0.023180343069077423,0,0,0,0.0,0
2,edge_84414_262041,3,0,0,-1,0.3333333333333333,0.023180343069077423,0,0,0,0.0,0
2,edge_158281_256999,3,0,0,-1,0.0,0.023180343069077423,0,0,0,0.0,0
2,edge_158281_189398,3,0,0,-1,0.0,0.023180343069077423,0,0,0,0.0,0
2,edge_172776_215610,3,0,0,-1,0.0,0.023180343069077423,0,0,0,0.0,0
2,edge_8211_33126,3,0,0,-1,0.0,0.023180343069077423,0,0,0,0.0,0
2,edge_8211_75962,3,0,0,-1,0.0,0.023180343069077423,0,0,0,0.0,0
2,edge_8485_75962,3,0,0,-1,0.3333333333333333,0.023180343069077423,0,0,0,0.0,0
2,edge_20810_37693,3,0,0,-1,0.0,0.023180343069077423,0,0,0,0.0,0
2,edge_93421_93422,3,0,0,-1,0.0,0.023180343069077423,0,0,0,0.0,0
2,edge_21788_21832,3,0,0,-1,0.0,0.023180343069077423,0,0,0,0.0,0
2,edge_375412_375413,3,0,0,-1,0.0,0.023180343069077423,3,1,4,0.75,0
2,edge_23073_64350,3,0,0,-1,0.0,0.023180343069077423,0,0,0,0.0,0
2,edge_94348_228495,3,0,0,-1,0.0,0.023180343069077423,0,0,0,0.0,0
2,edge_217268_224206,3,0,0,-1,0.0,0.023180343069077423,0,0,0,0.0,0
2,edge_29628_154962,3,0,0,-1,0.0,0.023180343069077423,2,1,3,0.6666666666666666,0
2,edge_33126_51592,3,0,0,-1,0.3333333333333333,0.023180343069077423,0,1,1,0.0,1
2,edge_14255_64557,3,0,0,-1,0.0,0.023180343069077423,0,0,0,0.0,0
2,edge_12220_208187,3,0,0,-1,0.0,0.023180343069077423,0,0,0,0.0,0
2,edge_174024_208187,3,0,0,-1,0.0,0.023180343069077423,0,0,0,0.0,0
2,edge_223178_397032,3,0,0,-1,0.0,0.023180343069077423,0,0,0,0.0,0
2,edge_23073_100021,3,0,0,-1,0.0,0.023180343069077423,0,0,0,0.0,0
2,edge_41345_313512,3,0,0,-1,0.0,0.023180343069077423,0,0,0,0.0,0
2,edge_232715_313512,3,0,0,-1,0.0,0.023180343069077423,0,0,0,0.0,0
2,300751,3,4,4,5,0.0,0.023180343069077423,0,0,0,0.0,0
2,edge_294543_300751,3,0,0,-1,0.0,0.023180343069077423,0,0,0,0.0,0
2,edge_169652_247152,3,0,0,-1,0.3333333333333333,0.023180343069077423,0,0,0,0.0,0
2,edge_2815_7857,3,0,0,-1,0.0,0.023180343069077423,0,0,0,0.0,0
2,edge_136_7857,3,0,0,-1,0.3333333333333333,0.023180343069077423,0,0,0,0.0,0
2,edge_6479_262606,3,0,0,-1,0.0,0.023180343069077423,0,0,0,0.0,0
2,edge_59032_238991,3,0,0,-1,0.0,0.023180343069077423,0,0,0,0.0,0
2,edge_107278_339169,3,0,0,-1,0.0,0.023180343069077423,0,0,0,0.0,0
2,edge_107278_363381,3,0,0,-1,0.0,0.023180343069077423,0,0,0,0.0,0
2,edge_107278_183775,3,0,0,-1,0.0,0.023180343069077423,0,0,0,0.0,0
2,edge_16803_303080,3,0,0,-1,0.3333333333333333,0.023180343069077423,0,0,0,0.0,0
2,edge_114197_338148,3,0,0,-1,0.0,0.023180343069077423,0,0,0,0.0,0
2,edge_214603_216616,3,0,0,-1,0.0,0.023180343069077423,0,0,0,0.0,0
2,edge_184067_216616,3,0,0,-1,0.3333333333333333,0.023180343069077423,0,0,0,0.0,0
2,edge_116245_136380,3,0,0,-1,0.0,0.023180343069077423,0,0,0,0.0,0
2,edge_75893_76436,3,0,0,-1,0.0,0.023180343069077423,0,0,0,0.0,0
2,edge_30336_327045,3,0,0,-1,0.0,0.023180343069077423,0,0,0,0.0,0
2,edge_165322_178910,3,0,0,-1,0.0,0.023180343069077423,0,0,0,0.0,0
2,edge_132626_165322,3,0,0,-1,0.0,0.023180343069077423,0,0,0,0.0,0
2,edge_125270_266525,3,0,0,-1,0.3333333333333333,0.023180343069077423,0,0,0,0.0,0
2,edge_128656_187383,3,0,0,-1,0.0,0.023180343069077423,0,0,0,0.0,0
2,edge_14652_92218,3,0,0,-1,0.0,0.023180343069077423,0,0,0,0.0,0
2,edge_92218_162688,3,0,0,-1,0.3333333333333333,0.023180343069077423,0,0,0,0.0,0
2,edge_92218_179649,3,0,0,-1,0.0,0.023180343069077423,0,0,0,0.0,0
2,edge_14652_391623,3,0,0,-1,0.0,0.023180343069077423,0,0,0,0.0,0
2,edge_203155_391623,3,0,0,-1,0.0,0.023180343069077423,0,0,0,0.0,0
2,edge_94044_120841,3,0,0,-1,0.0,0.023180343069077423,0,0,0,0.0,0
2,edge_24257_160072,3,0,0,-1,0.3333333333333333,0.023180343069077423,0,0,0,0.0,0
2,edge_95782_297209,3,0,0,-1,0.0,0.023180343069077423,0,0,0,0.0,0
2,edge_39219_58054,3,0,0,-1,0.0,0.023180343069077423,0,0,0,0.0,0
2,edge_1_31096,3,0,0,-1,0.0,0.023180343069077423,0,0,0,0.0,0
2,edge_31096_75702,3,0,0,-1,0.0,0.023180343069077423,0,0,0,0.0,0
2,edge_50794_75213,3,0,0,-1,0.0,0.023180343069077423,0,1,1,0.0,1
2,edge_75213_150069,3,0,0,-1,0.0,0.023180343069077423,0,0,0,0.0,0
2,edge_9336_16803,3,0,0,-1,0.0,0.023180343069077423,0,0,0,0.0,0
2,edge_16803_73793,3,0,0,-1,0.0,0.023180343069077423,0,3,3,0.0,1
2,edge_73793_124430,3,0,0,-1,0.0,0.023180343069077423,0,0,0,0.0,0
2,edge_76003_124430,3,0,0,-1,0.0,0.023180343069077423,0,0,0,0.0,0
2,edge_37678_82508,3,0,0,-1,0.3333333333333333,0.023180343069077423,0,0,0,0.0,0
2,edge_2787_37678,3,0,0,-1,0.0,0.023180343069077423,0,0,0,0.0,0
2,edge_50854_69996,3,0,0,-1,0.3333333333333333,0.023180343069077423,0,0,0,0.0,0
2,edge_126314_129829,3,0,0,-1,0.0,0.023180343069077423,0,0,0,0.0,0
2,edge_22888_89221,3,0,0,-1,0.0,0.023180343069077423,0,0,0,0.0,0
2,edge_72155_72156,3,0,0,-1,0.3333333333333333,0.023180343069077423,0,0,0,0.0,0
2,16555,3,2,3,3,0.3333333333333333,0.023180343069077423,0,0,0,0.0,0
2,edge_13088_53642,3,0,0,-1,0.3333333333333333,0.023180343069077423,0,0,0,0.0,0
2,edge_3759_33126,3,0,0,-1,0.0,0.023180343069077423,0,1,1,0.0,1
2,edge_99375_110996,3,0,0,-1,0.0,0.023180343069077423,0,0,0,0.0,0
2,edge_99375_102083,3,0,0,-1,0.0,0.023180343069077423,0,0,0,0.0,0
2,edge_99376_102083,3,0,0,-1,0.3333333333333333,0.023180343069077423,0,0,0,0.0,0
2,edge_66923_99375,3,0,0,-1,0.3333333333333333,0.023180343069077423,0,0,0,0.0,0
2,edge_99375_102085,3,0,0,-1,0.0,0.023180343069077423,0,0,0,0.0,0
2,edge_29960_110849,3,0,0,-1,0.0,0.023180343069077423,0,0,0,0.0,0
2,edge_23595_110849,3,0,0,-1,0.3333333333333333,0.023180343069077423,0,0,0,0.0,0
2,edge_151955_205682,3,0,0,-1,0.3333333333333333,0.023180343069077423,0,0,0,0.0,0
2,edge_20914_33126,3,0,0,-1,0.0,0.023180343069077423,0,0,0,0.0,0
2,edge_7709_146268,3,0,0,-1,0.0,0.023180343069077423,0,0,0,0.0,0
2,edge_93087_412708,3,0,0,-1,0.0,0.023180343069077423,0,0,0,0.0,0
2,edge_151310_267838,3,0,0,-1,0.3333333333333333,0.023180343069077423,0,0,0,0.0,0
2,edge_37335_299261,3,0,0,-1,0.0,0.023180343069077423,0,0,0,0.0,0
2,edge_237997_285396,3,0,0,-1,0.0,0.023180343069077423,0,0,0,0.0,0
2,edge_205387_205396,3,0,0,-1,0.0,0.023180343069077423,0,0,0,0.0,0
2,edge_38610_153609,3,0,0,-1,0.0,0.023180343069077423,0,0,0,0.0,0
2,325049,3,1,2,15,0.6666666666666666,0.023180343069077423,0,0,0,0.0,0
2,edge_137206_244329,3,0,0,-1,0.3333333333333333,0.023180343069077423,0,0,0,0.0,0
2,edge_153993_156122,3,0,0,-1,0.3333333333333333,0.023180343069077423,0,0,0,0.0,0
2,edge_80622_197129,3,0,0,-1,0.3333333333333333,0.023180343069077423,0,0,0,0.0,0
2,edge_13824_26192,3,0,0,-1,0.3333333333333333,0.023180343069077423,0,0,0,0.0,0
2,edge_26815_37912,3,0,0,-1,0.0,0.023180343069077423,0,0,0,0.0,0
2,edge_26815_75186,3,0,0,-1,0.3333333333333333,0.023180343069077423,0,0,0,0.0,0
2,edge_46964_159320,3,0,0,-1,0.0,0.023180343069077423,0,0,0,0.0,0
2,304261,3,2,2,20,0.3333333333333333,0.023180343069077423,0,0,0,0.0,0
2,edge_233546_367712,3,0,0,-1,0.0,0.023180343069077423,0,0,0,0.0,0
2,edge_102805_289472,3,0,0,-1,0.0,0.023180343069077423,0,0,0,0.0,0
2,edge_150068_180883,3,0,0,-1,0.3333333333333333,0.023180343069077423,0,0,0,0.0,0
2,edge_97590_183471,3,0,0,-1,0.0,0.023180343069077423,0,0,0,0.0,0
2,edge_58380_183471,3,0,0,-1,0.3333333333333333,0.023180343069077423,0,0,0,0.0,0
2,edge_23073_199873,3,0,0,-1,0.3333333333333333,0.023180343069077423,0,0,0,0.0,0
2,edge_7007_9222,3,0,0,-1,0.3333333333333333,0.023180343069077423,0,0,0,0.0,0
2,151273,3,3,2,4,0.0,0.023180343069077423,0,0,0,0.0,0
2,edge_4116_101890,3,0,0,-1,0.3333333333333333,0.023180343069077423,0,0,0,0.0,0
2,edge_74728_294245,3,0,0,-1,0.0,0.023180343069077423,0,0,0,0.0,0
2,edge_18838_74728,3,0,0,-1,0.3333333333333333,0.023180343069077423,0,0,0,0.0,0
2,edge_109173_336780,3,0,0,-1,0.0,0.023180343069077423,0,0,0,0.0,0
2,edge_19660_21591,3,0,0,-1,0.3333333333333333,0.023180343069077423,0,0,0,0.0,0
2,edge_80418_88343,3,0,0,-1,0.0,0.023180343069077423,0,0,0,0.0,0
2,299099,3,1,2,6,0.6666666666666666,0.023180343069077423,0,1,1,0.0,1
2,edge_102840_364015,3,0,0,-1,0.3333333333333333,0.023180343069077423,0,0,0,0.0,0
2,edge_363686_380303,3,0,0,-1,0.3333333333333333,0.023180343069077423,0,0,0,0.0,0
2,edge_65815_65816,3,0,0,-1,0.0,0.023180343069077423,0,0,0,0.0,0
2,edge_65815_69102,3,0,0,-1,0.0,0.023180343069077423,0,0,0,0.0,0
2,edge_78711_198979,3,0,0,-1,0.0,0.023180343069077423,0,0,0,0.0,0
2,edge_78711_145639,3,0,0,-1,0.3333333333333333,0.023180343069077423,0,0,0,0.0,0
2,edge_198979_286891,3,0,0,-1,0.0,0.023180343069077423,0,0,0,0.0,0
2,edge_286891_304310,3,0,0,-1,0.0,0.023180343069077423,0,0,0,0.0,0
2,edge_70708_92037,3,0,0,-1,0.0,0.023180343069077423,0,1,1,0.0,1
2,edge_92037_139478,3,0,0,-1,0.0,0.023180343069077423,0,0,0,0.0,0
2,edge_5552_406237,3,0,0,-1,0.3333333333333333,0.023180343069077423,0,0,0,0.0,0
2,edge_5552_131826,3,0,0,-1,0.3333333333333333,0.023180343069077423,0,0,0,0.0,0
2,edge_13877_166073,3,0,0,-1,0.0,0.023180343069077423,0,0,0,0.0,0
2,edge_113629_150901,3,0,0,-1,0.0,0.023180343069077423,0,0,0,0.0,0
2,edge_33126_73793,3,0,0,-1,0.0,0.023180343069077423,0,0,0,0.0,0
2,edge_33126_193461,3,0,0,-1,0.0,0.023180343069077423,0,0,0,0.0,0
2,edge_193461_253113,3,0,0,-1,0.0,0.023180343069077423,0,0,0,0.0,0
2,edge_63529_193461,3,0,0,-1,0.0,0.023180343069077423,0,0,0,0.0,0
2,edge_71454_212671,3,0,0,-1,0.0,0.023180343069077423,0,0,0,0.0,0
2,edge_29882_44566,3,0,0,-1,0.3333333333333333,0.023180343069077423,0,0,0,0.0,0
2,37775,3,4,5,2,0.0,0.023180343069077423,0,1,1,0.0,1
2,edge_25826_203311,3,0,0,-1,0.0,0.023180343069077423,0,0,0,0.0,0
2,edge_65390_97003,3,0,0,-1,0.0,0.023180343069077423,0,1,1,0.0,1
2,edge_58721_97003,3,0,0,-1,0.3333333333333333,0.023180343069077423,0,1,1,0.0,1
2,edge_54045_67954,3,0,0,-1,0.3333333333333333,0.023180343069077423,0,0,0,0.0,0
2,edge_20914_25748,3,0,0,-1,0.0,0.023180343069077423,0,0,0,0.0,0
2,edge_263715_265930,3,0,0,-1,0.0,0.023180343069077423,0,0,0,0.0,0
2,edge_265929_265930,3,0,0,-1,0.0,0.023180343069077423,0,0,0,0.0,0
2,182385,3,3,4,7,0.0,0.023180343069077423,0,0,0,0.0,0
2,edge_182383_182386,3,0,0,-1,0.0,0.023180343069077423,0,0,0,0.0,0
2,edge_124430_203529,3,0,0,-1,0.0,0.023180343069077423,0,0,0,0.0,0
2,edge_39537_333005,3,0,0,-1,0.0,0.023180343069077423,0,0,0,0.0,0
2,edge_292752_292753,3,0,0,-1,0.3333333333333333,0.023180343069077423,0,0,0,0.0,0
2,edge_52703_227888,3,0,0,-1,0.0,0.023180343069077423,0,0,0,0.0,0
2,edge_48945_227888,3,0,0,-1,0.3333333333333333,0.023180343069077423,0,0,0,0.0,0
2,edge_17574_259630,3,0,0,-1,0.0,0.023180343069077423,0,0,0,0.0,0
2,edge_153579_196228,3,0,0,-1,0.0,0.023180343069077423,0,0,0,0.0,0
2,edge_36164_86083,3,0,0,-1,0.0,0.023180343069077423,0,0,0,0.0,0
2,edge_101215_375413,3,0,0,-1,0.0,0.023180343069077423,0,1,1,0.0,1
2,edge_53233_65390,3,0,0,-1,0.3333333333333333,0.023180343069077423,0,0,0,0.0,0
2,edge_2836_364259,3,0,0,-1,0.0,0.023180343069077423,0,0,0,0.0,0
2,edge_110029_250436,3,0,0,-1,0.0,0.023180343069077423,0,0,0,0.0,0
2,edge_50586_53155,3,0,0,-1,0.0,0.023180343069077423,0,0,0,0.0,0
2,edge_101965_111013,3,0,0,-1,0.0,0.023180343069077423,0,0,0,0.0,0
3,3,316,363,10,0,0.17721518987341772,2.528,112,1,113,0.9911504424778761,0
3,15821,127,168,45,1,0.30708661417322836,1.016,21,1,22,0.9545454545454546,0
3,71407,82,118,31,1,0.2682926829268293,0.656,10,3,13,0.7692307692307693,0
3,10816,80,109,23,1,0.25,0.64,8,3,11,0.7272727272727273,0
3,117331,74,105,7,1,0.2702702702702703,0.592,4,3,7,0.5714285714285714,0
3,134005,67,45,6,14,0.3283582089552239,0.536,0,0,0,0.0,0
3,59273,55,79,15,1,0.2727272727272727,0.44,14,1,15,0.9333333333333333,0
3,56565,55,102,14,1,0.09090909090909091,0.44,6,2,8,0.75,0
3,34140,53,70,28,1,0.32075471698113206,0.424,9,2,11,0.8181818181818182,0
3,267282,43,63,6,2,0.20930232558139536,0.344,0,0,0,0.0,0
3,edge_3_58183,43,0,0,-1,0.3953488372093023,0.344,11,1,12,0.9166666666666666,0
3,21946,41,51,14,1,0.34146341463414637,0.328,20,1,21,0.9523809523809523,0
3,7071,40,33,24,4,0.35,0.32,0,1,1,0.0,1
3,18373,38,54,2,1,0.2894736842105263,0.304,13,1,14,0.9285714285714286,0
3,edge_3_18373,38,0,0,-1,0.0,0.304,21,1,22,0.9545454545454546,0
3,82371,36,72,4,12,0.0,0.288,0,0,0,0.0,0
3,11833,36,21,18,2,0.4722222222222222,0.288,0,0,0,0.0,0
3,212722,33,38,7,17,0.42424242424242425,0.264,0,0,0,0.0,0
3,22955,31,50,10,2,0.1935483870967742,0.248,0,2,2,0.0,1
3,edge_3_56565,31,0,0,-1,0.0,0.248,7,2,9,0.7777777777777778,0
3,edge_3_117331,31,0,0,-1,0.0,0.248,5,2,7,0.7142857142857143,0
3,edge_3_10816,31,0,0,-1,0.0,0.248,8,3,11,0.7272727272727273,0
3,364214,30,54,11,2,0.13333333333333333,0.24,1,2,3,0.3333333333333333,0
3,edge_3_59273,30,0,0,-1,0.0,0.24,14,1,15,0.9333333333333333,0
3,edge_3_71407,30,0,0,-1,0.0,0.24,9,3,12,0.75,0
3,94825,30,28,11,3,0.3,0.24,0,1,1,0.0,1
3,22531,29,33,13,2,0.41379310344827586,0.232,0,1,1,0.0,1
3,96228,29,42,14,4,0.27586206896551724,0.232,0,0,0,0.0,0
3,edge_3_21946,29,0,0,-1,0.0,0.232,16,1,17,0.9411764705882353,0
3,17599,28,37,17,3,0.32142857142857145,0.224,0,1,1,0.0,1
3,70073,28,29,5,16,0.42857142857142855,0.224,0,0,0,0.0,0
3,edge_3_15821,28,0,0,-1,0.0,0.224,8,2,10,0.8,0
3,299343,27,35,12,6,0.25925925925925924,0.216,0,0,0,0.0,0
3,54232,27,32,17,12,0.37037037037037035,0.216,0,0,0,0.0,0
3,41345,27,19,15,4,0.37037037037037035,0.216,0,0,0,0.0,0
3,14308,26,26,16,6,0.38461538461538464,0.208,0,0,0,0.0,0
3,111902,26,24,2,4,0.5384615384615384,0.208,0,0,0,0.0,0
3,217381,26,24,10,8,0.5384615384615384,0.208,0,0,0,0.0,0
3,edge_134005_397176,26,0,0,-1,0.0,0.208,0,0,0,0.0,0
3,38069,26,20,11,5,0.23076923076923078,0.208,0,0,0,0.0,0
3,9912,25,36,11,2,0.32,0.2,1,2,3,0.3333333333333333,0
3,125715,24,41,3,8,0.0,0.192,0,0,0,0.0,0
3,5295,24,35,19,4,0.25,0.192,0,0,0,0.0,0
3,64303,24,39,10,3,0.125,0.192,0,0,0,0.0,0
3,7368,23,32,2,2,0.0,0.184,0,0,0,0.0,0
3,8808,23,31,15,2,0.30434782608695654,0.184,3,3,6,0.5,0
3,97752,23,29,16,7,0.30434782608695654,0.184,0,0,0,0.0,0
3,120039,23,19,7,3,0.30434782608695654,0.184,0,0,0,0.0,0
3,76561,22,26,8,4,0.45454545454545453,0.176,0,0,0,0.0,0
3,28921,22,32,11,4,0.2727272727272727,0.176,0,0,0,0.0,0
3,71661,21,26,7,18,0.38095238095238093,0.168,0,0,0,0.0,0
3,edge_3_34140,21,0,0,-1,0.0,0.168,9,2,11,0.8181818181818182,0
3,edge_46648_134005,21,0,0,-1,0.2857142857142857,0.168,0,0,0,0.0,0
3,196467,20,10,5,4,0.7,0.16,0,0,0,0.0,0
3,edge_7368_36476,20,0,0,-1,0.3,0.16,0,0,0,0.0,0
3,23235,20,26,7,2,0.35,0.16,4,3,7,0.5714285714285714,0
3,325593,20,21,10,16,0.45,0.16,0,0,0,0.0,0
3,277352,20,34,2,13,0.15,0.16,0,0,0,0.0,0
3,158796,20,30,13,5,0.25,0.16,0,0,0,0.0,0
3,180842,20,24,14,2,0.4,0.16,2,2,4,0.5,0
3,307924,20,17,8,9,0.55,0.16,0,0,0,0.0,0
3,3047,20,9,2,7,0.55,0.16,0,1,1,0.0,1
3,edge_82371_361456,20,0,0,-1,0.0,0.16,0,0,0,0.0,0
3,56562,19,20,5,4,0.42105263157894735,0.152,0,0,0,0.0,0
3,244686,19,38,4,5,0.0,0.152,0,0,0,0.0,0
3,80242,19,18,6,5,0.5263157894736842,0.152,0,0,0,0.0,0
3,26428,19,18,7,5,0.5263157894736842,0.152,0,0,0,0.0,0
3,36868,19,30,17,9,0.15789473684210525,0.152,0,0,0,0.0,0
3,11082,18,23,4,6,0.2777777777777778,0.144,0,0,0,0.0,0
3,57651,18,22,7,5,0.3888888888888889,0.144,0,0,0,0.0,0
3,397176,18,36,1,15,0.0,0.144,0,0,0,0.0,0
3,361456,18,22,1,13,0.3888888888888889,0.144,0,0,0,0.0,0
3,104173,18,22,13,3,0.2777777777777778,0.144,0,1,1,0.0,1
3,224853,18,20,10,2,0.05555555555555555,0.144,0,0,0,0.0,0
3,56233,18,14,8,5,0.2777777777777778,0.144,0,0,0,0.0,0
3,40802,17,22,8,2,0.29411764705882354,0.136,2,2,4,0.5,0
3,225616,17,24,3,2,0.29411764705882354,0.136,0,1,1,0.0,1
3,21078,17,26,12,3,0.23529411764705882,0.136,0,0,0,0.0,0
3,6980,17,23,12,5,0.29411764705882354,0.136,0,0,0,0.0,0
3,29897,17,30,14,4,0.11764705882352941,0.136,0,0,0,0.0,0
3,257195,17,29,10,7,0.11764705882352941,0.136,0,0,0,0.0,0
3,102646,17,18,8,3,0.4117647058823529,0.136,0,0,0,0.0,0
3,149868,17,29,4,4,0.0,0.136,0,0,0,0.0,0
3,4392,17,28,14,5,0.17647058823529413,0.136,0,0,0,0.0,0
3,69252,17,29,8,19,0.11764705882352941,0.136,0,0,0,0.0,0
3,edge_35542_267282,17,0,0,-1,0.35294117647058826,0.136,0,0,0,0.0,0
3,edge_82371_277352,17,0,0,-1,0.0,0.136,0,0,0,0.0,0
3,177459,16,21,9,4,0.3125,0.128,0,1,1,0.0,1
3,62158,16,18,8,4,0.375,0.128,0,0,0,0.0,0
3,252140,16,32,4,5,0.0,0.128,0,0,0,0.0,0
3,56036,16,14,9,9,0.5,0.128,0,0,0,0.0,0
3,73670,16,24,11,2,0.25,0.128,1,2,3,0.3333333333333333,0
3,87026,16,26,12,3,0.1875,0.128,0,0,0,0.0,0
3,13461,16,20,8,12,0.375,0.128,0,0,0,0.0,0
3,edge_95077_125715,16,0,0,-1,0.3125,0.128,0,0,0,0.0,0
3,edge_8808_18373,16,0,0,-1,0.0,0.128,3,3,6,0.5,0
3,18285,16,9,9,6,0.5,0.128,0,0,0,0.0,0
3,218971,15,16,5,3,0.4,0.12,0,0,0,0.0,0
3,9336,15,25,12,2,0.06666666666666667,0.12,2,2,4,0.5,0
3,171455,15,18,7,5,0.4,0.12,0,0,0,0.0,0
3,74018,15,20,9,4,0.3333333333333333,0.12,0,0,0,0.0,0
3,38801,15,25,6,4,0.13333333333333333,0.12,0,0,0,0.0,0
3,24602,15,10,5,6,0.4666666666666667,0.12,0,0,0,0.0,0
3,145719,15,14,7,5,0.4666666666666667,0.12,0,0,0,0.0,0
3,26480,15,15,10,3,0.4666666666666667,0.12,0,0,0,0.0,0
3,56593,15,21,11,3,0.2,0.12,0,0,0,0.0,0
3,edge_14311_82371,15,0,0,-1,0.4,0.12,0,0,0,0.0,0
3,62409,14,28,11,3,0.07142857142857142,0.112,0,0,0,0.0,0
3,241188,14,19,7,4,0.2857142857142857,0.112,0,0,0,0.0,0
3,59076,14,17,5,4,0.35714285714285715,0.112,0,0,0,0.0,0
3,152733,14,18,10,7,0.21428571428571427,0.112,0,0,0,0.0,0
3,119400,14,14,7,2,0.5,0.112,0,0,0,0.0,0
3,287754,14,24,3,11,0.14285714285714285,0.112,0,0,0,0.0,0
3,65168,14,13,7,6,0.42857142857142855,0.112,0,0,0,0.0,0
3,135336,14,23,15,18,0.07142857142857142,0.112,0,0,0,0.0,0
3,161142,14,26,8,4,0.07142857142857142,0.112,0,0,0,0.0,0
3,28641,14,14,5,4,0.5,0.112,0,0,0,0.0,0
3,5896,14,22,11,5,0.21428571428571427,0.112,0,1,1,0.0,1
3,103525,14,20,6,6,0.2857142857142857,0.112,0,0,0,0.0,0
3,396548,14,15,9,8,0.2857142857142857,0.112,0,0,0,0.0,0
3,edge_117331_225616,14,0,0,-1,0.0,0.112,0,1,1,0.0,1
3,52055,14,17,11,5,0.07142857142857142,0.112,0,0,0,0.0,0
3,10400,13,8,6,4,0.6153846153846154,0.104,0,1,1,0.0,1
3,28226,13,20,10,5,0.23076923076923078,0.104,0,0,0,0.0,0
3,370800,13,20,11,16,0.15384615384615385,0.104,0,0,0,0.0,0
3,287753,13,22,5,10,0.15384615384615385,0.104,0,0,0,0.0,0
3,170469,13,26,2,3,0.0,0.104,0,0,0,0.0,0
3,131770,13,26,10,8,0.07692307692307693,0.104,0,0,0,0.0,0
3,93220,13,16,4,8,0.38461538461538464,0.104,0,0,0,0.0,0
3,50828,13,22,9,11,0.15384615384615385,0.104,0,0,0,0.0,0
3,18717,13,16,7,6,0.38461538461538464,0.104,0,0,0,0.0,0
3,78321,13,16,7,9,0.38461538461538464,0.104,0,0,0,0.0,0
3,57680,13,17,10,6,0.3076923076923077,0.104,0,0,0,0.0,0
3,24801,13,9,7,5,0.5384615384615384,0.104,0,0,0,0.0,0
3,25062,13,15,8,3,0.38461538461538464,0.104,0,0,0,0.0,0
3,332142,13,16,1,3,0.38461538461538464,0.104,0,0,0,0.0,0
3,71413,13,22,9,16,0.15384615384615385,0.104,0,0,0,0.0,0
3,38120,13,20,3,6,0.23076923076923078,0.104,0,0,0,0.0,0
3,edge_7368_10816,13,0,0,-1,0.0,0.104,0,0,0,0.0,0
3,315091,13,8,2,6,0.5384615384615384,0.104,0,0,0,0.0,0
3,edge_52535_134005,13,0,0,-1,0.38461538461538464,0.104,0,0,0,0.0,0
3,13013,13,8,8,3,0.38461538461538464,0.104,0,0,0,0.0,0
3,edge_14311_277352,13,0,0,-1,0.3076923076923077,0.104,0,0,0,0.0,0
3,9567,13,12,8,4,0.15384615384615385,0.104,0,0,0,0.0,0
3,95085,12,11,6,2,0.3333333333333333,0.096,0,0,0,0.0,0
3,388306,12,22,4,4,0.08333333333333333,0.096,0,0,0,0.0,0
3,68391,12,22,10,9,0.08333333333333333,0.096,0,0,0,0.0,0
3,151107,12,18,10,3,0.16666666666666666,0.096,0,0,0,0.0,0
3,21481,12,20,16,3,0.08333333333333333,0.096,0,2,2,0.0,1
3,315218,12,14,9,17,0.4166666666666667,0.096,0,0,0,0.0,0
3,17492,12,15,9,4,0.3333333333333333,0.096,0,0,0,0.0,0
3,14815,12,14,7,5,0.4166666666666667,0.096,0,0,0,0.0,0
3,26258,12,15,8,4,0.3333333333333333,0.096,0,0,0,0.0,0
3,93778,12,22,4,3,0.08333333333333333,0.096,1,1,2,0.5,0
3,18873,12,20,10,5,0.08333333333333333,0.096,0,0,0,0.0,0
3,263481,12,24,3,4,0.0,0.096,0,0,0,0.0,0
3,27513,12,17,8,4,0.25,0.096,0,0,0,0.0,0
3,44580,12,14,5,4,0.4166666666666667,0.096,0,0,0,0.0,0
3,35917,12,16,7,5,0.3333333333333333,0.096,0,0,0,0.0,0
3,68735,12,14,7,9,0.3333333333333333,0.096,0,0,0,0.0,0
3,143508,12,13,6,2,0.4166666666666667,0.096,0,0,0,0.0,0
3,190950,12,16,7,3,0.3333333333333333,0.096,0,0,0,0.0,0
3,24907,12,17,10,11,0.25,0.096,0,0,0,0.0,0
3,120000,12,14,3,12,0.25,0.096,0,0,0,0.0,0
3,151351,12,17,6,3,0.25,0.096,0,0,0,0.0,0
3,12912,12,19,8,5,0.08333333333333333,0.096,0,0,0,0.0,0
3,67121,12,19,3,13,0.08333333333333333,0.096,0,0,0,0.0,0
3,37204,12,16,8,4,0.3333333333333333,0.096,0,0,0,0.0,0
3,edge_15821_117331,12,0,0,-1,0.0,0.096,1,2,3,0.3333333333333333,0
3,20815,12,6,7,6,0.5,0.096,0,0,0,0.0,0
3,105971,12,8,5,4,0.3333333333333333,0.096,0,0,0,0.0,0
3,62408,11,22,3,4,0.0,0.088,0,0,0,0.0,0
3,110476,11,13,2,5,0.2727272727272727,0.088,0,0,0,0.0,0
3,231184,11,9,7,11,0.5454545454545454,0.088,0,0,0,0.0,0
3,362643,11,16,8,17,0.2727272727272727,0.088,0,0,0,0.0,0
3,399157,11,10,8,16,0.45454545454545453,0.088,0,0,0,0.0,0
3,362642,11,12,7,17,0.45454545454545453,0.088,0,0,0,0.0,0
3,118773,11,9,7,4,0.5454545454545454,0.088,0,0,0,0.0,0
3,232554,11,11,5,7,0.5454545454545454,0.088,0,0,0,0.0,0
3,118822,11,14,8,20,0.36363636363636365,0.088,0,0,0,0.0,0
3,326435,11,16,5,23,0.2727272727272727,0.088,0,0,0,0.0,0
3,82061,11,16,3,5,0.2727272727272727,0.088,0,0,0,0.0,0
3,78813,11,12,6,4,0.2727272727272727,0.088,0,0,0,0.0,0
3,176443,11,14,5,4,0.36363636363636365,0.088,0,0,0,0.0,0
3,179970,11,14,4,5,0.36363636363636365,0.088,0,0,0,0.0,0
3,181280,11,20,5,5,0.09090909090909091,0.088,0,0,0,0.0,0
3,352060,11,18,4,9,0.18181818181818182,0.088,0,0,0,0.0,0
3,66658,11,18,8,4,0.18181818181818182,0.088,0,0,0,0.0,0
3,106934,11,13,5,10,0.36363636363636365,0.088,0,0,0,0.0,0
3,364221,11,18,8,3,0.18181818181818182,0.088,0,1,1,0.0,1
3,251398,11,19,4,4,0.09090909090909091,0.088,0,0,0,0.0,0
3,7535,11,20,9,5,0.09090909090909091,0.088,0,0,0,0.0,0
3,edge_305604_305605,11,0,0,-1,0.45454545454545453,0.088,0,0,0,0.0,0
3,156999,11,11,5,3,0.18181818181818182,0.088,0,0,0,0.0,0
3,edge_116358_125715,11,0,0,-1,0.45454545454545453,0.088,0,0,0,0.0,0
3,edge_3047_7219,11,0,0,-1,0.36363636363636365,0.088,0,0,0,0.0,0
3,25735,11,10,8,7,0.09090909090909091,0.088,0,0,0,0.0,0
3,edge_287753_287754,11,0,0,-1,0.0,0.088,0,0,0,0.0,0
3,edge_76561_124666,11,0,0,-1,0.0,0.088,0,0,0,0.0,0
3,edge_239191_332142,11,0,0,-1,0.0,0.088,0,0,0,0.0,0
3,199362,10,12,2,4,0.2,0.08,0,0,0,0.0,0
3,64039,10,15,8,8,0.2,0.08,0,0,0,0.0,0
3,48481,10,16,9,4,0.2,0.08,0,0,0,0.0,0
3,52099,10,17,8,2,0.1,0.08,2,1,3,0.6666666666666666,0
3,8131,10,12,5,3,0.4,0.08,0,1,1,0.0,1
3,318124,10,16,8,6,0.2,0.08,0,0,0,0.0,0
3,257309,10,12,8,17,0.4,0.08,0,0,0,0.0,0
3,6115,10,13,6,2,0.3,0.08,0,0,0,0.0,0
3,19116,10,15,7,4,0.2,0.08,0,0,0,0.0,0
3,97729,10,12,3,3,0.4,0.08,0,0,0,0.0,0
3,93111,10,14,7,2,0.2,0.08,0,1,1,0.0,1
3,358783,10,16,4,7,0.1,0.08,0,0,0,0.0,0
3,106524,10,15,7,9,0.2,0.08,0,0,0,0.0,0
3,392300,10,18,4,11,0.1,0.08,0,0,0,0.0,0
3,283213,10,20,5,3,0.0,0.08,0,0,0,0.0,0
3,21835,10,13,8,3,0.3,0.08,0,1,1,0.0,1
3,339492,10,8,4,6,0.6,0.08,0,0,0,0.0,0
3,98636,10,12,5,3,0.4,0.08,0,0,0,0.0,0
3,164655,10,9,4,6,0.4,0.08,0,0,0,0.0,0
3,3402,10,8,4,4,0.5,0.08,0,0,0,0.0,0
3,58165,10,8,5,5,0.5,0.08,0,1,1,0.0,1
3,146324,10,12,4,4,0.3,0.08,0,0,0,0.0,0
3,311833,10,15,4,4,0.0,0.08,0,0,0,0.0,0
3,edge_22531_117331,10,0,0,-1,0.0,0.08,0,1,1,0.0,1
3,edge_101750_117331,10,0,0,-1,0.3,0.08,0,2,2,0.0,1
3,edge_62408_62409,10,0,0,-1,0.0,0.08,0,0,0,0.0,0
3,77067,10,9,7,5,0.1,0.08,0,0,0,0.0,0
3,176327,10,9,8,10,0.2,0.08,0,0,0,0.0,0
3,edge_63296_82371,10,0,0,-1,0.0,0.08,0,0,0,0.0,0
3,138066,9,11,9,3,0.3333333333333333,0.072,0,2,2,0.0,1
3,41159,9,11,7,6,0.3333333333333333,0.072,0,0,0,0.0,0
3,49613,9,14,7,3,0.2222222222222222,0.072,0,0,0,0.0,0
3,38777,9,16,9,3,0.1111111111111111,0.072,0,0,0,0.0,0
3,94666,9,14,7,7,0.2222222222222222,0.072,0,0,0,0.0,0
3,320448,9,9,5,18,0.4444444444444444,0.072,0,0,0,0.0,0
3,15344,9,16,9,3,0.2222222222222222,0.072,0,1,1,0.0,1
3,17411,9,12,10,3,0.2222222222222222,0.072,0,0,0,0.0,0
3,86307,9,3,1,3,0.6666666666666666,0.072,0,0,0,0.0,0
3,17176,9,14,3,5,0.2222222222222222,0.072,0,0,0,0.0,0
3,111993,9,12,1,5,0.3333333333333333,0.072,0,0,0,0.0,0
3,49516,9,17,9,5,0.0,0.072,0,0,0,0.0,0
3,19088,9,9,7,3,0.4444444444444444,0.072,0,0,0,0.0,0
3,417030,9,18,3,3,0.0,0.072,1,2,3,0.3333333333333333,0
3,11705,9,7,4,5,0.5555555555555556,0.072,0,0,0,0.0,0
3,18434,9,8,5,5,0.5555555555555556,0.072,0,0,0,0.0,0
3,70724,9,15,7,7,0.2222222222222222,0.072,0,0,0,0.0,0
3,350236,9,15,4,9,0.1111111111111111,0.072,0,0,0,0.0,0
3,184506,9,14,7,7,0.2222222222222222,0.072,0,0,0,0.0,0
3,377247,9,14,4,11,0.1111111111111111,0.072,0,0,0,0.0,0
3,364215,9,14,7,2,0.1111111111111111,0.072,0,2,2,0.0,1
3,132777,9,11,6,3,0.3333333333333333,0.072,0,0,0,0.0,0
3,14029,9,8,5,13,0.5555555555555556,0.072,0,0,0,0.0,0
3,40443,9,16,9,3,0.0,0.072,0,0,0,0.0,0
3,313152,9,7,5,9,0.5555555555555556,0.072,0,0,0,0.0,0
3,edge_62408_110476,9,0,0,-1,0.0,0.072,0,0,0,0.0,0
3,76967,9,6,6,3,0.3333333333333333,0.072,0,0,0,0.0,0
3,47475,9,5,6,11,0.4444444444444444,0.072,0,0,0,0.0,0
3,edge_244686_337006,9,0,0,-1,0.0,0.072,0,0,0,0.0,0
3,edge_11082_252140,9,0,0,-1,0.0,0.072,0,0,0,0.0,0
3,edge_11833_170469,9,0,0,-1,0.0,0.072,0,0,0,0.0,0
3,edge_114174_170469,9,0,0,-1,0.2222222222222222,0.072,0,0,0,0.0,0
3,edge_149868_269257,9,0,0,-1,0.0,0.072,0,0,0,0.0,0
3,edge_267282_283213,9,0,0,-1,0.0,0.072,0,0,0,0.0,0
3,edge_134004_134005,9,0,0,-1,0.3333333333333333,0.072,0,0,0,0.0,0
3,edge_25815_82061,9,0,0,-1,0.4444444444444444,0.072,0,0,0,0.0,0
3,222881,9,9,8,11,0.2222222222222222,0.072,0,0,0,0.0,0
3,73181,9,3,6,4,0.6666666666666666,0.072,0,0,0,0.0,0
3,edge_18197_244686,9,0,0,-1,0.3333333333333333,0.072,0,0,0,0.0,0
3,305604,8,16,2,2,0.0,0.064,0,0,0,0.0,0
3,edge_53853_125715,8,0,0,-1,0.0,0.064,0,0,0,0.0,0
3,53852,8,6,4,8,0.625,0.064,0,0,0,0.0,0
3,95874,8,8,5,3,0.5,0.064,0,0,0,0.0,0
3,8124,8,16,8,3,0.0,0.064,0,0,0,0.0,0
3,103813,8,14,3,4,0.125,0.064,0,0,0,0.0,0
3,292278,8,11,4,7,0.25,0.064,0,0,0,0.0,0
3,401704,8,7,3,12,0.125,0.064,0,0,0,0.0,0
3,116970,8,12,8,11,0.25,0.064,0,0,0,0.0,0
3,206634,8,7,5,14,0.5,0.064,0,0,0,0.0,0
3,20093,8,11,6,2,0.125,0.064,0,1,1,0.0,1
3,18870,8,7,6,6,0.375,0.064,0,0,0,0.0,0
3,5827,8,15,9,3,0.0,0.064,0,0,0,0.0,0
3,85955,8,12,6,2,0.25,0.064,0,0,0,0.0,0
3,71365,8,17,8,6,0.0,0.064,0,0,0,0.0,0
3,33399,8,16,9,4,0.0,0.064,0,0,0,0.0,0
3,106256,8,8,8,5,0.25,0.064,0,0,0,0.0,0
3,288478,8,5,3,11,0.625,0.064,0,0,0,0.0,0
3,396165,8,6,4,9,0.625,0.064,0,0,0,0.0,0
3,269257,8,10,1,5,0.375,0.064,0,0,0,0.0,0
3,272498,8,10,1,4,0.375,0.064,0,0,0,0.0,0
3,359719,8,11,4,11,0.25,0.064,0,0,0,0.0,0
3,133429,8,18,8,3,0.0,0.064,0,0,0,0.0,0
3,364212,8,9,6,2,0.375,0.064,0,1,1,0.0,1
3,141588,8,10,4,4,0.375,0.064,0,0,0,0.0,0
3,338335,8,9,4,8,0.375,0.064,0,0,0,0.0,0
3,323033,8,16,3,5,0.0,0.064,0,0,0,0.0,0
3,22580,8,14,6,6,0.125,0.064,0,0,0,0.0,0
3,322665,8,16,9,5,0.0,0.064,0,0,0,0.0,0
3,56457,8,8,4,7,0.5,0.064,0,0,0,0.0,0
3,9934,8,14,4,6,0.125,0.064,0,0,0,0.0,0
3,8607,8,14,9,4,0.125,0.064,0,0,0,0.0,0
3,24459,8,11,6,5,0.25,0.064,0,0,0,0.0,0
3,10190,8,9,6,4,0.375,0.064,0,0,0,0.0,0
3,65720,8,13,8,13,0.125,0.064,0,0,0,0.0,0
3,22768,8,12,6,3,0.25,0.064,0,0,0,0.0,0
3,35874,8,8,5,3,0.5,0.064,0,0,0,0.0,0
3,276563,8,12,5,4,0.25,0.064,0,0,0,0.0,0
3,298050,8,13,3,7,0.125,0.064,0,0,0,0.0,0
3,67120,8,12,3,14,0.125,0.064,0,0,0,0.0,0
3,36404,8,8,4,17,0.5,0.064,0,0,0,0.0,0
3,edge_364214_364219,8,0,0,-1,0.5,0.064,0,0,0,0.0,0
3,158093,8,8,6,6,0.25,0.064,0,0,0,0.0,0
3,159093,8,7,6,6,0.25,0.064,0,0,0,0.0,0
3,45311,8,7,6,8,0.375,0.064,0,0,0,0.0,0
3,edge_348782_392300,8,0,0,-1,0.375,0.064,0,0,0,0.0,0
3,edge_79071_267282,8,0,0,-1,0.375,0.064,0,0,0,0.0,0
3,edge_59273_73670,8,0,0,-1,0.0,0.064,1,2,3,0.3333333333333333,0
3,edge_261899_263481,8,0,0,-1,0.375,0.064,0,0,0,0.0,0
3,edge_27513_111993,8,0,0,-1,0.0,0.064,0,0,0,0.0,0
3,edge_26428_111902,8,0,0,-1,0.0,0.064,0,0,0,0.0,0
3,edge_181280_285075,8,0,0,-1,0.375,0.064,0,0,0,0.0,0
3,edge_105971_421521,8,0,0,-1,0.0,0.064,0,0,0,0.0,0
3,edge_95085_117331,7,0,0,-1,0.0,0.056,0,0,0,0.0,0
3,275832,7,14,4,2,0.0,0.056,0,0,0,0.0,0
3,180361,7,12,5,2,0.14285714285714285,0.056,0,2,2,0.0,1
3,239798,7,13,6,4,0.0,0.056,0,0,0,0.0,0
3,374578,7,10,3,10,0.0,0.056,0,0,0,0.0,0
3,382103,7,10,2,2,0.2857142857142857,0.056,1,1,2,0.5,0
3,20688,7,13,9,2,0.0,0.056,1,2,3,0.3333333333333333,0
3,edge_10816_50808,7,0,0,-1,0.2857142857142857,0.056,0,1,1,0.0,1
3,262529,7,10,3,6,0.2857142857142857,0.056,0,0,0,0.0,0
3,221434,7,8,3,5,0.2857142857142857,0.056,0,0,0,0.0,0
3,298726,7,9,6,3,0.14285714285714285,0.056,0,1,1,0.0,1
3,130800,7,8,6,6,0.2857142857142857,0.056,0,0,0,0.0,0
3,33567,7,8,6,7,0.42857142857142855,0.056,0,0,0,0.0,0
3,114914,7,8,6,12,0.42857142857142855,0.056,0,0,0,0.0,0
3,125936,7,8,3,4,0.42857142857142855,0.056,0,0,0,0.0,0
3,38818,7,12,5,3,0.0,0.056,0,0,0,0.0,0
3,250622,7,10,3,4,0.2857142857142857,0.056,0,0,0,0.0,0
3,56138,7,6,4,2,0.5714285714285714,0.056,0,0,0,0.0,0
3,110993,7,9,4,3,0.14285714285714285,0.056,0,0,0,0.0,0
3,266929,7,7,5,4,0.42857142857142855,0.056,0,0,0,0.0,0
3,31678,7,10,8,2,0.14285714285714285,0.056,0,0,0,0.0,0
3,209970,7,10,3,7,0.2857142857142857,0.056,0,0,0,0.0,0
3,edge_102646_149868,7,0,0,-1,0.0,0.056,0,0,0,0.0,0
3,279921,7,14,2,3,0.0,0.056,1,1,2,0.5,0
3,307541,7,10,6,12,0.14285714285714285,0.056,0,0,0,0.0,0
3,85133,7,11,6,13,0.14285714285714285,0.056,0,0,0,0.0,0
3,79526,7,10,7,17,0.2857142857142857,0.056,0,0,0,0.0,0
3,320350,7,8,3,19,0.42857142857142855,0.056,0,0,0,0.0,0
3,74825,7,10,7,4,0.14285714285714285,0.056,0,0,0,0.0,0
3,63296,7,14,5,11,0.0,0.056,0,0,0,0.0,0
3,8710,7,7,5,3,0.42857142857142855,0.056,0,0,0,0.0,0
3,274746,7,14,2,4,0.0,0.056,0,0,0,0.0,0
3,24604,7,5,4,5,0.5714285714285714,0.056,0,1,1,0.0,1
3,313698,7,10,4,6,0.2857142857142857,0.056,0,0,0,0.0,0
3,48945,7,8,6,4,0.42857142857142855,0.056,0,0,0,0.0,0
3,339500,7,10,4,6,0.2857142857142857,0.056,0,0,0,0.0,0
3,223993,7,12,6,5,0.14285714285714285,0.056,0,0,0,0.0,0
3,101879,7,11,5,4,0.14285714285714285,0.056,0,0,0,0.0,0
3,309819,7,14,2,9,0.0,0.056,0,0,0,0.0,0
3,21074,7,14,5,4,0.0,0.056,0,0,0,0.0,0
3,94458,7,5,6,7,0.42857142857142855,0.056,0,0,0,0.0,0
3,edge_15821_173032,7,0,0,-1,0.42857142857142855,0.056,0,0,0,0.0,0
3,edge_218971_224853,7,0,0,-1,0.0,0.056,0,0,0,0.0,0
3,edge_271947_274028,7,0,0,-1,0.0,0.056,0,0,0,0.0,0
3,edge_56565_119400,7,0,0,-1,0.0,0.056,0,0,0,0.0,0
3,edge_94825_379906,7,0,0,-1,0.42857142857142855,0.056,0,0,0,0.0,0
3,37775,7,4,7,2,0.42857142857142855,0.056,0,0,0,0.0,0
3,edge_151107_267282,7,0,0,-1,0.0,0.056,0,0,0,0.0,0
3,edge_103813_103814,7,0,0,-1,0.42857142857142855,0.056,0,0,0,0.0,0
3,edge_33971_56565,7,0,0,-1,0.42857142857142855,0.056,0,1,1,0.0,1
3,155117,7,5,5,5,0.42857142857142855,0.056,0,0,0,0.0,0
3,edge_50808_56565,7,0,0,-1,0.2857142857142857,0.056,1,1,2,0.5,0
3,edge_7854_22955,7,0,0,-1,0.2857142857142857,0.056,0,1,1,0.0,1
3,edge_255660_358783,7,0,0,-1,0.42857142857142855,0.056,0,0,0,0.0,0
3,edge_66305_149868,7,0,0,-1,0.2857142857142857,0.056,0,0,0,0.0,0
3,edge_272498_279921,7,0,0,-1,0.0,0.056,0,0,0,0.0,0
3,edge_38006_70073,7,0,0,-1,0.42857142857142855,0.056,0,0,0,0.0,0
3,edge_71661_215615,7,0,0,-1,0.0,0.056,0,0,0,0.0,0
3,edge_120039_207494,7,0,0,-1,0.0,0.056,0,0,0,0.0,0
3,edge_323033_338363,7,0,0,-1,0.0,0.056,0,0,0,0.0,0
3,edge_212722_353345,7,0,0,-1,0.0,0.056,0,0,0,0.0,0
3,edge_67120_67121,7,0,0,-1,0.0,0.056,0,0,0,0.0,0
3,edge_84004_311833,7,0,0,-1,0.42857142857142855,0.056,0,0,0,0.0,0
3,edge_20112_199362,6,0,0,-1,0.3333333333333333,0.048,0,0,0,0.0,0
3,43130,6,12,9,2,0.0,0.048,0,0,0,0.0,0
3,271947,6,12,1,5,0.0,0.048,0,0,0,0.0,0
3,23836,6,9,8,2,0.16666666666666666,0.048,1,1,2,0.5,0
3,52703,6,9,7,2,0.16666666666666666,0.048,0,1,1,0.0,1
3,24435,6,4,3,4,0.6666666666666666,0.048,0,0,0,0.0,0
3,13811,6,7,5,6,0.16666666666666666,0.048,0,0,0,0.0,0
3,124835,6,8,5,14,0.3333333333333333,0.048,0,0,0,0.0,0
3,19134,6,9,5,4,0.16666666666666666,0.048,0,0,0,0.0,0
3,edge_10816_169652,6,0,0,-1,0.0,0.048,1,2,3,0.3333333333333333,0
3,267281,6,7,4,3,0.3333333333333333,0.048,0,0,0,0.0,0
3,366324,6,6,2,7,0.5,0.048,0,0,0,0.0,0
3,183581,6,4,2,7,0.6666666666666666,0.048,0,0,0,0.0,0
3,153868,6,10,7,3,0.16666666666666666,0.048,0,0,0,0.0,0
3,42529,6,8,5,7,0.3333333333333333,0.048,0,0,0,0.0,0
3,173774,6,11,5,11,0.0,0.048,0,0,0,0.0,0
3,19862,6,7,5,12,0.3333333333333333,0.048,0,0,0,0.0,0
3,298064,6,6,4,11,0.5,0.048,0,0,0,0.0,0
3,298066,6,4,3,12,0.6666666666666666,0.048,0,0,0,0.0,0
3,309177,6,9,6,17,0.16666666666666666,0.048,0,0,0,0.0,0
3,94832,6,8,4,16,0.3333333333333333,0.048,0,0,0,0.0,0
3,387399,6,12,3,4,0.0,0.048,0,0,0,0.0,0
3,53039,6,7,6,3,0.3333333333333333,0.048,0,0,0,0.0,0
3,260340,6,10,7,5,0.16666666666666666,0.048,0,0,0,0.0,0
3,135689,6,12,4,4,0.0,0.048,0,0,0,0.0,0
3,185423,6,11,7,3,0.0,0.048,0,1,1,0.0,1
3,322394,6,8,1,4,0.3333333333333333,0.048,0,0,0,0.0,0
3,313512,6,8,2,5,0.3333333333333333,0.048,0,0,0,0.0,0
3,52123,6,10,6,7,0.16666666666666666,0.048,0,0,0,0.0,0
3,97862,6,8,5,6,0.16666666666666666,0.048,0,0,0,0.0,0
3,209969,6,10,3,8,0.16666666666666666,0.048,0,0,0,0.0,0
3,26881,6,6,5,5,0.5,0.048,0,0,0,0.0,0
3,89182,6,12,5,24,0.0,0.048,0,0,0,0.0,0
3,149111,6,6,2,25,0.5,0.048,0,0,0,0.0,0
3,8881,6,6,5,2,0.5,0.048,0,1,1,0.0,1
3,207494,6,8,1,4,0.3333333333333333,0.048,0,0,0,0.0,0
3,241354,6,14,3,3,0.0,0.048,0,0,0,0.0,0
3,261496,6,8,3,10,0.3333333333333333,0.048,0,0,0,0.0,0
3,24863,6,8,5,9,0.3333333333333333,0.048,0,0,0,0.0,0
3,324162,6,10,2,3,0.16666666666666666,0.048,0,0,0,0.0,0
3,59733,6,10,5,5,0.3333333333333333,0.048,0,0,0,0.0,0
3,182900,6,6,2,4,0.5,0.048,0,0,0,0.0,0
3,107943,6,8,4,3,0.3333333333333333,0.048,0,0,0,0.0,0
3,370923,6,9,5,11,0.0,0.048,0,0,0,0.0,0
3,244072,6,10,7,6,0.16666666666666666,0.048,0,0,0,0.0,0
3,421763,6,8,1,3,0.3333333333333333,0.048,0,0,0,0.0,0
3,750,6,10,7,5,0.16666666666666666,0.048,0,0,0,0.0,0
3,124666,6,12,1,5,0.0,0.048,0,0,0,0.0,0
3,165125,6,6,3,6,0.5,0.048,0,0,0,0.0,0
3,240069,6,6,2,5,0.5,0.048,0,0,0,0.0,0
3,70019,6,11,7,8,0.0,0.048,0,0,0,0.0,0
3,353684,6,6,1,10,0.5,0.048,0,0,0,0.0,0
3,364220,6,11,7,2,0.0,0.048,0,1,1,0.0,1
3,261346,6,8,4,3,0.3333333333333333,0.048,0,0,0,0.0,0
3,3831,6,10,5,6,0.3333333333333333,0.048,0,0,0,0.0,0
3,149688,6,10,6,3,0.16666666666666666,0.048,0,1,1,0.0,1
3,123508,6,7,4,4,0.3333333333333333,0.048,0,0,0,0.0,0
3,161525,6,12,6,5,0.0,0.048,0,0,0,0.0,0
3,232136,6,10,3,6,0.16666666666666666,0.048,0,0,0,0.0,0
3,148942,6,7,7,5,0.3333333333333333,0.048,0,0,0,0.0,0
3,39246,6,12,6,10,0.0,0.048,0,0,0,0.0,0
3,421521,6,11,2,5,0.0,0.048,0,0,0,0.0,0
3,edge_47489_59273,6,0,0,-1,0.5,0.048,0,0,0,0.0,0
3,edge_10816_56565,6,0,0,-1,0.0,0.048,0,0,0,0.0,0
3,edge_15821_364213,6,0,0,-1,0.3333333333333333,0.048,0,2,2,0.0,1
3,edge_94825_388306,6,0,0,-1,0.0,0.048,0,0,0,0.0,0
3,edge_15821_63002,6,0,0,-1,0.0,0.048,2,2,4,0.5,0
3,31437,6,5,4,3,0.3333333333333333,0.048,0,0,0,0.0,0
3,edge_71407_382103,6,0,0,-1,0.0,0.048,2,1,3,0.6666666666666666,0
3,111209,6,5,3,5,0.16666666666666666,0.048,0,0,0,0.0,0
3,edge_10816_22955,6,0,0,-1,0.0,0.048,0,0,0,0.0,0
3,edge_21946_339310,6,0,0,-1,0.0,0.048,7,1,8,0.875,0
3,edge_26556_315091,6,0,0,-1,0.3333333333333333,0.048,0,0,0,0.0,0
3,edge_56565_101750,6,0,0,-1,0.3333333333333333,0.048,0,0,0,0.0,0
3,edge_366531_387399,6,0,0,-1,0.3333333333333333,0.048,0,0,0,0.0,0
3,edge_7071_244686,6,0,0,-1,0.0,0.048,0,0,0,0.0,0
3,edge_73793_244686,6,0,0,-1,0.3333333333333333,0.048,0,0,0,0.0,0
3,edge_11082_25025,6,0,0,-1,0.0,0.048,0,0,0,0.0,0
3,edge_11082_415951,6,0,0,-1,0.3333333333333333,0.048,0,0,0,0.0,0
3,edge_17408_17409,6,0,0,-1,0.3333333333333333,0.048,0,0,0,0.0,0
3,edge_8211_64303,6,0,0,-1,0.3333333333333333,0.048,0,0,0,0.0,0
3,edge_64303_322394,6,0,0,-1,0.0,0.048,0,0,0,0.0,0
3,84011,6,5,5,7,0.16666666666666666,0.048,0,0,0,0.0,0
3,edge_23235_279921,6,0,0,-1,0.0,0.048,3,1,4,0.75,0
3,edge_85133_134005,6,0,0,-1,0.0,0.048,0,0,0,0.0,0
3,edge_67509_71661,6,0,0,-1,0.0,0.048,0,0,0,0.0,0
3,edge_71661_213836,6,0,0,-1,0.3333333333333333,0.048,0,0,0,0.0,0
3,edge_33971_93778,6,0,0,-1,0.16666666666666666,0.048,0,1,1,0.0,1
3,edge_34140_41891,6,0,0,-1,0.5,0.048,0,0,0,0.0,0
3,edge_49064_274746,6,0,0,-1,0.3333333333333333,0.048,0,0,0,0.0,0
3,edge_176293_324162,6,0,0,-1,0.0,0.048,0,0,0,0.0,0
3,edge_14134_17176,6,0,0,-1,0.5,0.048,0,0,0,0.0,0
3,edge_298726_417030,6,0,0,-1,0.0,0.048,0,1,1,0.0,1
3,edge_111902_298726,6,0,0,-1,0.0,0.048,0,0,0,0.0,0
3,edge_25661_28921,6,0,0,-1,0.3333333333333333,0.048,0,0,0,0.0,0
3,edge_331179_352060,6,0,0,-1,0.0,0.048,0,0,0,0.0,0
3,edge_364214_364217,6,0,0,-1,0.5,0.048,0,0,0,0.0,0
3,42699,6,8,6,2,0.16666666666666666,0.048,0,1,1,0.0,1
3,edge_8046_9912,6,0,0,-1,0.0,0.048,1,1,2,0.5,0
3,edge_38120_119656,6,0,0,-1,0.0,0.048,0,0,0,0.0,0
3,edge_21074_96228,6,0,0,-1,0.0,0.048,0,0,0,0.0,0
3,61510,5,8,5,3,0.2,0.04,0,0,0,0.0,0
3,edge_15821_56565,5,0,0,-1,0.0,0.04,0,1,1,0.0,1
3,47892,5,6,4,6,0.4,0.04,0,0,0,0.0,0
3,19285,5,8,6,4,0.2,0.04,0,0,0,0.0,0
3,22970,5,5,4,7,0.4,0.04,0,0,0,0.0,0
3,206001,5,5,3,12,0.4,0.04,0,0,0,0.0,0
3,edge_9336_21946,5,0,0,-1,0.0,0.04,2,2,4,0.5,0
3,169652,5,8,5,2,0.0,0.04,1,2,3,0.3333333333333333,0
3,edge_10816_267282,5,0,0,-1,0.0,0.04,0,0,0,0.0,0
3,207008,5,10,4,4,0.0,0.04,0,0,0,0.0,0
3,edge_152733_360225,5,0,0,-1,0.4,0.04,0,0,0,0.0,0
3,14514,5,6,4,4,0.2,0.04,0,0,0,0.0,0
3,164430,5,7,4,8,0.4,0.04,0,0,0,0.0,0
3,293982,5,6,4,7,0.4,0.04,0,0,0,0.0,0
3,362641,5,4,4,16,0.6,0.04,0,0,0,0.0,0
3,215382,5,8,5,18,0.2,0.04,0,0,0,0.0,0
3,292184,5,10,4,2,0.0,0.04,0,0,0,0.0,0
3,12074,5,10,4,3,0.0,0.04,0,0,0,0.0,0
3,28995,5,7,5,2,0.2,0.04,0,1,1,0.0,1
3,14442,5,8,6,3,0.2,0.04,0,0,0,0.0,0
3,edge_20093_93111,5,0,0,-1,0.0,0.04,0,0,0,0.0,0
3,17409,5,10,2,2,0.0,0.04,0,0,0,0.0,0
3,151148,5,6,5,3,0.4,0.04,0,0,0,0.0,0
3,201580,5,8,2,4,0.2,0.04,0,0,0,0.0,0
3,182956,5,4,1,10,0.6,0.04,0,0,0,0.0,0
3,22027,5,8,5,3,0.2,0.04,0,1,1,0.0,1
3,184606,5,5,4,7,0.4,0.04,0,0,0,0.0,0
3,216127,5,6,3,9,0.4,0.04,0,0,0,0.0,0
3,185211,5,8,2,12,0.2,0.04,0,0,0,0.0,0
3,104775,5,4,2,7,0.6,0.04,0,0,0,0.0,0
3,84672,5,5,4,7,0.4,0.04,0,0,0,0.0,0
3,341135,5,8,5,9,0.2,0.04,0,0,0,0.0,0
3,edge_68255_70073,5,0,0,-1,0.4,0.04,0,0,0,0.0,0
3,67509,5,10,1,19,0.0,0.04,0,0,0,0.0,0
3,372050,5,10,3,19,0.0,0.04,0,0,0,0.0,0
3,77901,5,4,2,21,0.6,0.04,0,0,0,0.0,0
3,119637,5,8,5,5,0.2,0.04,0,0,0,0.0,0
3,60120,5,4,3,13,0.6,0.04,0,0,0,0.0,0
3,364218,5,9,6,3,0.0,0.04,0,0,0,0.0,0
3,209161,5,6,4,4,0.4,0.04,0,0,0,0.0,0
3,edge_78813_84521,5,0,0,-1,0.4,0.04,0,0,0,0.0,0
3,170458,5,10,4,5,0.0,0.04,0,0,0,0.0,0
3,170456,5,10,5,6,0.0,0.04,0,0,0,0.0,0
3,198268,5,10,5,3,0.0,0.04,0,0,0,0.0,0
3,176293,5,9,3,3,0.0,0.04,0,0,0,0.0,0
3,edge_24602_26148,5,0,0,-1,0.2,0.04,0,0,0,0.0,0
3,170470,5,6,3,2,0.4,0.04,0,0,0,0.0,0
3,5721,5,7,6,3,0.2,0.04,0,0,0,0.0,0
3,301806,5,6,3,9,0.4,0.04,0,0,0,0.0,0
3,edge_94825_235003,5,0,0,-1,0.0,0.04,0,1,1,0.0,1
3,244073,5,7,5,6,0.2,0.04,0,0,0,0.0,0
3,292809,5,8,4,10,0.2,0.04,0,0,0,0.0,0
3,97083,5,5,3,12,0.4,0.04,0,0,0,0.0,0
3,25232,5,3,2,5,0.6,0.04,0,0,0,0.0,0
3,8548,5,8,4,5,0.2,0.04,0,0,0,0.0,0
3,33714,5,4,3,5,0.6,0.04,0,0,0,0.0,0
3,240406,5,8,5,3,0.2,0.04,0,0,0,0.0,0
3,157053,5,5,4,2,0.4,0.04,0,0,0,0.0,0
3,20895,5,8,6,6,0.2,0.04,0,0,0,0.0,0
3,24096,5,8,3,5,0.2,0.04,0,0,0,0.0,0
3,20810,5,9,4,3,0.0,0.04,0,0,0,0.0,0
3,333326,5,7,4,7,0.2,0.04,0,0,0,0.0,0
3,74356,5,6,2,2,0.4,0.04,1,1,2,0.5,0
3,239191,5,10,3,2,0.0,0.04,0,1,1,0.0,1
3,124081,5,3,3,15,0.4,0.04,0,0,0,0.0,0
3,135508,5,8,3,4,0.2,0.04,0,0,0,0.0,0
3,28931,5,8,5,3,0.2,0.04,0,0,0,0.0,0
3,215494,5,10,5,4,0.0,0.04,0,0,0,0.0,0
3,113230,5,6,4,4,0.4,0.04,0,0,0,0.0,0
3,4562,5,8,4,12,0.2,0.04,0,0,0,0.0,0
3,edge_67121_67123,5,0,0,-1,0.4,0.04,0,0,0,0.0,0
3,33973,5,10,6,5,0.0,0.04,0,0,0,0.0,0
3,143040,5,3,2,6,0.6,0.04,0,0,0,0.0,0
3,edge_243008_396548,5,0,0,-1,0.4,0.04,0,0,0,0.0,0
3,edge_42398_199362,5,0,0,-1,0.0,0.04,0,0,0,0.0,0
3,edge_5915_9912,5,0,0,-1,0.4,0.04,0,0,0,0.0,0
3,edge_15821_40802,5,0,0,-1,0.0,0.04,0,1,1,0.0,1
3,edge_40802_417030,5,0,0,-1,0.0,0.04,1,2,3,0.3333333333333333,0
3,edge_94825_241188,5,0,0,-1,0.0,0.04,0,0,0,0.0,0
3,edge_291840_374578,5,0,0,-1,0.4,0.04,0,0,0,0.0,0
3,edge_177459_207070,5,0,0,-1,0.4,0.04,0,1,1,0.0,1
3,edge_1597_9336,5,0,0,-1,0.4,0.04,0,2,2,0.0,1
3,42677,5,2,3,11,0.6,0.04,0,0,0,0.0,0
3,edge_10816_76334,5,0,0,-1,0.2,0.04,0,2,2,0.0,1
3,edge_10816_30126,5,0,0,-1,0.0,0.04,0,0,0,0.0,0
3,edge_23235_114226,5,0,0,-1,0.2,0.04,0,0,0,0.0,0
3,edge_56562_69488,5,0,0,-1,0.4,0.04,0,0,0,0.0,0
3,edge_56562_59076,5,0,0,-1,0.0,0.04,0,0,0,0.0,0
3,edge_8131_23235,5,0,0,-1,0.0,0.04,0,1,1,0.0,1
3,edge_23345_56565,5,0,0,-1,0.0,0.04,0,0,0,0.0,0
3,edge_28226_59539,5,0,0,-1,0.4,0.04,0,0,0,0.0,0
3,edge_6115_10816,5,0,0,-1,0.0,0.04,0,0,0,0.0,0
3,edge_250622_252140,5,0,0,-1,0.0,0.04,0,0,0,0.0,0
3,edge_252140_252141,5,0,0,-1,0.0,0.04,0,0,0,0.0,0
3,edge_15821_225616,5,0,0,-1,0.0,0.04,0,1,1,0.0,1
3,edge_22955_117331,5,0,0,-1,0.0,0.04,0,0,0,0.0,0
3,325445,5,5,2,5,0.0,0.04,0,0,0,0.0,0
3,71869,5,4,4,5,0.2,0.04,0,0,0,0.0,0
3,edge_71407_246579,5,0,0,-1,0.2,0.04,0,0,0,0.0,0
3,170995,5,4,4,4,0.2,0.04,0,0,0,0.0,0
3,edge_15821_239079,5,0,0,-1,0.2,0.04,0,0,0,0.0,0
3,edge_15821_120663,5,0,0,-1,0.4,0.04,0,1,1,0.0,1
3,edge_29897_64303,5,0,0,-1,0.0,0.04,0,0,0,0.0,0
3,edge_52746_64303,5,0,0,-1,0.2,0.04,0,0,0,0.0,0
3,edge_80242_423053,5,0,0,-1,0.0,0.04,0,0,0,0.0,0
3,423053,5,3,1,6,0.4,0.04,0,0,0,0.0,0
3,edge_50828_141713,5,0,0,-1,0.0,0.04,0,0,0,0.0,0
3,edge_56565_71407,5,0,0,-1,0.0,0.04,0,1,1,0.0,1
3,edge_209969_209970,5,0,0,-1,0.0,0.04,0,0,0,0.0,0
3,edge_23198_57651,5,0,0,-1,0.4,0.04,0,0,0,0.0,0
3,edge_35542_283213,5,0,0,-1,0.2,0.04,0,0,0,0.0,0
3,edge_67304_225183,5,0,0,-1,0.0,0.04,0,0,0,0.0,0
3,edge_134005_136491,5,0,0,-1,0.0,0.04,0,0,0,0.0,0
3,edge_70073_136491,5,0,0,-1,0.0,0.04,0,0,0,0.0,0
3,edge_40402_70073,5,0,0,-1,0.4,0.04,0,0,0,0.0,0
3,56291,5,4,5,17,0.2,0.04,0,0,0,0.0,0
3,edge_89182_326435,5,0,0,-1,0.0,0.04,0,0,0,0.0,0
3,edge_93778_120039,5,0,0,-1,0.0,0.04,0,0,0,0.0,0
3,edge_120039_241354,5,0,0,-1,0.0,0.04,0,0,0,0.0,0
3,edge_53044_241354,5,0,0,-1,0.4,0.04,0,0,0,0.0,0
3,edge_82061_161142,5,0,0,-1,0.0,0.04,0,0,0,0.0,0
3,edge_18873_38801,5,0,0,-1,0.0,0.04,0,0,0,0.0,0
3,edge_364214_364218,5,0,0,-1,0.0,0.04,0,0,0,0.0,0
3,edge_63296_92923,5,0,0,-1,0.4,0.04,0,0,0,0.0,0
3,edge_198268_274746,5,0,0,-1,0.0,0.04,0,0,0,0.0,0
3,edge_123386_263481,5,0,0,-1,0.0,0.04,0,0,0,0.0,0
3,edge_269436_388306,5,0,0,-1,0.4,0.04,0,0,0,0.0,0
3,edge_40802_421763,5,0,0,-1,0.0,0.04,0,0,0,0.0,0
3,edge_56233_221287,5,0,0,-1,0.4,0.04,0,0,0,0.0,0
3,edge_176443_307640,5,0,0,-1,0.4,0.04,0,0,0,0.0,0
3,331179,5,5,5,8,0.0,0.04,0,0,0,0.0,0
3,edge_70019_350236,5,0,0,-1,0.0,0.04,0,0,0,0.0,0
3,edge_350236_353684,5,0,0,-1,0.0,0.04,0,0,0,0.0,0
3,edge_377247_412496,5,0,0,-1,0.0,0.04,0,0,0,0.0,0
3,edge_190950_356161,5,0,0,-1,0.4,0.04,0,0,0,0.0,0
3,edge_80570_309819,5,0,0,-1,0.0,0.04,0,0,0,0.0,0
3,edge_15821_120664,5,0,0,-1,0.4,0.04,0,0,0,0.0,0
3,edge_36868_85029,5,0,0,-1,0.0,0.04,0,0,0,0.0,0
3,edge_71413_345913,5,0,0,-1,0.0,0.04,0,0,0,0.0,0
3,edge_71413_324429,5,0,0,-1,0.0,0.04,0,0,0,0.0,0
3,edge_212722_217223,5,0,0,-1,0.0,0.04,0,0,0,0.0,0
3,edge_9912_363914,5,0,0,-1,0.0,0.04,0,0,0,0.0,0
3,edge_138066_251398,5,0,0,-1,0.0,0.04,0,0,0,0.0,0
3,edge_146324_151351,5,0,0,-1,0.0,0.04,0,0,0,0.0,0
3,edge_13461_29852,5,0,0,-1,0.0,0.04,0,0,0,0.0,0
3,edge_69252_399553,5,0,0,-1,0.0,0.04,0,0,0,0.0,0
3,396549,5,5,4,9,0.2,0.04,0,0,0,0.0,0
3,58166,4,6,5,2,0.25,0.032,0,0,0,0.0,0
3,42398,4,10,6,3,0.0,0.032,0,0,0,0.0,0
3,edge_156999_266187,4,0,0,-1,0.0,0.032,0,0,0,0.0,0
3,22534,4,6,4,6,0.0,0.032,0,0,0,0.0,0
3,33434,4,8,5,2,0.0,0.032,1,1,2,0.5,0
3,2797,4,4,3,4,0.5,0.032,0,1,1,0.0,1
3,37774,4,3,3,2,0.5,0.032,0,0,0,0.0,0
3,164426,4,7,5,6,0.0,0.032,0,0,0,0.0,0
3,53853,4,7,6,7,0.0,0.032,0,0,0,0.0,0
3,193568,4,6,3,9,0.0,0.032,0,0,0,0.0,0
3,edge_193568_374578,4,0,0,-1,0.0,0.032,0,0,0,0.0,0
3,edge_71407_389173,4,0,0,-1,0.0,0.032,0,0,0,0.0,0
3,6532,4,4,4,3,0.5,0.032,2,1,3,0.6666666666666666,0
3,edge_13811_91589,4,0,0,-1,0.0,0.032,0,0,0,0.0,0
3,91589,4,5,2,7,0.0,0.032,0,0,0,0.0,0
3,edge_158093_246869,4,0,0,-1,0.5,0.032,0,0,0,0.0,0
3,61784,4,8,5,10,0.0,0.032,0,0,0,0.0,0
3,36454,4,8,6,13,0.0,0.032,0,0,0,0.0,0
3,72095,4,6,3,15,0.25,0.032,0,0,0,0.0,0
3,4912,4,6,4,7,0.25,0.032,0,0,0,0.0,0
3,105929,4,6,3,14,0.25,0.032,0,0,0,0.0,0
3,137754,4,6,2,2,0.25,0.032,0,1,1,0.0,1
3,181694,4,6,3,8,0.25,0.032,0,0,0,0.0,0
3,edge_152733_299343,4,0,0,-1,0.0,0.032,0,0,0,0.0,0
3,262528,4,6,2,7,0.25,0.032,0,0,0,0.0,0
3,56090,4,5,4,10,0.25,0.032,0,0,0,0.0,0
3,edge_126424_401704,4,0,0,-1,0.25,0.032,0,0,0,0.0,0
3,375088,4,4,4,17,0.25,0.032,0,0,0,0.0,0
3,309178,4,4,3,18,0.5,0.032,0,0,0,0.0,0
3,95540,4,6,3,3,0.25,0.032,0,0,0,0.0,0
3,edge_52055_315091,4,0,0,-1,0.0,0.032,0,0,0,0.0,0
3,6045,4,5,4,3,0.25,0.032,1,1,2,0.5,0
3,1869,4,6,4,6,0.25,0.032,1,1,2,0.5,0
3,370514,4,2,2,6,0.75,0.032,0,0,0,0.0,0
3,25025,4,8,1,7,0.0,0.032,0,0,0,0.0,0
3,26968,4,6,4,4,0.25,0.032,0,0,0,0.0,0
3,7651,4,6,5,4,0.0,0.032,0,0,0,0.0,0
3,27021,4,8,6,2,0.0,0.032,0,0,0,0.0,0
3,66180,4,6,4,6,0.25,0.032,0,0,0,0.0,0
3,189917,4,8,5,4,0.0,0.032,0,0,0,0.0,0
3,33126,4,8,8,4,0.0,0.032,0,0,0,0.0,0
3,274423,4,4,1,9,0.5,0.032,0,0,0,0.0,0
3,30044,4,6,3,7,0.25,0.032,0,0,0,0.0,0
3,59813,4,6,5,9,0.25,0.032,0,0,0,0.0,0
3,206246,4,7,4,10,0.0,0.032,0,0,0,0.0,0
3,40380,4,8,5,8,0.0,0.032,0,0,0,0.0,0
3,122937,4,3,3,8,0.5,0.032,0,0,0,0.0,0
3,67304,4,8,4,3,0.0,0.032,0,0,0,0.0,0
3,225183,4,8,1,4,0.0,0.032,0,0,0,0.0,0
3,136491,4,8,2,15,0.0,0.032,0,0,0,0.0,0
3,215615,4,6,1,19,0.25,0.032,0,0,0,0.0,0
3,340242,4,8,4,20,0.0,0.032,0,0,0,0.0,0
3,50856,4,6,5,5,0.25,0.032,0,0,0,0.0,0
3,83588,4,7,4,3,0.0,0.032,0,0,0,0.0,0
3,22371,4,5,4,4,0.25,0.032,0,0,0,0.0,0
3,edge_7213_120039,4,0,0,-1,0.0,0.032,0,0,0,0.0,0
3,46181,4,1,2,4,0.75,0.032,0,0,0,0.0,0
3,91071,4,6,3,3,0.25,0.032,0,0,0,0.0,0
3,127006,4,3,3,8,0.5,0.032,0,0,0,0.0,0
3,edge_22531_86307,4,0,0,-1,0.0,0.032,0,0,0,0.0,0
3,78660,4,4,3,2,0.5,0.032,0,0,0,0.0,0
3,338363,4,10,2,5,0.0,0.032,0,0,0,0.0,0
3,1899,4,8,5,3,0.0,0.032,0,0,0,0.0,0
3,270591,4,6,3,4,0.25,0.032,0,0,0,0.0,0
3,edge_104173_241667,4,0,0,-1,0.5,0.032,0,0,0,0.0,0
3,188294,4,4,2,6,0.5,0.032,0,0,0,0.0,0
3,374830,4,6,4,7,0.0,0.032,0,0,0,0.0,0
3,148086,4,7,4,7,0.0,0.032,0,0,0,0.0,0
3,23003,4,9,5,4,0.0,0.032,0,0,0,0.0,0
3,30188,4,7,3,5,0.0,0.032,0,0,0,0.0,0
3,79615,4,6,2,5,0.25,0.032,0,0,0,0.0,0
3,339499,4,4,2,5,0.5,0.032,0,0,0,0.0,0
3,69192,4,2,2,5,0.75,0.032,0,0,0,0.0,0
3,357425,4,6,2,4,0.25,0.032,0,0,0,0.0,0
3,261866,4,2,2,6,0.75,0.032,0,0,0,0.0,0
3,edge_21749_164655,4,0,0,-1,0.25,0.032,0,0,0,0.0,0
3,83495,4,8,4,8,0.0,0.032,0,0,0,0.0,0
3,33605,4,6,5,4,0.25,0.032,0,0,0,0.0,0
3,123505,4,5,4,5,0.25,0.032,0,0,0,0.0,0
3,76299,4,8,4,4,0.0,0.032,0,0,0,0.0,0
3,212948,4,4,3,4,0.5,0.032,0,0,0,0.0,0
3,77158,4,5,4,6,0.25,0.032,0,0,0,0.0,0
3,170442,4,8,3,7,0.25,0.032,0,0,0,0.0,0
3,193285,4,3,3,3,0.5,0.032,0,0,0,0.0,0
3,3979,4,6,3,6,0.25,0.032,0,0,0,0.0,0
3,6754,4,6,4,2,0.25,0.032,0,0,0,0.0,0
3,70062,4,8,4,7,0.0,0.032,0,0,0,0.0,0
3,257962,4,4,3,8,0.5,0.032,0,0,0,0.0,0
3,46970,4,6,4,9,0.0,0.032,0,0,0,0.0,0
3,21975,4,6,4,10,0.25,0.032,0,0,0,0.0,0
3,26170,4,7,4,4,0.0,0.032,0,0,0,0.0,0
3,88200,4,6,4,7,0.25,0.032,0,0,0,0.0,0
3,80570,4,8,3,10,0.0,0.032,0,0,0,0.0,0
3,160120,4,7,4,2,0.0,0.032,1,1,2,0.5,0
3,201637,4,5,3,3,0.25,0.032,0,1,1,0.0,1
3,295966,4,6,4,9,0.25,0.032,0,0,0,0.0,0
3,85029,4,8,1,10,0.0,0.032,0,0,0,0.0,0
3,edge_88780_120000,4,0,0,-1,0.0,0.032,0,0,0,0.0,0
3,205798,4,4,3,14,0.25,0.032,0,0,0,0.0,0
3,345913,4,4,1,17,0.5,0.032,0,0,0,0.0,0
3,353345,4,8,2,17,0.0,0.032,0,0,0,0.0,0
3,386428,4,3,4,3,0.5,0.032,0,0,0,0.0,0
3,363914,4,6,1,3,0.25,0.032,0,0,0,0.0,0
3,8046,4,8,2,3,0.0,0.032,0,1,1,0.0,1
3,337006,4,8,1,6,0.0,0.032,0,0,0,0.0,0
3,364216,4,3,3,3,0.5,0.032,0,0,0,0.0,0
3,376192,4,8,2,4,0.0,0.032,0,0,0,0.0,0
3,316292,4,4,1,7,0.5,0.032,0,0,0,0.0,0
3,143451,4,4,3,5,0.5,0.032,0,0,0,0.0,0
3,202628,4,8,4,3,0.0,0.032,0,0,0,0.0,0
3,edge_51274_146324,4,0,0,-1,0.5,0.032,0,0,0,0.0,0
3,56682,4,8,4,11,0.0,0.032,0,0,0,0.0,0
3,115971,4,2,2,21,0.75,0.032,0,0,0,0.0,0
3,290321,4,6,4,6,0.25,0.032,0,1,1,0.0,1
3,edge_311833_421521,4,0,0,-1,0.0,0.032,0,0,0,0.0,0
3,179613,4,7,5,6,0.25,0.032,0,0,0,0.0,0
3,239469,4,6,4,6,0.25,0.032,0,0,0,0.0,0
3,310028,4,4,2,7,0.5,0.032,0,0,0,0.0,0
3,8786,4,5,4,4,0.25,0.032,0,0,0,0.0,0
3,404574,4,3,3,9,0.5,0.032,0,0,0,0.0,0
3,367687,4,2,2,10,0.75,0.032,0,0,0,0.0,0
3,edge_9912_169429,4,0,0,-1,0.5,0.032,0,0,0,0.0,0
3,edge_15821_143508,4,0,0,-1,0.0,0.032,0,0,0,0.0,0
3,edge_15821_305604,4,0,0,-1,0.0,0.032,0,0,0,0.0,0
3,edge_15821_162233,4,0,0,-1,0.25,0.032,0,0,0,0.0,0
3,edge_15821_224853,4,0,0,-1,0.0,0.032,0,0,0,0.0,0
3,edge_84932_224853,4,0,0,-1,0.5,0.032,0,0,0,0.0,0
3,edge_224853_253221,4,0,0,-1,0.25,0.032,0,0,0,0.0,0
3,85537,4,3,3,4,0.25,0.032,0,0,0,0.0,0
3,edge_156999_275832,4,0,0,-1,0.0,0.032,0,0,0,0.0,0
3,edge_156999_188136,4,0,0,-1,0.25,0.032,0,0,0,0.0,0
3,edge_15821_180842,4,0,0,-1,0.0,0.032,1,1,2,0.5,0
3,edge_15821_180361,4,0,0,-1,0.0,0.032,0,2,2,0.0,1
3,edge_31437_142334,4,0,0,-1,0.5,0.032,0,0,0,0.0,0
3,edge_53611_382103,4,0,0,-1,0.0,0.032,0,1,1,0.0,1
3,edge_111209_177459,4,0,0,-1,0.0,0.032,0,0,0,0.0,0
3,edge_22955_55062,4,0,0,-1,0.25,0.032,0,0,0,0.0,0
3,edge_10816_170470,4,0,0,-1,0.0,0.032,0,0,0,0.0,0
3,edge_17409_59273,4,0,0,-1,0.0,0.032,0,0,0,0.0,0
3,edge_23235_59273,4,0,0,-1,0.0,0.032,1,3,4,0.25,0
3,edge_23235_52099,4,0,0,-1,0.0,0.032,1,1,2,0.5,0
3,edge_262528_262529,4,0,0,-1,0.0,0.032,0,0,0,0.0,0
3,edge_71407_263138,4,0,0,-1,0.25,0.032,0,1,1,0.0,1
3,edge_173228_173774,4,0,0,-1,0.5,0.032,0,0,0,0.0,0
3,edge_11833_71407,4,0,0,-1,0.0,0.032,0,0,0,0.0,0
3,236389,4,4,5,14,0.0,0.032,0,0,0,0.0,0
3,edge_162233_292184,4,0,0,-1,0.5,0.032,0,0,0,0.0,0
3,edge_52055_331023,4,0,0,-1,0.25,0.032,0,0,0,0.0,0
3,edge_10816_37851,4,0,0,-1,0.5,0.032,0,2,2,0.0,1
3,edge_19758_201688,4,0,0,-1,0.5,0.032,0,0,0,0.0,0
3,edge_10816_28995,4,0,0,-1,0.0,0.032,0,1,1,0.0,1
3,edge_252140_415951,4,0,0,-1,0.25,0.032,0,0,0,0.0,0
3,edge_287752_287754,4,0,0,-1,0.25,0.032,0,0,0,0.0,0
3,edge_22955_198268,4,0,0,-1,0.0,0.032,0,0,0,0.0,0
3,edge_7651_325445,4,0,0,-1,0.0,0.032,0,0,0,0.0,0
3,60025,4,3,5,4,0.25,0.032,0,0,0,0.0,0
3,edge_131770_319759,4,0,0,-1,0.0,0.032,0,0,0,0.0,0
3,edge_56565_58183,4,0,0,-1,0.25,0.032,0,1,1,0.0,1
3,edge_59273_93111,4,0,0,-1,0.0,0.032,0,1,1,0.0,1
3,edge_156748_170995,4,0,0,-1,0.5,0.032,0,0,0,0.0,0
3,edge_41345_313512,4,0,0,-1,0.0,0.032,0,0,0,0.0,0
3,182955,4,4,3,9,0.0,0.032,0,0,0,0.0,0
3,edge_182955_182956,4,0,0,-1,0.0,0.032,0,0,0,0.0,0
3,edge_61690_232554,4,0,0,-1,0.5,0.032,0,0,0,0.0,0
3,86301,4,4,5,10,0.0,0.032,0,0,0,0.0,0
3,edge_33839_257195,4,0,0,-1,0.25,0.032,0,0,0,0.0,0
3,edge_19294_171455,4,0,0,-1,0.25,0.032,0,0,0,0.0,0
3,edge_49830_171455,4,0,0,-1,0.5,0.032,0,0,0,0.0,0
3,edge_19294_57651,4,0,0,-1,0.25,0.032,0,0,0,0.0,0
3,edge_114226_225616,4,0,0,-1,0.25,0.032,0,0,0,0.0,0
3,edge_70073_134004,4,0,0,-1,0.25,0.032,0,0,0,0.0,0
3,edge_372049_372050,4,0,0,-1,0.5,0.032,0,0,0,0.0,0
3,edge_89182_149111,4,0,0,-1,0.0,0.032,0,0,0,0.0,0
3,edge_56565_114226,4,0,0,-1,0.25,0.032,0,0,0,0.0,0
3,edge_120039_223135,4,0,0,-1,0.0,0.032,0,0,0,0.0,0
3,edge_120039_161142,4,0,0,-1,0.0,0.032,0,0,0,0.0,0
3,edge_26076_34140,4,0,0,-1,0.5,0.032,0,0,0,0.0,0
3,edge_28641_366792,4,0,0,-1,0.0,0.032,0,0,0,0.0,0
3,edge_38801_38802,4,0,0,-1,0.0,0.032,0,0,0,0.0,0
3,edge_364212_364214,4,0,0,-1,0.0,0.032,1,1,2,0.5,0
3,edge_364214_364216,4,0,0,-1,0.0,0.032,0,0,0,0.0,0
3,edge_17954_22531,4,0,0,-1,0.5,0.032,0,0,0,0.0,0
3,edge_288980_323033,4,0,0,-1,0.25,0.032,0,0,0,0.0,0
3,edge_5721_263481,4,0,0,-1,0.0,0.032,0,0,0,0.0,0
3,11635,4,3,3,4,0.5,0.032,0,0,0,0.0,0
3,edge_13013_182900,4,0,0,-1,0.0,0.032,0,0,0,0.0,0
3,edge_94825_307630,4,0,0,-1,0.5,0.032,0,0,0,0.0,0
3,edge_49516_339500,4,0,0,-1,0.0,0.032,0,0,0,0.0,0
3,edge_17599_61448,4,0,0,-1,0.5,0.032,0,0,0,0.0,0
3,edge_17599_84932,4,0,0,-1,0.5,0.032,0,0,0,0.0,0
3,edge_49879_56233,4,0,0,-1,0.0,0.032,0,0,0,0.0,0
3,edge_4392_9934,4,0,0,-1,0.0,0.032,0,0,0,0.0,0
3,edge_3137_9567,4,0,0,-1,0.5,0.032,0,0,0,0.0,0
3,edge_84265_179970,4,0,0,-1,0.25,0.032,0,0,0,0.0,0
3,edge_73181_163608,4,0,0,-1,0.0,0.032,0,0,0,0.0,0
3,edge_35917_382663,4,0,0,-1,0.0,0.032,0,0,0,0.0,0
3,edge_17490_70724,4,0,0,-1,0.5,0.032,0,0,0,0.0,0
3,edge_28921_181280,4,0,0,-1,0.0,0.032,0,0,0,0.0,0
3,331201,4,2,2,10,0.5,0.032,0,0,0,0.0,0
3,edge_106934_143949,4,0,0,-1,0.5,0.032,0,0,0,0.0,0
3,edge_6577_309819,4,0,0,-1,0.0,0.032,0,0,0,0.0,0
3,edge_15821_239191,4,0,0,-1,0.0,0.032,0,1,1,0.0,1
3,edge_364212_364215,4,0,0,-1,0.0,0.032,0,0,0,0.0,0
3,edge_364214_364215,4,0,0,-1,0.0,0.032,0,2,2,0.0,1
3,edge_195511_212722,4,0,0,-1,0.25,0.032,0,0,0,0.0,0
3,edge_58415_251398,4,0,0,-1,0.0,0.032,0,0,0,0.0,0
3,edge_20506_38069,4,0,0,-1,0.25,0.032,0,0,0,0.0,0
3,edge_17915_38069,4,0,0,-1,0.0,0.032,0,0,0,0.0,0
3,edge_183380_376192,4,0,0,-1,0.25,0.032,0,0,0,0.0,0
3,edge_103525_316292,4,0,0,-1,0.0,0.032,0,0,0,0.0,0
3,edge_90860_103525,4,0,0,-1,0.25,0.032,0,0,0,0.0,0
3,edge_151351_202628,4,0,0,-1,0.0,0.032,0,0,0,0.0,0
3,edge_139275_146324,4,0,0,-1,0.5,0.032,0,0,0,0.0,0
3,edge_12912_218620,4,0,0,-1,0.5,0.032,0,0,0,0.0,0
3,edge_96228_370689,4,0,0,-1,0.5,0.032,0,0,0,0.0,0
3,edge_96228_302698,4,0,0,-1,0.25,0.032,0,0,0,0.0,0
3,edge_210411_232136,4,0,0,-1,0.0,0.032,0,0,0,0.0,0
3,edge_97421_298050,4,0,0,-1,0.0,0.032,0,0,0,0.0,0
3,edge_4562_67121,4,0,0,-1,0.0,0.032,0,0,0,0.0,0
3,edge_67120_67123,4,0,0,-1,0.25,0.032,0,0,0,0.0,0
3,edge_36404_38753,4,0,0,-1,0.5,0.032,0,0,0,0.0,0
3,edge_69252_126892,4,0,0,-1,0.0,0.032,0,0,0,0.0,0
3,edge_5930_40443,4,0,0,-1,0.5,0.032,0,0,0,0.0,0
3,edge_80188_110476,3,0,0,-1,0.0,0.024,0,0,0,0.0,0
3,266187,3,4,2,4,0.0,0.024,0,0,0,0.0,0
3,edge_94825_196467,3,0,0,-1,0.0,0.024,0,0,0,0.0,0
3,edge_374578_378158,3,0,0,-1,0.0,0.024,0,0,0,0.0,0
3,edge_71407_226095,3,0,0,-1,0.3333333333333333,0.024,0,0,0,0.0,0
3,351296,3,6,2,5,0.0,0.024,0,0,0,0.0,0
3,30877,3,6,6,4,0.0,0.024,0,0,0,0.0,0
3,21055,3,6,5,4,0.0,0.024,0,0,0,0.0,0
3,155277,3,6,3,8,0.3333333333333333,0.024,0,0,0,0.0,0
3,62264,3,2,3,4,0.6666666666666666,0.024,0,0,0,0.0,0
3,37298,3,5,4,5,0.0,0.024,0,0,0,0.0,0
3,116735,3,6,3,15,0.0,0.024,0,0,0,0.0,0
3,60652,3,6,4,4,0.0,0.024,0,0,0,0.0,0
3,113549,3,4,3,3,0.3333333333333333,0.024,0,0,0,0.0,0
3,397661,3,5,3,5,0.0,0.024,0,0,0,0.0,0
3,72446,3,4,3,7,0.3333333333333333,0.024,0,0,0,0.0,0
3,57571,3,6,4,9,0.0,0.024,0,0,0,0.0,0
3,47049,3,6,5,7,0.0,0.024,0,0,0,0.0,0
3,edge_40802_298726,3,0,0,-1,0.0,0.024,0,0,0,0.0,0
3,206494,3,2,3,3,0.3333333333333333,0.024,0,0,0,0.0,0
3,23863,3,2,2,8,0.6666666666666666,0.024,0,0,0,0.0,0
3,edge_173774_401704,3,0,0,-1,0.0,0.024,0,0,0,0.0,0
3,edge_14308_188336,3,0,0,-1,0.0,0.024,0,0,0,0.0,0
3,247081,3,5,5,10,0.0,0.024,0,0,0,0.0,0
3,258317,3,4,2,12,0.3333333333333333,0.024,0,0,0,0.0,0
3,170035,3,6,4,13,0.0,0.024,0,0,0,0.0,0
3,275407,3,4,3,18,0.3333333333333333,0.024,0,0,0,0.0,0
3,edge_370800_375088,3,0,0,-1,0.0,0.024,0,0,0,0.0,0
3,12593,3,6,4,4,0.0,0.024,0,0,0,0.0,0
3,23061,3,5,5,4,0.0,0.024,1,1,2,0.5,0
3,19758,3,6,2,5,0.0,0.024,0,0,0,0.0,0
3,97756,3,3,3,7,0.3333333333333333,0.024,0,0,0,0.0,0
3,edge_11082_15556,3,0,0,-1,0.0,0.024,0,0,0,0.0,0
3,28596,3,4,3,4,0.3333333333333333,0.024,0,0,0,0.0,0
3,26292,3,6,2,3,0.0,0.024,0,0,0,0.0,0
3,edge_71869_127175,3,0,0,-1,0.0,0.024,0,0,0,0.0,0
3,196638,3,1,2,5,0.6666666666666666,0.024,0,0,0,0.0,0
3,edge_11833_110993,3,0,0,-1,0.0,0.024,0,0,0,0.0,0
3,92447,3,2,2,4,0.6666666666666666,0.024,0,0,0,0.0,0
3,49537,3,6,3,4,0.0,0.024,0,0,0,0.0,0
3,97640,3,4,3,7,0.3333333333333333,0.024,0,0,0,0.0,0
3,157889,3,6,2,3,0.0,0.024,0,1,1,0.0,1
3,edge_64303_354883,3,0,0,-1,0.0,0.024,0,0,0,0.0,0
3,242733,3,4,3,7,0.3333333333333333,0.024,0,0,0,0.0,0
3,102960,3,6,4,4,0.0,0.024,0,0,0,0.0,0
3,234884,3,4,3,6,0.0,0.024,0,0,0,0.0,0
3,edge_45311_234707,3,0,0,-1,0.0,0.024,0,0,0,0.0,0
3,45685,3,4,5,6,0.3333333333333333,0.024,0,0,0,0.0,0
3,152580,3,3,3,5,0.3333333333333333,0.024,0,0,0,0.0,0
3,edge_19516_65168,3,0,0,-1,0.3333333333333333,0.024,0,0,0,0.0,0
3,338946,3,4,2,10,0.3333333333333333,0.024,0,0,0,0.0,0
3,50829,3,4,2,12,0.3333333333333333,0.024,0,0,0,0.0,0
3,36909,3,6,4,4,0.0,0.024,0,0,0,0.0,0
3,16803,3,5,4,5,0.0,0.024,0,0,0,0.0,0
3,19313,3,6,4,6,0.0,0.024,0,0,0,0.0,0
3,256974,3,6,4,15,0.0,0.024,0,0,0,0.0,0
3,330478,3,5,4,19,0.0,0.024,0,0,0,0.0,0
3,54246,3,4,3,2,0.3333333333333333,0.024,1,1,2,0.5,0
3,6794,3,2,4,3,0.6666666666666666,0.024,0,0,0,0.0,0
3,366792,3,5,3,4,0.0,0.024,0,0,0,0.0,0
3,89348,3,4,3,7,0.3333333333333333,0.024,0,0,0,0.0,0
3,223223,3,2,2,7,0.6666666666666666,0.024,0,0,0,0.0,0
3,103671,3,4,3,3,0.3333333333333333,0.024,0,0,0,0.0,0
3,975,3,4,3,4,0.3333333333333333,0.024,0,0,0,0.0,0
3,13436,3,2,2,5,0.6666666666666666,0.024,0,0,0,0.0,0
3,edge_52703_104173,3,0,0,-1,0.0,0.024,0,0,0,0.0,0
3,24802,3,4,3,4,0.3333333333333333,0.024,0,1,1,0.0,1
3,edge_24602_24800,3,0,0,-1,0.0,0.024,0,0,0,0.0,0
3,123386,3,4,2,5,0.3333333333333333,0.024,0,0,0,0.0,0
3,234107,3,6,3,4,0.0,0.024,0,0,0,0.0,0
3,18568,3,5,4,2,0.0,0.024,0,0,0,0.0,0
3,15501,3,5,3,4,0.0,0.024,0,0,0,0.0,0
3,edge_370923_380921,3,0,0,-1,0.3333333333333333,0.024,0,0,0,0.0,0
3,286412,3,6,3,5,0.0,0.024,0,0,0,0.0,0
3,edge_339492_339504,3,0,0,-1,0.0,0.024,0,0,0,0.0,0
3,39913,3,3,4,4,0.3333333333333333,0.024,0,0,0,0.0,0
3,87272,3,6,4,7,0.0,0.024,0,0,0,0.0,0
3,79190,3,6,2,9,0.0,0.024,0,0,0,0.0,0
3,235224,3,4,3,8,0.3333333333333333,0.024,0,0,0,0.0,0
3,edge_3402_25232,3,0,0,-1,0.0,0.024,0,0,0,0.0,0
3,163608,3,6,1,5,0.0,0.024,0,0,0,0.0,0
3,116531,3,5,5,4,0.0,0.024,0,0,0,0.0,0
3,251517,3,6,3,5,0.0,0.024,0,0,0,0.0,0
3,24324,3,2,2,4,0.6666666666666666,0.024,0,0,0,0.0,0
3,412496,3,6,2,12,0.0,0.024,0,0,0,0.0,0
3,15251,3,3,3,6,0.3333333333333333,0.024,0,0,0,0.0,0
3,edge_15821_58183,3,0,0,-1,0.0,0.024,0,1,1,0.0,1
3,184124,3,4,3,4,0.3333333333333333,0.024,0,0,0,0.0,0
3,107782,3,6,4,5,0.0,0.024,0,0,0,0.0,0
3,63002,3,6,1,2,0.0,0.024,0,2,2,0.0,1
3,62841,3,6,4,17,0.0,0.024,0,0,0,0.0,0
3,10077,3,4,3,4,0.3333333333333333,0.024,0,0,0,0.0,0
3,edge_7071_200859,3,0,0,-1,0.0,0.024,0,0,0,0.0,0
3,200859,3,1,1,5,0.6666666666666666,0.024,0,0,0,0.0,0
3,103473,3,6,4,5,0.0,0.024,0,0,0,0.0,0
3,377148,3,6,2,7,0.0,0.024,0,0,0,0.0,0
3,edge_103525_339431,3,0,0,-1,0.3333333333333333,0.024,0,0,0,0.0,0
3,210411,3,4,1,7,0.3333333333333333,0.024,0,0,0,0.0,0
3,97421,3,5,4,6,0.0,0.024,0,0,0,0.0,0
3,313995,3,4,1,11,0.3333333333333333,0.024,0,0,0,0.0,0
3,29852,3,6,2,13,0.0,0.024,0,0,0,0.0,0
3,edge_67120_67122,3,0,0,-1,0.0,0.024,0,0,0,0.0,0
3,40569,3,6,2,17,0.0,0.024,0,0,0,0.0,0
3,265123,3,5,4,5,0.0,0.024,0,1,1,0.0,1
3,edge_56593_311833,3,0,0,-1,0.0,0.024,0,0,0,0.0,0
3,109414,3,5,4,6,0.0,0.024,0,0,0,0.0,0
3,58209,3,4,4,4,0.3333333333333333,0.024,0,0,0,0.0,0
3,edge_94458_279738,3,0,0,-1,0.3333333333333333,0.024,0,0,0,0.0,0
3,79992,3,4,4,11,0.3333333333333333,0.024,0,0,0,0.0,0
3,edge_141620_218971,3,0,0,-1,0.3333333333333333,0.024,0,0,0,0.0,0
3,edge_85124_218971,3,0,0,-1,0.0,0.024,0,0,0,0.0,0
3,edge_17599_224853,3,0,0,-1,0.0,0.024,0,0,0,0.0,0
3,edge_34140_275832,3,0,0,-1,0.0,0.024,0,0,0,0.0,0
3,edge_87449_275832,3,0,0,-1,0.3333333333333333,0.024,0,0,0,0.0,0
3,edge_196467_219588,3,0,0,-1,0.3333333333333333,0.024,0,0,0,0.0,0
3,edge_196467_239798,3,0,0,-1,0.0,0.024,0,0,0,0.0,0
3,edge_241188_331262,3,0,0,-1,0.0,0.024,0,0,0,0.0,0
3,edge_15821_364214,3,0,0,-1,0.0,0.024,0,2,2,0.0,1
3,edge_33434_34140,3,0,0,-1,0.0,0.024,1,1,2,0.5,0
3,5215,3,2,3,5,0.3333333333333333,0.024,0,0,0,0.0,0
3,edge_71407_157053,3,0,0,-1,0.0,0.024,0,0,0,0.0,0
3,edge_177459_351296,3,0,0,-1,0.0,0.024,0,0,0,0.0,0
3,edge_66305_177459,3,0,0,-1,0.3333333333333333,0.024,0,0,0,0.0,0
3,edge_64039_147319,3,0,0,-1,0.0,0.024,0,0,0,0.0,0
3,edge_9336_33392,3,0,0,-1,0.0,0.024,0,0,0,0.0,0
3,edge_322526_397661,3,0,0,-1,0.3333333333333333,0.024,0,0,0,0.0,0
3,edge_4912_44463,3,0,0,-1,0.0,0.024,0,0,0,0.0,0
3,edge_44544_68391,3,0,0,-1,0.0,0.024,0,0,0,0.0,0
3,edge_15821_137754,3,0,0,-1,0.0,0.024,1,1,2,0.5,0
3,edge_15821_43130,3,0,0,-1,0.0,0.024,0,0,0,0.0,0
3,edge_6754_10816,3,0,0,-1,0.0,0.024,0,0,0,0.0,0
3,edge_10816_58748,3,0,0,-1,0.0,0.024,0,2,2,0.0,1
3,edge_267281_267282,3,0,0,-1,0.0,0.024,0,0,0,0.0,0
3,edge_151107_182561,3,0,0,-1,0.3333333333333333,0.024,0,0,0,0.0,0
3,edge_48481_74825,3,0,0,-1,0.0,0.024,0,0,0,0.0,0
3,edge_21481_56562,3,0,0,-1,0.0,0.024,0,0,0,0.0,0
3,edge_21272_56562,3,0,0,-1,0.0,0.024,0,0,0,0.0,0
3,edge_103813_138066,3,0,0,-1,0.0,0.024,0,0,0,0.0,0
3,edge_299343_377608,3,0,0,-1,0.0,0.024,0,0,0,0.0,0
3,edge_183203_299343,3,0,0,-1,0.3333333333333333,0.024,0,0,0,0.0,0
3,edge_299343_425512,3,0,0,-1,0.3333333333333333,0.024,0,0,0,0.0,0
3,edge_185078_366324,3,0,0,-1,0.3333333333333333,0.024,0,0,0,0.0,0
3,edge_299343_412681,3,0,0,-1,0.3333333333333333,0.024,0,0,0,0.0,0
3,edge_152733_292278,3,0,0,-1,0.0,0.024,0,0,0,0.0,0
3,edge_147841_152733,3,0,0,-1,0.3333333333333333,0.024,0,0,0,0.0,0
3,edge_14514_82809,3,0,0,-1,0.3333333333333333,0.024,0,0,0,0.0,0
3,edge_47049_262529,3,0,0,-1,0.0,0.024,0,0,0,0.0,0
3,edge_8881_71407,3,0,0,-1,0.0,0.024,0,1,1,0.0,1
3,edge_37851_71407,3,0,0,-1,0.3333333333333333,0.024,0,0,0,0.0,0
3,edge_71407_85955,3,0,0,-1,0.0,0.024,0,0,0,0.0,0
3,edge_309177_315218,3,0,0,-1,0.0,0.024,0,0,0,0.0,0
3,edge_325593_331038,3,0,0,-1,0.3333333333333333,0.024,0,0,0,0.0,0
3,edge_15821_292184,3,0,0,-1,0.0,0.024,0,0,0,0.0,0
3,edge_42699_292184,3,0,0,-1,0.0,0.024,0,0,0,0.0,0
3,edge_95540_125936,3,0,0,-1,0.0,0.024,0,0,0,0.0,0
3,edge_125936_159141,3,0,0,-1,0.3333333333333333,0.024,0,0,0,0.0,0
3,edge_20699_21946,3,0,0,-1,0.0,0.024,1,1,2,0.5,0
3,23345,3,3,5,2,0.0,0.024,0,0,0,0.0,0
3,edge_1869_3047,3,0,0,-1,0.0,0.024,1,1,2,0.5,0
3,edge_5551_12074,3,0,0,-1,0.0,0.024,0,0,0,0.0,0
3,edge_51490_250622,3,0,0,-1,0.0,0.024,0,0,0,0.0,0
3,edge_21078_36459,3,0,0,-1,0.0,0.024,0,0,0,0.0,0
3,edge_25735_41710,3,0,0,-1,0.0,0.024,0,0,0,0.0,0
3,edge_287752_287753,3,0,0,-1,0.0,0.024,0,0,0,0.0,0
3,edge_21946_22955,3,0,0,-1,0.0,0.024,1,2,3,0.3333333333333333,0
3,edge_6980_24260,3,0,0,-1,0.3333333333333333,0.024,0,0,0,0.0,0
3,127175,3,6,1,6,0.0,0.024,0,0,0,0.0,0
3,edge_56138_97729,3,0,0,-1,0.0,0.024,0,0,0,0.0,0
3,edge_97729_231163,3,0,0,-1,0.3333333333333333,0.024,0,0,0,0.0,0
3,edge_51226_97729,3,0,0,-1,0.3333333333333333,0.024,0,0,0,0.0,0
3,edge_41345_53378,3,0,0,-1,0.3333333333333333,0.024,0,0,0,0.0,0
3,edge_52424_71407,3,0,0,-1,0.3333333333333333,0.024,0,1,1,0.0,1
3,edge_40490_110993,3,0,0,-1,0.3333333333333333,0.024,0,0,0,0.0,0
3,77931,3,2,3,4,0.3333333333333333,0.024,0,0,0,0.0,0
3,edge_52099_59273,3,0,0,-1,0.0,0.024,0,1,1,0.0,1
3,edge_22531_52099,3,0,0,-1,0.0,0.024,0,0,0,0.0,0
3,edge_22531_92733,3,0,0,-1,0.0,0.024,0,0,0,0.0,0
3,edge_15821_343327,3,0,0,-1,0.0,0.024,0,1,1,0.0,1
3,edge_5827_17492,3,0,0,-1,0.0,0.024,0,0,0,0.0,0
3,edge_33969_157889,3,0,0,-1,0.0,0.024,0,1,1,0.0,1
3,edge_64303_85955,3,0,0,-1,0.0,0.024,0,0,0,0.0,0
3,edge_85955_126452,3,0,0,-1,0.3333333333333333,0.024,0,0,0,0.0,0
3,edge_77067_80242,3,0,0,-1,0.0,0.024,0,0,0,0.0,0
3,edge_77067_78832,3,0,0,-1,0.3333333333333333,0.024,0,0,0,0.0,0
3,edge_80242_201580,3,0,0,-1,0.0,0.024,0,0,0,0.0,0
3,edge_110411_201580,3,0,0,-1,0.0,0.024,0,0,0,0.0,0
3,110411,3,3,3,3,0.0,0.024,0,0,0,0.0,0
3,edge_71365_80242,3,0,0,-1,0.0,0.024,0,0,0,0.0,0
3,edge_242733_358783,3,0,0,-1,0.0,0.024,0,0,0,0.0,0
3,edge_71365_81658,3,0,0,-1,0.0,0.024,0,0,0,0.0,0
3,edge_15820_93220,3,0,0,-1,0.0,0.024,0,0,0,0.0,0
3,edge_93220_106524,3,0,0,-1,0.0,0.024,0,0,0,0.0,0
3,edge_106524_182955,3,0,0,-1,0.0,0.024,0,0,0,0.0,0
3,edge_93220_104347,3,0,0,-1,0.0,0.024,0,0,0,0.0,0
3,edge_45311_274423,3,0,0,-1,0.0,0.024,0,0,0,0.0,0
3,edge_17599_52099,3,0,0,-1,0.0,0.024,1,1,2,0.5,0
3,edge_14815_266144,3,0,0,-1,0.3333333333333333,0.024,0,0,0,0.0,0
3,edge_50828_266649,3,0,0,-1,0.3333333333333333,0.024,0,0,0,0.0,0
3,edge_50828_185211,3,0,0,-1,0.0,0.024,0,0,0,0.0,0
3,edge_10516_185211,3,0,0,-1,0.3333333333333333,0.024,0,0,0,0.0,0
3,edge_59813_81423,3,0,0,-1,0.0,0.024,0,0,0,0.0,0
3,edge_288478_392300,3,0,0,-1,0.0,0.024,0,0,0,0.0,0
3,edge_7538_176327,3,0,0,-1,0.3333333333333333,0.024,0,0,0,0.0,0
3,edge_257192_257195,3,0,0,-1,0.3333333333333333,0.024,0,0,0,0.0,0
3,edge_18717_104775,3,0,0,-1,0.0,0.024,0,0,0,0.0,0
3,edge_18717_75316,3,0,0,-1,0.3333333333333333,0.024,0,0,0,0.0,0
3,edge_26258_35096,3,0,0,-1,0.3333333333333333,0.024,0,0,0,0.0,0
3,edge_90941_149868,3,0,0,-1,0.0,0.024,0,0,0,0.0,0
3,edge_15432_57651,3,0,0,-1,0.3333333333333333,0.024,0,0,0,0.0,0
3,edge_29121_67304,3,0,0,-1,0.3333333333333333,0.024,0,0,0,0.0,0
3,edge_242413_359719,3,0,0,-1,0.3333333333333333,0.024,0,0,0,0.0,0
3,edge_135336_372050,3,0,0,-1,0.0,0.024,0,0,0,0.0,0
3,edge_20388_74825,3,0,0,-1,0.3333333333333333,0.024,0,0,0,0.0,0
3,edge_27286_74018,3,0,0,-1,0.3333333333333333,0.024,0,0,0,0.0,0
3,edge_18568_71407,3,0,0,-1,0.0,0.024,0,0,0,0.0,0
3,edge_54246_93778,3,0,0,-1,0.0,0.024,2,1,3,0.6666666666666666,0
3,edge_28641_135868,3,0,0,-1,0.3333333333333333,0.024,0,0,0,0.0,0
3,edge_38801_133429,3,0,0,-1,0.0,0.024,0,0,0,0.0,0
3,edge_38801_112684,3,0,0,-1,0.0,0.024,0,0,0,0.0,0
3,edge_38801_299977,3,0,0,-1,0.0,0.024,0,0,0,0.0,0
3,edge_261496_376587,3,0,0,-1,0.3333333333333333,0.024,0,0,0,0.0,0
3,edge_78813_170458,3,0,0,-1,0.0,0.024,0,0,0,0.0,0
3,edge_63847_170456,3,0,0,-1,0.3333333333333333,0.024,0,0,0,0.0,0
3,edge_22955_48404,3,0,0,-1,0.3333333333333333,0.024,0,0,0,0.0,0
3,edge_23644_323033,3,0,0,-1,0.0,0.024,0,0,0,0.0,0
3,edge_148086_157543,3,0,0,-1,0.3333333333333333,0.024,0,0,0,0.0,0
3,edge_11635_17176,3,0,0,-1,0.0,0.024,0,0,0,0.0,0
3,edge_17176_21375,3,0,0,-1,0.0,0.024,0,0,0,0.0,0
3,edge_116118_234107,3,0,0,-1,0.3333333333333333,0.024,0,0,0,0.0,0
3,edge_27513_282882,3,0,0,-1,0.3333333333333333,0.024,0,0,0,0.0,0
3,28971,3,2,3,6,0.3333333333333333,0.024,0,0,0,0.0,0
3,edge_307630_388306,3,0,0,-1,0.3333333333333333,0.024,0,0,0,0.0,0
3,edge_71156_241188,3,0,0,-1,0.3333333333333333,0.024,0,0,0,0.0,0
3,edge_30188_72115,3,0,0,-1,0.0,0.024,0,0,0,0.0,0
3,edge_79614_79615,3,0,0,-1,0.3333333333333333,0.024,0,0,0,0.0,0
3,edge_59273_98215,3,0,0,-1,0.0,0.024,0,0,0,0.0,0
3,edge_20093_27286,3,0,0,-1,0.3333333333333333,0.024,0,1,1,0.0,1
3,126715,3,1,1,4,0.6666666666666666,0.024,0,1,1,0.0,1
3,edge_26428_153535,3,0,0,-1,0.3333333333333333,0.024,0,0,0,0.0,0
3,edge_29121_59273,3,0,0,-1,0.3333333333333333,0.024,1,2,3,0.3333333333333333,0
3,edge_20093_59273,3,0,0,-1,0.0,0.024,0,1,1,0.0,1
3,edge_17599_357425,3,0,0,-1,0.0,0.024,0,0,0,0.0,0
3,edge_4392_164655,3,0,0,-1,0.0,0.024,0,0,0,0.0,0
3,edge_9567_21955,3,0,0,-1,0.0,0.024,0,0,0,0.0,0
3,edge_44943_83495,3,0,0,-1,0.0,0.024,0,0,0,0.0,0
3,edge_44943_79190,3,0,0,-1,0.0,0.024,0,0,0,0.0,0
3,edge_22531_87026,3,0,0,-1,0.0,0.024,0,0,0,0.0,0
3,edge_5896_58165,3,0,0,-1,0.0,0.024,0,1,1,0.0,1
3,349705,3,4,4,5,0.0,0.024,0,0,0,0.0,0
3,edge_179970_349705,3,0,0,-1,0.0,0.024,0,0,0,0.0,0
3,edge_44580_57056,3,0,0,-1,0.3333333333333333,0.024,0,0,0,0.0,0
3,edge_44580_56930,3,0,0,-1,0.3333333333333333,0.024,0,0,0,0.0,0
3,edge_44580_158796,3,0,0,-1,0.0,0.024,0,0,0,0.0,0
3,edge_27286_76299,3,0,0,-1,0.3333333333333333,0.024,0,0,0,0.0,0
3,edge_24096_24459,3,0,0,-1,0.0,0.024,0,0,0,0.0,0
3,edge_3979_24096,3,0,0,-1,0.0,0.024,0,0,0,0.0,0
3,edge_20810_28921,3,0,0,-1,0.0,0.024,0,0,0,0.0,0
3,edge_28921_37693,3,0,0,-1,0.3333333333333333,0.024,0,0,0,0.0,0
3,edge_112713_240069,3,0,0,-1,0.3333333333333333,0.024,0,0,0,0.0,0
3,edge_331201_352060,3,0,0,-1,0.0,0.024,0,0,0,0.0,0
3,edge_93668_135689,3,0,0,-1,0.3333333333333333,0.024,0,0,0,0.0,0
3,edge_109413_135689,3,0,0,-1,0.3333333333333333,0.024,0,0,0,0.0,0
3,edge_70062_73303,3,0,0,-1,0.0,0.024,0,0,0,0.0,0
3,edge_68735_106934,3,0,0,-1,0.0,0.024,0,0,0,0.0,0
3,edge_39126_68735,3,0,0,-1,0.3333333333333333,0.024,0,0,0,0.0,0
3,edge_37998_184506,3,0,0,-1,0.3333333333333333,0.024,0,0,0,0.0,0
3,edge_80570_336323,3,0,0,-1,0.0,0.024,0,0,0,0.0,0
3,edge_15821_45180,3,0,0,-1,0.3333333333333333,0.024,0,1,1,0.0,1
3,269037,3,3,4,3,0.0,0.024,0,1,1,0.0,1
3,edge_364220_364221,3,0,0,-1,0.0,0.024,0,0,0,0.0,0
3,315769,3,4,4,6,0.0,0.024,0,0,0,0.0,0
3,169207,3,1,1,8,0.6666666666666666,0.024,0,0,0,0.0,0
3,edge_97752_392060,3,0,0,-1,0.0,0.024,0,0,0,0.0,0
3,edge_24907_343065,3,0,0,-1,0.0,0.024,0,0,0,0.0,0
3,edge_24907_120000,3,0,0,-1,0.0,0.024,0,0,0,0.0,0
3,edge_119999_120000,3,0,0,-1,0.0,0.024,0,0,0,0.0,0
3,edge_54232_320934,3,0,0,-1,0.3333333333333333,0.024,0,0,0,0.0,0
3,324429,3,3,1,17,0.0,0.024,0,0,0,0.0,0
3,edge_212722_230405,3,0,0,-1,0.3333333333333333,0.024,0,0,0,0.0,0
3,edge_180842_261346,3,0,0,-1,0.0,0.024,0,0,0,0.0,0
3,edge_22768_57348,3,0,0,-1,0.0,0.024,0,0,0,0.0,0
3,edge_26480_135508,3,0,0,-1,0.0,0.024,0,0,0,0.0,0
3,20365,3,6,3,4,0.0,0.024,0,0,0,0.0,0
3,edge_11912_38069,3,0,0,-1,0.0,0.024,0,0,0,0.0,0
3,edge_38069_279201,3,0,0,-1,0.0,0.024,0,0,0,0.0,0
3,edge_339431_377148,3,0,0,-1,0.3333333333333333,0.024,0,0,0,0.0,0
3,edge_202628_276563,3,0,0,-1,0.0,0.024,0,0,0,0.0,0
3,edge_146324_276563,3,0,0,-1,0.0,0.024,0,0,0,0.0,0
3,edge_7535_96228,3,0,0,-1,0.0,0.024,0,0,0,0.0,0
3,edge_7535_38120,3,0,0,-1,0.0,0.024,0,0,0,0.0,0
3,edge_38120_40873,3,0,0,-1,0.3333333333333333,0.024,0,0,0,0.0,0
3,edge_161525_232136,3,0,0,-1,0.0,0.024,0,0,0,0.0,0
3,edge_161525_173132,3,0,0,-1,0.3333333333333333,0.024,0,0,0,0.0,0
3,edge_298049_298050,3,0,0,-1,0.0,0.024,0,0,0,0.0,0
3,edge_39246_313995,3,0,0,-1,0.0,0.024,0,0,0,0.0,0
3,54677,3,3,4,14,0.0,0.024,0,0,0,0.0,0
3,edge_69252_200328,3,0,0,-1,0.3333333333333333,0.024,0,0,0,0.0,0
3,edge_11983_69252,3,0,0,-1,0.0,0.024,0,0,0,0.0,0
3,edge_56593_105971,3,0,0,-1,0.0,0.024,0,0,0,0.0,0
3,edge_37204_56593,3,0,0,-1,0.0,0.024,0,0,0,0.0,0
3,edge_96228_122355,3,0,0,-1,0.0,0.024,0,0,0,0.0,0
3,edge_21074_109136,3,0,0,-1,0.0,0.024,0,0,0,0.0,0
3,edge_120234_217381,3,0,0,-1,0.3333333333333333,0.024,0,0,0,0.0,0
3,edge_217381_313152,3,0,0,-1,0.0,0.024,0,0,0,0.0,0
